date,emaxis-sp_start_100,rakuten-vti_start_100
2023-09-11,100.0,100.0
2023-09-12,100.50526676372355,100.45723394437687
2023-09-13,100.34255373811767,100.37333780779396
2023-09-14,100.36396334675001,100.28944167121104
2023-09-15,101.54577374325598,101.45140316288435
2023-09-19,100.46244754645886,100.33977935316078
2023-09-20,100.31686220775885,100.15940265950753
2023-09-21,99.77734007022352,99.6686102604975
2023-09-22,97.64066112871457,97.46214186836696
2023-09-25,97.96180525819989,97.7977264146986
2023-09-26,98.65975849961463,98.48567473467847
2023-09-27,97.29382546887044,97.15172616301018
2023-09-28,97.68776226770575,97.62154452787449
2023-09-29,98.22728440524108,98.21720709761316
2023-10-02,98.10310867517342,98.07038885859306
2023-10-03,98.1930290314293,98.02424598347245
2023-10-04,96.45456881048214,96.20789462645246
2023-10-05,96.9598355742057,96.627375309367
2023-10-06,96.77143101824099,96.4973362976635
2023-10-10,98.44566241329107,98.1668694156634
2023-10-11,98.99803031600582,98.80867486052267
2023-10-12,99.82872313094117,99.59729854440204
2023-10-13,99.66601010533527,99.24493477075382
2023-10-16,98.9423653335617,98.4605058937036
2023-10-17,99.98287231309412,99.59729854440204
2023-10-18,100.14986726042648,99.89512982927137
2023-10-19,98.82247152522052,98.43953185955787
2023-10-20,98.04316177100283,97.56281723226645
2023-10-23,96.76714909651452,96.30856999035194
2023-10-24,96.52307955810568,95.96459583036201
2023-10-25,97.37518198167338,96.83711565082427
2023-10-26,96.16339813308213,95.58286840890977
2023-10-27,95.08863577973796,94.64742648601032
2023-10-30,94.30932602552026,93.8168547338395
2023-10-31,95.22137535325854,94.67679013381434
2023-11-01,97.10113899117924,96.53089475229666
2023-11-02,97.57215038109103,96.95037543521121
2023-11-06,99.73023893123234,99.36658416879902
2023-11-07,100.19696839941766,99.68958429464323
2023-11-08,100.86066626702063,100.36075338730652
2023-11-09,101.24175730067655,100.62083141071354
2023-11-10,100.67226171105592,99.9916103863417
2023-11-13,102.44497730581486,101.66533831117077
2023-11-14,102.40644001027661,101.64436427702503
2023-11-15,103.60966001541492,103.14191031502999
2023-11-16,104.26479403956496,103.85922228281387
2023-11-17,104.01216065770318,103.39359872477874
2023-11-20,103.58396848505609,103.09576743990941
2023-11-21,103.12580286032372,102.65531272284912
2023-11-22,103.04016442579429,102.49171525651244
2023-11-24,104.35043247409436,103.81307940769327
2023-11-27,104.33758670891496,103.84663786232645
2023-11-28,103.18146784276783,102.7643777004069
2023-11-29,102.44069538408837,101.99672805067325
2023-11-30,102.44925922754132,102.12676706237677
2023-12-01,103.42981930290314,103.10835186039682
2023-12-04,103.00162713025607,102.94055958723101
2023-12-05,102.97165367817075,103.09157263308025
2023-12-06,102.9973452085296,102.96992323503503
2023-12-07,102.53489766207073,102.4707412223667
2023-12-08,100.61231480688532,100.55790930827635
2023-12-11,102.54346150552367,102.54205293846219
2023-12-12,103.28423396420314,103.30131297453752
2023-12-13,103.58396848505609,103.51524812282393
2023-12-14,102.73614798321486,102.86924787113554
2023-12-15,103.03588250406783,103.47749486136163
2023-12-18,102.80894065256487,103.12093628088425
2023-12-19,103.63535154577374,103.92214438525107
2023-12-20,105.2282264280209,105.65879441251731
2023-12-21,103.29707972938256,103.68723520281891
2023-12-22,103.53258542433845,103.95570283988422
2023-12-25,103.61394193714139,104.10671588573346
2023-12-26,103.65247923267961,104.14446914719578
2023-12-27,104.47032628243555,105.03796300180377
2023-12-28,103.93080414490024,104.53878098913545
2023-12-29,103.96934144043848,104.47585888669826
2024-01-04,103.42553738117668,103.54880657745711
2024-01-05,104.23053866575319,104.42132639791937
2024-01-09,105.12974222831207,105.31062544569822
2024-01-10,105.50226941851504,105.62943076471329
2024-01-11,106.80825554508864,106.87528839296951
2024-01-12,106.49567525905626,106.56487268761275
2024-01-15,106.46998372869744,106.47258693737155
2024-01-16,107.01378778795925,107.00952221150214
2024-01-17,107.73315063800635,107.62615881538655
2024-01-18,107.72886871627986,107.57162632660766
2024-01-19,108.62807227883874,108.4693149880448
2024-01-22,109.98115954440352,109.79487394605478
2024-01-23,110.18240986554765,110.23532866311507
2024-01-24,110.52068168193885,110.44926381140148
2024-01-25,110.38366018669178,110.2017702084819
2024-01-26,110.8503896548771,110.69256260749192
2024-01-29,111.18866147126832,111.00717311967784
2024-01-30,111.37278410550655,111.35953689332607
2024-01-31,111.44129485313007,111.3343680523512
2024-02-01,109.12905712083582,108.94332815973824
2024-02-02,110.2209471610859,110.1388481060447
2024-02-05,113.13265393508607,112.79416082889382
2024-02-06,112.71730752761839,112.20269306598432
2024-02-07,112.37475378950073,111.97617349721045
2024-02-08,113.5094630470155,113.0668232727883
2024-02-09,114.6398903828038,114.39657703762742
2024-02-13,115.09377408580971,115.09291497126557
2024-02-14,114.51143273100968,114.2287847644616
2024-02-15,115.47914704119209,115.34040857418515
2024-02-16,116.00154149182154,116.04933092831075
2024-02-19,115.27789672004796,115.26490205126055
2024-02-20,115.54765778881561,115.5291748814967
2024-02-21,114.69127344352145,114.6356810268887
2024-02-22,115.13659330307442,114.95868115273291
2024-02-26,117.46595872227456,117.16095473803432
2024-02-27,117.26042647940396,117.03511053315995
2024-02-28,117.33750107048041,117.23646126095892
2024-02-29,117.28611800976279,117.1693443516926
2024-03-01,117.6372355913334,117.38747430680819
2024-03-04,118.40369958037166,118.28516296824532
2024-03-05,118.53643915389227,118.43198120726541
2024-03-06,117.04633039308041,116.88829229413986
2024-03-07,116.84508007193628,116.77922731658208
2024-03-08,117.14481459278925,117.00155207852679
2024-03-11,115.56906739744797,115.50820084735098
2024-03-12,115.45773743255974,115.34460338101431
2024-03-13,117.29468185321572,117.02252611267252
2024-03-14,117.19619765350689,116.99316246486848
2024-03-15,117.6072621392481,117.25743529510466
2024-03-18,117.41885758328338,117.1315910902303
2024-03-19,118.12965658987753,117.69369520533579
2024-03-21,121.07990065941594,120.77268341792859
2024-03-22,122.11612571722188,121.90947606862703
2024-03-25,121.82067311809539,121.3977096354713
2024-03-26,121.3667894150895,121.04534586182308
2024-03-27,121.22120407638948,121.0201770208482
2024-03-28,122.24030144728954,122.0437098871597
2024-03-29,122.28740258628072,122.03112546667225
2024-04-01,122.3045302731866,122.04790469398885
2024-04-02,122.3216579600925,122.2198917739838
2024-04-03,121.31540635437183,120.9656445320693
2024-04-04,121.56803973623363,121.26347581693864
2024-04-05,119.48702577716878,119.22060489114476
2024-04-08,121.46099169307185,121.06212508913966
2024-04-09,121.56375781450714,121.34737195352155
2024-04-10,121.62370471867774,121.38932002181299
2024-04-11,121.41817247580715,120.97822895255675
2024-04-12,122.38588678598956,121.86333319350643
2024-04-15,120.91290571208357,120.39515080330551
2024-04-16,120.20210670548943,119.66105960820504
2024-04-17,120.24492592275413,119.58555308528042
2024-04-18,119.29433929947761,118.6333319350644
2024-04-19,119.26864776911879,118.6165527077478
2024-04-22,118.25383231994519,117.71466923948152
2024-04-23,119.32859467328937,118.90599437895885
2024-04-24,120.7630384516571,120.3280338940392
2024-04-25,121.31112443264539,120.87755358865724
2024-04-26,120.93431532071594,120.48324174671757
2024-04-30,123.45636721760727,122.97495700323
2024-05-01,122.34734949045132,121.77524225009438
2024-05-02,120.51468699152178,120.05956625697387
2024-05-07,122.80979703691017,122.44221653592852
2024-05-08,123.65333561702492,123.22245060614958
2024-05-09,124.20998544146613,123.69226897101389
2024-05-10,124.90365676115441,124.45991862074752
2024-05-13,125.34897662070736,124.79969797390831
2024-05-14,125.62730153292799,125.1688409748731
2024-05-15,126.38520167851333,125.91551659046101
2024-05-16,125.77288687162797,125.35341247535553
2024-05-17,126.86905883360453,126.34758169386299
2024-05-20,127.29296908452514,126.79642602458156
2024-05-21,127.89243812623106,127.39628340114936
2024-05-22,128.08084268219577,127.53051721968203
2024-05-23,128.21786417744283,127.57246528797349
2024-05-24,127.46852787531044,126.68316624019465
2024-05-27,128.12366189946047,127.36272494651621
2024-05-28,128.17932688190461,127.41725743529511
2024-05-29,128.5903913676458,127.79059524308907
2024-05-30,127.81964545688105,126.91807542262679
2024-05-31,126.3595101481545,125.59251646461679
2024-06-03,127.74257086580458,126.91388061579765
2024-06-04,127.31866061488395,126.38114014849616
2024-06-05,126.56504239102509,125.42472419145099
2024-06-06,128.46621563757813,127.35014052602878
2024-06-07,128.46621563757813,127.26204958261671
2024-06-10,129.33116382632525,128.00033558454632
2024-06-11,129.9391967114841,128.69247871135534
2024-06-12,130.18754817161943,128.8099333025714
2024-06-13,131.0310867517342,129.75795964595832
2024-06-14,131.6905026976107,130.16905071521455
2024-06-17,131.85321572321658,130.24875204496834
2024-06-18,133.0521538066284,131.41490834347078
2024-06-19,133.57883017898433,131.9308695834557
2024-06-20,133.7458251263167,132.0986618566215
2024-06-21,134.20399075104908,132.5517009941692
2024-06-24,134.65787445405496,132.9921557112295
2024-06-25,133.9813308212726,132.50136331221947
2024-06-26,134.69212982786672,133.12219472293302
2024-06-27,135.74976449430505,133.9527664751038
2024-06-28,136.11800976278155,134.51067578338018
2024-07-01,135.70694527704032,134.13733797558623
2024-07-02,136.47769118780508,134.80850706824953
2024-07-03,137.24415517684335,135.50484500188767
2024-07-04,137.82649653164341,135.94529971894792
2024-07-05,137.57386314978163,135.68941650237008
2024-07-08,137.99777340070221,136.05855950333486
2024-07-09,138.2932259998287,136.39414404966652
2024-07-10,138.914104650167,136.86815722135998
2024-07-11,140.50269761068768,138.34892403204833
2024-07-12,137.0214952470669,135.49226058140022
2024-07-16,137.60383660186693,136.39833885649566
2024-07-17,138.5758328337758,137.6106380301187
2024-07-18,134.32388455939025,133.3612987121943
2024-07-19,134.6707202192344,133.58362347413902
2024-07-22,133.75438896976962,132.78661017660136
2024-07-23,134.51657103708143,133.4913377238978
2024-07-24,133.55742057035198,132.6523763580687
2024-07-25,128.36773143786934,127.57666009480263
2024-07-26,128.34632182923696,127.72347833382274
2024-07-29,129.45962147811937,128.93577750744578
2024-07-30,129.83643059004882,129.21682956499853
2024-07-31,127.81964545688105,127.30399765090819
2024-08-01,127.44283634495162,126.8006208314107
2024-08-02,125.61873768947504,124.73677587147111
2024-08-05,119.97516485398647,118.91438399261713
2024-08-06,116.00154149182154,115.03418767565753
2024-08-07,118.86186520510404,117.85309786484332
2024-08-08,117.2689903228569,116.28004530391377
2024-08-09,121.16982101567184,120.19380007550653
2024-08-13,121.50809283206303,120.36998196233064
2024-08-14,123.36644686135136,122.19052812617979
2024-08-15,124.06868202449259,122.76102185494358
2024-08-16,127.59270360537809,126.36016611435043
2024-08-19,126.8305215380663,125.64285414656655
2024-08-20,126.79198424252805,125.55895800998364
2024-08-21,125.81142416716622,124.52703553001385
2024-08-22,126.17966943564272,124.98846428121986
2024-08-23,125.79429648026034,124.66546415537564
2024-08-26,124.88224715252205,123.89781450564202
2024-08-27,125.61873768947504,124.70321741683796
2024-08-28,125.3147212468956,124.30890557489826
2024-08-29,124.79232679626617,123.77197030076765
2024-08-30,125.02355056949558,124.12433407441587
2024-09-02,127.55416630983987,126.56571164897856
2024-09-03,128.35916759441636,127.36272494651621
2024-09-04,124.15432045902202,123.13016485590838
2024-09-05,122.58713710713369,121.49838499937078
2024-09-06,121.75644429219834,120.65942363354168
2024-09-09,119.28577545602465,118.27257854775787
2024-09-10,121.31112443264539,120.16024162087335
2024-09-11,120.65599040849533,119.44712445991863
2024-09-12,122.5700094202278,121.25928101010948
2024-09-13,122.36019525563073,121.14182641889342
2024-09-17,122.54003596814252,121.55711229497881
2024-09-18,123.31506380063372,122.41285288812452
2024-09-19,124.71097028346321,123.84747682369226
2024-09-20,126.05977562730153,125.17303578170225
2024-09-24,127.03605378093687,126.07911405679768
2024-09-25,126.9889526419457,126.03716598850623
2024-09-26,127.88387428277812,126.74608834263181
2024-09-27,129.22839770488997,128.11779017576242
2024-09-30,126.58217007793098,125.48764629388816
2024-10-01,128.34632182923696,127.19073786652125
2024-10-02,127.00179840712511,125.88195813582786
2024-10-03,129.84499443350174,128.70086832501363
2024-10-04,129.2797807656076,128.0800369143001
2024-10-07,132.02021067054895,130.85699903519443
2024-10-08,130.24749507579,129.16229707621966
2024-10-09,131.82324227113128,130.56336255715425
2024-10-10,133.80149010876082,132.50136331221947
2024-10-11,132.83805772030487,131.52397332102856
2024-10-15,135.62130684251093,134.51906539703847
2024-10-16,134.25537381176673,133.25642854146565
2024-10-17,135.19739659159032,134.246402953144
2024-10-18,135.62130684251093,134.65749402240027
2024-10-21,135.53138648625503,134.55262385167163
2024-10-22,136.47340926607862,135.3076890809178
2024-10-23,136.9786760298022,135.7187801501741
2024-10-24,136.99580371670805,135.74814379797812
2024-10-25,136.7260426479404,135.55098787700825
2024-10-28,137.83934229682282,136.57032593649063
2024-10-29,137.74085809711397,136.6584168799027
2024-10-30,138.30178984328168,137.17857292671673
2024-10-31,138.14335873940223,137.13243005159612
2024-11-01,134.17829922069023,133.18092201854103
2024-11-05,134.69212982786672,133.8395066907169
2024-11-06,136.7260426479404,135.91174126431477
2024-11-07,141.82152950244068,141.33562649439992
2024-11-08,141.49182152950243,140.9455094592894
2024-11-11,142.05275327567014,141.6082889382944
2024-11-12,142.83634495161428,142.6402114182642
2024-11-13,143.48291513231138,143.13519862410337
2024-11-14,144.26222488652905,143.80636771676666
2024-11-15,144.39068253832318,143.72666638701287
2024-11-18,140.23721846364649,139.6451193422543
2024-11-19,140.9223259398818,140.328872855405
2024-11-20,141.87291256315834,141.36499014220396
2024-11-21,142.08272672775541,141.6460421997567
2024-11-22,142.29682281407895,142.07391249632954
2024-11-25,142.5408923524878,142.5227568270481
2024-11-26,142.9648026034084,143.20651034019883
2024-11-27,142.51948274385543,142.4682243382692
2024-11-28,140.9565813136936,141.02521078904314
2024-11-29,139.9974308469641,140.068794831998
2024-12-02,140.3100111329965,140.36243131003818
2024-12-03,140.42134109788472,140.38760015101303
2024-12-04,140.35711227198766,140.2533663324804
2024-12-05,141.74445491136422,141.72574352951045
2024-12-06,141.18352316519653,141.03360040270147
2024-12-09,141.34623619080241,141.22656151684214
2024-12-10,142.08272672775541,141.90612022316373
2024-12-11,141.96283291941424,141.6754058475607
2024-12-12,143.6285004710114,143.3239649314149
2024-12-13,143.43581399332018,143.08486094215363
2024-12-16,144.2879164168879,143.85251059188724
2024-12-17,145.1828380577203,144.7627836738118
2024-12-18,144.125203391282,143.55467930701792
2024-12-19,140.96514515714654,140.1988338437015
2024-12-20,143.5813993320202,142.71991274801798
2024-12-23,144.01815534812025,143.21909476068626
2024-12-24,145.74805172561446,144.6579135030832
2024-12-25,147.28954354714398,146.13029070011325
2024-12-26,147.33664468613514,146.17643357523386
2024-12-27,147.9874967885587,146.94827803179663
2024-12-30,146.36464845422626,145.35844624355047
2025-01-06,145.27704033570265,144.43558874113847
2025-01-07,146.55305301019098,145.69822559671127
2025-01-08,144.81031086751733,143.95318595578675
2025-01-09,145.3455510833262,144.393640672847
2025-01-10,145.11432731009677,144.1713159109023
2025-01-14,142.5708658045731,141.683795461219
2025-01-15,143.2003082983643,142.45983472461091
2025-01-16,144.33929947760555,143.58823776165107
2025-01-17,142.9219833861437,142.36754897436975
2025-01-20,145.12289115354972,144.45236796845504
2025-01-21,145.1400188404556,144.4649523889425
2025-01-22,145.89791898604093,145.38361508452536
2025-01-23,147.69204418943224,146.98603129325895
2025-01-24,148.31720476149698,147.5984730903142
2025-01-27,147.21675087779397,146.47845966693234
2025-01-28,144.63475207673204,144.00352363773646
2025-01-29,146.48454226256743,145.75275808549014
2025-01-30,144.93876851931148,144.2719912748018
2025-01-31,145.3926522223174,144.86345903771132
2025-02-03,145.86366361222917,145.2661604933093
2025-02-04,144.42921983386142,143.86928981920383
2025-02-05,144.2750706517085,143.71827677335457
2025-02-06,143.47006936713197,143.01354922605813
2025-02-07,142.7592703605378,142.13683459876674
2025-02-10,142.0270617453113,141.47824992659088
2025-02-12,144.27078872998203,143.52951046604304
2025-02-13,145.06294424937911,144.22165359285205
2025-02-14,144.9644600496703,144.12097822895257
2025-02-17,144.125203391282,143.25265321531944
2025-02-18,143.89826153977904,143.02613364654556
2025-02-19,144.716108589535,143.873484626033
2025-02-20,144.0952299391967,143.1226142036159
2025-02-21,142.28397704889954,141.1594446075758
2025-02-25,139.50929177014643,138.18532656571165
2025-02-26,137.6509377408581,136.29766349259614
2025-02-27,137.96779994861694,136.6332480389278
2025-02-28,136.16939282349918,134.909182432149
2025-03-03,139.16245611030232,137.79940433743025
2025-03-04,135.54851417316092,134.1625068165611
2025-03-05,134.44377836773145,133.0299089726918
2025-03-06,135.38151922582855,133.98632492973698
2025-03-07,131.9217264708401,130.45429757959647
2025-03-10,132.0416202791813,130.46268719325477
2025-03-11,127.89243812623106,126.30563362557155
2025-03-12,128.13650766463988,126.61604933092832
2025-03-13,128.96720047957524,127.43403666261169
2025-03-14,127.22017641517513,125.68480221485801
2025-03-17,130.37595272758412,128.79315407525485
2025-03-18,131.82752419285774,130.46268719325477
2025-03-19,130.56863920527533,129.19166072402365
2025-03-21,131.14669863834888,129.79571290742064
2025-03-24,131.9088807056607,130.49205084105878
2025-03-25,135.26590733921384,133.9234028272998
2025-03-26,134.81202363620793,133.48294811023953
2025-03-27,133.64734092660785,132.2538697092999
2025-03-28,133.6730324569667,132.1154410839381
2025-03-31,129.65658987753704,128.11779017576242
2025-04-01,130.64999571807826,129.03645287134526
2025-04-02,131.16382632525477,129.489492008893
2025-04-03,130.27746852787533,128.75959562062167
2025-04-04,122.47580714224544,120.79365745207433
2025-04-07,114.97388027746854,113.51147279667771
2025-04-08,116.27130256058919,114.68182390200931
2025-04-09,112.5974137192772,111.0491211879693
2025-04-10,124.59964031857498,123.58739880028524
2025-04-11,117.5473152350775,115.79344771173288
2025-04-14,119.41851502954526,117.47976005704936
2025-04-15,120.71165539093944,118.89760476530056
2025-04-16,119.91521794981588,118.10478627459204
2025-04-17,116.9007450543804,115.32362934686857
2025-04-18,117.00351117581572,115.50400604052184
2025-04-21,116.00154149182154,114.51403162884348
2025-04-22,113.04701550055665,111.56927723478334
2025-04-23,116.82795238503041,115.33621376735601
2025-04-24,119.49558962062174,118.0083057175217
2025-04-25,122.0433330478719,120.61747556525022
2025-04-28,123.41354800034254,121.82557993204412
2025-04-30,123.26796266164254,121.79621628424012
2025-05-01,123.88027746852788,122.2912034900793
2025-05-02,127.21589449344866,125.57154243047108
2025-05-07,124.70668836173675,123.22664541297874
2025-05-08,125.7857326368074,124.26276269977767
2025-05-09,128.43196026376637,127.13620537774236
2025-05-12,128.48334332448403,127.11523134359663
2025-05-13,134.44377836773145,133.11380510927472
2025-05-14,134.89766207073734,133.4997273375561
2025-05-15,134.0798150209814,132.63559713075213
2025-05-16,133.55742057035198,132.08607743613408
2025-05-19,134.37954954183436,132.85792189269685
2025-05-20,134.86768861865207,133.3151558370737
2025-05-21,133.3818617795667,131.9224799697974
2025-05-22,130.3973623362165,128.80573849574228
2025-05-23,130.84268219576947,129.27136205377744
2025-05-26,128.91581741885759,127.471789924074
2025-05-27,128.5775456024664,127.13620537774236
2025-05-28,132.7738288944078,131.28906413859642
2025-05-29,133.86143701293142,132.32098661856622
2025-05-30,132.3927378607519,130.76471328495322
2025-06-02,132.17007793097542,130.43751835227988
2025-06-03,131.99023721846365,130.37459624984268
2025-06-04,133.84430932602552,132.34615545954108
2025-06-05,132.67962661642545,131.1674147405512
2025-06-06,132.94082384174018,131.38134988883763
2025-06-09,135.38580114755504,133.96535089559126
2025-06-10,135.3429819302903,133.89823398632493
2025-06-11,136.30641431874625,134.8168966819078
2025-06-12,135.16314121777856,133.69688325852596
2025-06-13,134.7006936713197,133.15994798439533
2025-06-16,134.44377836773145,132.82016863123454
2025-06-17,136.34923353601096,134.7413901589832
2025-06-18,135.47143958208443,133.8772599521792
2025-06-19,135.021837800805,133.52070137170182
2025-06-20,135.42433844309326,133.91081840681235
2025-06-23,136.20364819731094,134.65749402240027
2025-06-24,136.78170763038452,135.22798775116408
2025-06-25,137.67662927121694,136.18859851503836
2025-06-26,137.43255973280807,135.79009186626956
2025-06-27,138.3274813736405,136.74650782331474
2025-06-30,139.27806799691703,137.58546918914385
2025-07-01,138.92266849361994,137.17018331305843
2025-07-02,138.7813650766464,137.17857292671673
2025-07-03,139.3808341183523,137.83296279206343
2025-07-04,141.53464074676717,139.9303662066362
2025-07-07,141.31626273871714,139.71643105834977
2025-07-08,141.83865718934658,140.22400268467635
2025-07-09,142.51520082212897,140.9832627207517
2025-07-10,142.40387085724075,140.8993665841688
2025-07-11,143.5642716451143,142.0235748143798
2025-07-14,143.44009591504667,141.76769159780193
2025-07-15,144.29648026034084,142.74088678216367
2025-07-16,145.06294424937911,143.2946012836109
2025-07-17,144.9944335017556,143.31557531775664
2025-07-18,145.95358396848505,144.42300432065102
2025-07-22,144.95589620621735,143.31977012458577
2025-07-23,144.07810225229082,142.51856202021898
2025-07-24,145.22137535325854,143.73925080750033
2025-07-25,146.24047272415862,144.59079659381686
2025-07-28,147.17393166052926,145.57657619866603
2025-07-29,147.96608717992635,146.29388816644993
2025-07-30,147.2381604864263,145.547212550862
2025-07-31,148.18874710970283,146.49523889424893
2025-08-01,149.03656761154406,147.22513528252023
2025-08-04,143.58996317547314,141.76349679097277
2025-08-05,145.05866232765266,143.33654935190233
2025-08-06,144.99871542348205,143.33654935190233
2025-08-07,146.09060546373212,144.34330299089726
2025-08-08,145.57249293482914,143.86090020554553
2025-08-12,147.55930461591163,145.6101346532992
2025-08-13,148.60837543889699,146.77209614497252
2025-08-14,147.9318318061146,146.33164142791225
2025-08-15,148.9594930204676,147.08670665715843
2025-08-18,148.3985612742999,146.59171945131925
2025-08-19,148.79249807313522,147.04056378203785
2025-08-20,147.76055493705576,145.98347246109316
2025-08-21,147.17393166052926,145.3710306640379
2025-08-22,147.62781536353515,145.87860229036454
2025-08-25,148.78393422968227,147.32581064641974
2025-08-26,147.85903913676458,146.32325181425395
2025-08-27,148.87385458593815,147.38034313519864
2025-08-28,149.09651451571466,147.64461596543478
2025-08-29,149.06225914190287,147.6739796132388
2025-09-01,148.48419970882932,147.15382356642476
2025-09-02,148.5441466129999,147.21674566886196
2025-09-03,148.99374839427935,147.63203154494735
2025-09-04,148.9851845508264,147.49360291958556
2025-09-05,150.47101138991178,149.0289022190528
2025-09-08,150.2355056949559,148.97017492344477
2025-09-09,149.44335017555878,148.3367590922438
2025-09-10,150.0042819217265,148.68073325223375
2025-09-11,150.49242099854413,149.1002139351483
2025-09-12,151.50295452599127,150.21183774487184
2025-09-16,152.41500385372956,150.9627081672889
2025-09-17,151.21178384859124,149.75460380049498
2025-09-18,151.51151836944422,150.0608246990226
2025-09-19,153.34418086837374,152.10369562481648
2025-09-22,154.34186863064144,152.92168295649986
2025-09-24,153.72527190202962,152.30504635261545
2025-09-25,154.23910250920613,152.69096858089685
2025-09-26,154.51742742142673,152.9174881496707
2025-09-29,154.83428962918558,153.27824153697722
2025-09-30,154.89851845508264,153.28663115063551
2025-10-01,154.80003425537382,153.05172196820337
2025-10-02,154.30761325682965,152.56512437602248
2025-10-03,154.628757386315,153.00557909308276
2025-10-06,157.1508092832063,155.55602164520323
2025-10-07,158.45679540977991,156.86480137589663
2025-10-08,159.78419114498587,158.01837325391165
2025-10-09,161.16725186263594,159.5159192919166
2025-10-10,161.09874111501242,159.32715298460508
2025-10-14,158.56812537466817,156.91094425101724
2025-10-15,157.47195341269162,156.01745039640923
2025-10-16,157.13368159630042,155.7825412139771
2025-10-17,155.57506208786504,153.97877427744453
2025-10-20,157.24929348291514,155.54763203154496
2025-10-21,158.46964117495932,156.8228533076052
2025-10-22,159.68142502355056,158.0015940265951
2025-10-23,159.40738203305645,157.61147699148455
2025-10-24,160.79044275070652,159.06707496119802
2025-10-27,162.3918814764066,160.69046520407736
2025-10-28,163.92480945448318,162.02441377574564
2025-10-29,163.2568296651537,161.24417970552457
2025-10-30,164.54568810482144,162.40614119719788
2025-10-31,164.3016185664126,162.02860858257478
2025-11-04,165.3292797807656,163.15281681278577
2025-11-05,162.4518283805772,160.2542052938462
2025-11-06,163.63363877708315,161.51264734258987
2025-11-07,160.96600154149183,158.84894500608246
2025-11-10,161.90802432131542,159.90603632702712
2025-11-11,164.87967799948618,162.69977767523804
2025-11-12,165.13231138134793,163.01438818742398
2025-11-13,166.04436070908625,163.8659339737405
2025-11-14,162.995632439839,160.66529636310247
2025-11-17,162.89714824013018,160.593984647007
2025-11-18,162.08786503382717,159.58303620118292
2025-11-19,160.9702834632183,158.70212676706237
2025-11-20,163.3938511604008,161.01346532992156
2025-11-21,161.07733150638006,158.65178908511263
2025-11-25,164.53284233964203,162.23834892403204
2025-11-26,165.51340241500384,163.4590377113134
2025-11-27,166.15997259570094,164.08825873568523
2025-11-28,166.92643658473924,164.84332396493141
2025-12-01,167.00779309754216,164.95658374931836
2025-12-02,165.95444035283035,163.97080414446913
2025-12-03,166.51537209899803,164.31477830445908
2025-12-04,166.4468613513745,164.47837577079576
2025-12-05,166.44257942964802,164.5454926800621
2025-12-08,166.9135908195598,164.89785645371032
2025-12-09,167.19191573178043,165.25022022735854
2025-12-10,167.9583797208187,165.984311422459
2025-12-11,168.0054808598099,166.13532446830823
2025-12-12,168.18532157232167,166.52124669658963
2025-12-15,166.72946818532156,164.94819413566003
2025-12-16,165.53053010190973,163.6729728595998
2025-12-17,164.67842767834205,162.7501153571878
2025-12-18,163.74068682024492,161.9279332186753
2025-12-19,165.29502440695384,163.42547925668023
2025-12-22,168.6477691187805,166.75196107219264
2025-12-23,168.80191830093344,166.9323377658459
2025-12-24,168.99888670035114,166.9239481521876
2025-12-25,169.21726470840113,167.1714417551072
2025-12-26,169.85527104564528,167.800662779479
2025-12-29,169.7781964545688,167.65384454045892
2025-12-30,169.28577545602465,167.12110407315743
2026-01-05,168.95178556135994,166.86102604975042
2026-01-06,169.3971054209129,167.49024707412224
2026-01-07,170.40763894836002,168.6102604975041
2026-01-08,170.0308298364306,168.2411174965393
2026-01-09,170.3562558876424,168.59767607701664
2026-01-13,172.9939196711484,171.2571836066949
2026-01-14,173.72612828637492,171.97030076764966
2026-01-15,172.06474265650425,170.56084567305675
2026-01-16,172.71987668065427,171.29074206132807
2026-01-19,171.2939967457395,169.87709215990603
2026-01-20,171.98766806542775,170.5650404798859
2026-01-21,168.50646570180697,167.25953269851922
2026-01-22,170.4847135394365,169.26045555602164
2026-01-23,171.79926350946303,170.53148202525276
2026-01-26,167.7828209300334,166.32828558244893
2026-01-27,168.05686392052755,166.48349343512731
2026-01-28,166.7080585766892,165.07403834053443
2026-01-29,167.44026719191572,165.7200385922228
2026-01-30,167.77853900830692,165.88783086538865
2026-02-02,168.84045559647168,166.80649356097152
2026-02-03,170.09505866232766,168.0775200302026
2026-02-04,169.17444549113642,167.28889634632324
2026-02-05,169.16588164768348,167.3308444146147
2026-02-06,167.05917615825982,165.1453500566299
2026-02-09,170.50612314806887,168.7864423843282
2026-02-10,170.45902200907767,168.76127354335333
2026-02-12,166.80654277639803,165.1285708293133
2026-02-13,163.80491564614198,162.08314107135365
2026-02-16,164.05754902800376,162.53618020890138
2026-02-17,164.32302817504495,162.80045303913755
2026-02-18,164.4043846878479,162.8969335962079
2026-02-19,166.99494733236278,165.40123327320777
2026-02-20,166.9307185064657,165.47254498930323
2026-02-24,166.04007878735976,164.31897311128822
2026-02-25,168.3694442065599,166.69742858341374
2026-02-26,170.09934058405412,168.34179286043877
2026-02-27,168.8104821443864,167.3014807668107
2026-03-02,168.87471097028345,167.23855866437353
2026-03-03,169.9880106191659,168.43407861068
2026-03-04,168.59638605806288,166.94911699316245
2026-03-05,168.73340755330992,167.01203909559965
2026-03-06,168.69487025777167,166.8316624019464
2026-03-09,167.80423053866576,165.8710516380721
2026-03-10,168.17247580714226,166.2695582868409
2026-03-11,168.36088036310696,166.41637652586098
2026-03-12,169.13590819559818,167.17983136876546
2026-03-13,166.74659587222746,164.6923109190822
2026-03-16,165.933030744198,163.96241453081086
2026-03-17,167.56444292198339,165.57322035320274
2026-03-18,167.79994861693928,165.94236335416755
2026-03-19,166.23276526505094,164.369310793238
2026-03-23,162.91427592703604,161.13511472796677
2026-03-24,163.7021495247067,161.99924493477076
2026-03-25,163.28680311723903,161.68882922941398
2026-03-26,165.0638006337244,163.55132346155457
2026-03-27,162.27198766806544,160.8163094089517
2026-03-30,159.95118609231824,158.3917110617056
2026-03-31,159.21469555536524,157.57372373002224
2026-04-01,162.82863749250666,161.16028356894165
2026-04-02,163.84345294168023,162.2257645035446
2026-04-03,165.050954868545,163.48840135911743
2026-04-06,165.12802945962147,163.5597130752129
2026-04-07,165.95444035283035,164.37350560006712
2026-04-08,164.83257686049498,163.24929736985612
2026-04-09,169.2515200822129,167.6832081882629
2026-04-10,170.71165539093946,168.96681907798146
2026-04-13,171.15269332876593,169.3779101472377
2026-04-14,172.18891838657188,170.510507991107
2026-04-15,173.87171362507493,172.16745668861947
2026-04-16,175.17341782992207,173.36717144175512
2026-04-17,176.29528132225744,174.42006795587065
2026-04-20,177.9566669521281,176.2322245060615
2026-04-21,177.53703862293398,176.06862703972482
2026-04-22,176.63355313864864,175.09543185536307
2026-04-23,178.6631840369958,176.97470531482026
2026-04-24,178.44908795067226,176.78174420067955
2026-04-27,179.56238759955468,177.6039263391921
2026-04-28,179.75935599897235,177.8262511011368
2026-04-30,179.7636379206988,177.59553672553378
2026-05-01,177.92669350004283,175.96795167582533
2026-05-07,180.91975678684594,178.90851126305634
2026-05-08,181.00539522137535,178.85397877427744
2026-05-11,182.50834974736662,180.13339485716682
2026-05-12,183.33904256230196,180.98074583665422
2026-05-13,183.49319174445492,181.00171987079995
2026-05-14,184.67928406268734,182.06300599857377
2026-05-15,186.88447375181983,184.18138344729223
2026-05-18,185.10747623533442,182.33566844246823
2026-05-19,185.03896548771087,182.2056294307647
2026-05-20,183.81005395221374,181.04786274592055
2026-05-21,185.70266335531386,183.02781156927722
2026-05-22,186.3106962404727,183.74092873023199
2026-05-25,186.6832234306757,184.26947439070432
2026-05-26,186.81168108246982,184.39951340240782
2026-05-27,188.33176329536695,186.09841016821176
2026-05-28,188.75567354628757,186.43399471454342
2026-05-29,189.51785561359938,187.27715088720166
2026-06-01,190.02312237732295,187.80150174084486
2026-06-02,190.89235248779653,188.58593061789503
2026-06-03,191.41902886015242,189.34099584714124
2026-06-04,190.01455853387,187.9734888208398
2026-06-05,190.87522480089063,188.9047359369101
2026-06-08,186.24646741457568,184.231721129242
2026-06-09,186.73460649139332,184.7183187214229
2026-06-10,186.40918044018156,184.4540458911867
2026-06-11,183.57883017898433,181.78195394102102
2026-06-12,186.29356855356684,184.462435504845
2026-06-15,187.23559133339043,185.49855279164396
2026-06-16,190.48985184550827,188.74113847057345
2026-06-17,189.62490365676115,187.86022903645286
2026-06-18,187.73229425366105,185.92222828138765
2026-06-19,190.19439924638178,188.49364486765384
2026-06-22,190.69966601010532,188.99702168715132
2026-06-23,190.03596814250236,188.4265279583875
2026-06-24,187.34692129827866,185.85091656529218
2026-06-25,187.34692129827866,186.0019296111414
2026-06-26,187.4282778110816,186.26200763454844
2026-06-29,187.17564442921983,185.67473467846807
2026-06-30,190.11304273357882,188.91732035739756
2026-07-01,192.03562558876425,190.81756785100046
2026-07-02,191.53892266849363,190.33097025881958
2026-07-03,189.9117924124347,188.4516967993624
2026-07-06,190.2800376809112,188.81664499349804
2026-07-07,192.34392395307015,190.96438609002055
2026-07-08,191.75730067654365,190.17156759931203
2026-07-09,191.41902886015242,189.67658039347288
2026-07-10,192.50663697867603,190.85112630563364
2026-07-13,193.3202021067055,191.47615252317632
2026-07-14,192.03562558876425,190.22610008809093
2026-07-15,192.55802003939368,190.73367171441754
2026-07-16,193.3630213239702,191.438399261714
2026-07-17,192.72073306499956,190.83434707831702
2026-07-21,190.4555964716965,188.64885272033223
2026-07-22,192.9219833861437,191.06506145392004
2026-07-23,192.55802003939368,190.66235999832207
2026-07-24,191.26916159972595,189.52976215445278
2026-07-27,191.00368245268479,189.21095683543774
2026-07-28,191.18780508692302,189.5591258022568
2026-07-29,191.43615654705832,189.82759343932213
2026-07-30,188.3274813736405,186.73182599941273
2026-07-31,188.19045987839343,186.52208565795544
2026-08-03,183.70300590905197,181.75678510004613
2026-08-04,188.37886443435815,186.46755316917657
2026-08-05,191.92001370214953,190.11703511053315
2026-08-06,191.88575832833777,189.81081421200554
2026-08-07,192.57942964802604,190.54071060027687
2026-08-10,192.9690845251349,191.10281471538235
2026-08-12,193.97533613085554,192.2312177524225
2026-08-13,194.50201250321143,192.8394647426486
2026-08-14,195.7994347863321,194.1104912118797
2026-08-17,195.10576346664382,193.5022442216536
2026-08-18,194.5833690160144,193.1079323797139
2026-08-19,193.16177100282607,191.46356810268887
2026-08-20,192.42956238759956,190.79659381685474
2026-08-21,191.5731780423054,189.8737363144427
2026-08-24,192.0142159801319,190.314191031503
2026-08-25,191.98424252804656,190.22610008809093
2026-08-26,192.48522737004367,190.64558077100548
2026-08-27,192.50663697867603,190.746256134905
2026-08-28,194.15945876509377,192.2228281387642
2026-08-31,194.4335017555879,192.3235035026637
2026-09-01,193.53001627130254,191.45098368220144
2026-09-02,192.7592703605378,190.52393137296028
2026-09-03,191.74017298963776,189.50878812030706
2026-09-04,190.08306928149355,187.88539787742775
2026-09-07,189.72338785646997,187.61693024036242
2026-09-08,187.0343410122463,184.95742271068417
2026-09-09,185.9467328937227,183.9171106170561
2026-09-10,185.04324740943736,182.9145517848903
2026-09-11,185.07750278324912,182.87260371659886
