date,emaxis-sp_start_100,sbi-sp_start_100
2023-09-11,100.0,100.0
2023-09-12,100.50526676372355,100.486322
2023-09-13,100.34255373811767,100.35538932729722
2023-09-14,100.36396334675001,100.36941800717129
2023-09-15,101.54577374325598,101.54313798134716
2023-09-19,100.46244754645886,100.46761743420186
2023-09-20,100.31686220775885,100.34136078404848
2023-09-21,99.77734007022352,99.79892441837237
2023-09-22,97.64066112871457,97.67594082080086
2023-09-25,97.96180525819989,97.97989174372526
2023-09-26,98.65975849961463,98.68599461136449
2023-09-27,97.29382546887044,97.32522724770763
2023-09-28,97.68776226770575,97.72270250253499
2023-09-29,98.22728440524108,98.19967235504448
2023-10-02,98.10310867517342,98.10147268268943
2023-10-03,98.1930290314293,98.1809672490484
2023-10-04,96.45456881048214,96.47416378733944
2023-10-05,96.9598355742057,96.89969588793919
2023-10-06,96.77143101824099,96.74070577391714
2023-10-10,98.44566241329107,98.43815689370861
2023-10-11,98.99803031600582,98.9805934666004
2023-10-12,99.82872313094117,99.79892443133892
2023-10-13,99.66601010533527,99.64928692203581
2023-10-16,98.9423653335617,98.9057746940173
2023-10-17,99.98287231309412,99.92518068886459
2023-10-18,100.14986726042648,100.10287563917997
2023-10-19,98.82247152522052,98.7888702369585
2023-10-20,98.04316177100283,98.00794915717886
2023-10-23,96.76714909651452,96.74538233383083
2023-10-24,96.52307955810568,96.49754485063713
2023-10-25,97.37518198167338,97.36263762041949
2023-10-26,96.16339813308213,96.18424106565115
2023-10-27,95.08863577973796,95.0713114872863
2023-10-30,94.30932602552026,94.3231230829961
2023-10-31,95.22137535325854,95.23030118649005
2023-11-01,97.10113899117924,97.05400906936194
2023-11-02,97.57215038109103,97.56838852364893
2023-11-06,99.73023893123234,99.69604773692586
2023-11-07,100.19696839941766,100.17301755635077
2023-11-08,100.86066626702063,100.83235836136704
2023-11-09,101.24175730067655,101.19242365481038
2023-11-10,100.67226171105592,100.65933994314837
2023-11-13,102.44497730581486,102.41758179877031
2023-11-14,102.40644001027661,102.35679184309365
2023-11-15,103.60966001541492,103.5538923957116
2023-11-16,104.26479403956496,104.24596584044848
2023-11-17,104.01216065770318,103.99345187985283
2023-11-20,103.58396848505609,103.59130088195727
2023-11-21,103.12580286032372,103.13771186826351
2023-11-22,103.04016442579429,102.98807451899943
2023-11-24,104.35043247409436,104.32078448814732
2023-11-27,104.33758670891496,104.3020797714886
2023-11-28,103.18146784276783,103.17044496982066
2023-11-29,102.44069538408837,102.42693271428335
2023-11-30,102.44925922754132,102.45031371021405
2023-12-01,103.42981930290314,103.41360585838375
2023-12-04,103.00162713025607,102.98339801906047
2023-12-05,102.97165367817075,102.98339801906047
2023-12-06,102.9973452085296,103.03015969059899
2023-12-07,102.53489766207073,102.53916122218065
2023-12-08,100.61231480688532,100.59387233758564
2023-12-11,102.54346150552367,102.53448506141851
2023-12-12,103.28423396420314,103.26864427859648
2023-12-13,103.58396848505609,103.60065296995215
2023-12-14,102.73614798321486,102.74958914590194
2023-12-15,103.03588250406783,103.05821705932358
2023-12-18,102.80894065256487,102.68412294547342
2023-12-19,103.63535154577374,103.6146813802071
2023-12-20,105.2282264280209,105.21860970815557
2023-12-21,103.29707972938256,103.27799765377004
2023-12-22,103.53258542433845,103.4463397571657
2023-12-25,103.61394193714139,103.60065376557166
2023-12-26,103.65247923267961,103.63806292563986
2023-12-27,104.47032628243555,104.44236476782562
2023-12-28,103.93080414490024,103.9373378906854
2023-12-29,103.96934144043848,103.94669017234881
2024-01-04,103.42553738117668,103.40425372488653
2024-01-05,104.23053866575319,104.20855579333706
2024-01-09,105.12974222831207,105.07364832968324
2024-01-10,105.50226941851504,105.33083814943629
2024-01-11,106.80825554508864,106.72433775213541
2024-01-12,106.49567525905626,106.4437669388887
2024-01-15,106.46998372869744,106.3829769035899
2024-01-16,107.01378778795925,106.92073753268869
2024-01-17,107.73315063800635,107.67827737335205
2024-01-18,107.72886871627986,107.67360090576572
2024-01-19,108.62807227883874,108.5761027240457
2024-01-22,109.98115954440352,109.9088124966048
2024-01-23,110.18240986554765,110.1145639917747
2024-01-24,110.52068168193885,110.45592464587742
2024-01-25,110.38366018669178,110.32031569807117
2024-01-26,110.8503896548771,110.8206668707008
2024-01-29,111.18866147126832,111.16202777086261
2024-01-30,111.37278410550655,111.31166519968554
2024-01-31,111.44129485313007,111.36310343329097
2024-02-01,109.12905712083582,109.03436841840777
2024-02-02,110.2209471610859,110.19406014159333
2024-02-05,113.13265393508607,113.04185041739716
2024-02-06,112.71730752761839,112.56955704467926
2024-02-07,112.37475378950073,112.31236712630815
2024-02-08,113.5094630470155,113.43932514178489
2024-02-09,114.6398903828038,114.57095954881531
2024-02-13,115.09377408580971,115.05260555137215
2024-02-14,114.51143273100968,114.41664537103063
2024-02-15,115.47914704119209,115.35655637359102
2024-02-16,116.00154149182154,115.95510693764666
2024-02-19,115.27789672004796,115.19288995680488
2024-02-20,115.54765778881561,115.45943248101813
2024-02-21,114.69127344352145,114.65980663542759
2024-02-22,115.13659330307442,115.07131036205953
2024-02-26,117.46595872227456,117.38601694922961
2024-02-27,117.26042647940396,117.18961723041168
2024-02-28,117.33750107048041,117.27846453871493
2024-02-29,117.28611800976279,117.23170326933405
2024-03-01,117.6372355913334,117.38134133233812
2024-03-04,118.40369958037166,118.33060541350615
2024-03-05,118.53643915389227,118.45218537734429
2024-03-06,117.04633039308041,116.98854279394769
2024-03-07,116.84508007193628,116.80149566230158
2024-03-08,117.14481459278925,117.03998095614487
2024-03-11,115.56906739744797,115.51554807858899
2024-03-12,115.45773743255974,115.44072981325397
2024-03-13,117.29468185321572,117.20832363593559
2024-03-14,117.19619765350689,117.14753353888182
2024-03-15,117.6072621392481,117.61047481897006
2024-03-18,117.41885758328338,117.37666637113469
2024-03-19,118.12965658987753,118.07341661024708
2024-03-21,121.07990065941594,120.97264559546672
2024-03-22,122.11612571722188,122.01543221995257
2024-03-25,121.82067311809539,121.68810019978176
2024-03-26,121.3667894150895,121.29997722107558
2024-03-27,121.22120407638948,121.1503391431761
2024-03-28,122.24030144728954,122.16039253917718
2024-03-29,122.28740258628072,122.05751638620424
2024-04-01,122.3045302731866,122.07622048001525
2024-04-02,122.3216579600925,122.17909655253818
2024-04-03,121.31540635437183,121.25321358453532
2024-04-04,121.56803973623363,121.47299352188223
2024-04-05,119.48702577716878,119.39209554743589
2024-04-08,121.46099169307185,121.29997526467913
2024-04-09,121.56375781450714,121.49169836658322
2024-04-10,121.62370471867774,121.51507944393384
2024-04-11,121.41817247580715,121.28127106442498
2024-04-12,122.38588678598956,122.21650611717136
2024-04-15,120.91290571208357,120.84171097233522
2024-04-16,120.20210670548943,120.06078954143318
2024-04-17,120.24492592275413,120.1356078236517
2024-04-18,119.29433929947761,119.15828783502118
2024-04-19,119.26864776911879,119.12087809055538
2024-04-22,118.25383231994519,118.152910173653
2024-04-23,119.32859467328937,119.21440182629861
2024-04-24,120.7630384516571,120.72012979141356
2024-04-25,121.31112443264539,121.15501440137673
2024-04-26,120.93431532071594,120.8323580016734
2024-04-30,123.45636721760727,123.34813965318216
2024-05-01,122.34734949045132,122.23053396600334
2024-05-02,120.51468699152178,120.43488308297432
2024-05-07,122.80979703691017,122.68412375508314
2024-05-08,123.65333561702492,123.52115949938569
2024-05-09,124.20998544146613,124.08230006924069
2024-05-10,124.90365676115441,124.83048779972918
2024-05-13,125.34897662070736,125.20925845225015
2024-05-14,125.62730153292799,125.52256206711971
2024-05-15,126.38520167851333,126.25204522315214
2024-05-16,125.77288687162797,125.67219987993307
2024-05-17,126.86905883360453,126.76642521084362
2024-05-20,127.29296908452514,127.22469090863784
2024-05-21,127.89243812623106,127.81856558782407
2024-05-22,128.08084268219577,128.02899329235132
2024-05-23,128.21786417744283,128.14122094729152
2024-05-24,127.46852787531044,127.38368080294416
2024-05-27,128.12366189946047,128.0102887718347
2024-05-28,128.17932688190461,128.07107957786954
2024-05-29,128.5903913676458,128.54337370158285
2024-05-30,127.81964545688105,127.82324287169686
2024-05-31,126.3595101481545,126.26140006639346
2024-06-03,127.74257086580458,127.71569023588418
2024-06-04,127.31866061488395,127.27612986764242
2024-06-05,126.56504239102509,126.48117970638602
2024-06-06,128.46621563757813,128.37970648219178
2024-06-07,128.46621563757813,128.37970648219178
2024-06-10,129.33116382632525,129.19336037251406
2024-06-11,129.9391967114841,129.876081393469
2024-06-12,130.18754817161943,130.07248130251304
2024-06-13,131.0310867517342,130.88613540132798
2024-06-14,131.6905026976107,131.48468555168634
2024-06-17,131.85321572321658,131.76993237306274
2024-06-18,133.0521538066284,132.99041447608718
2024-06-19,133.57883017898433,133.52349857308968
2024-06-20,133.7458251263167,133.6918409943857
2024-06-21,134.20399075104908,134.11269622524398
2024-06-24,134.65787445405496,134.4727619920695
2024-06-25,133.9813308212726,133.84615388410458
2024-06-26,134.69212982786672,134.58499000739099
2024-06-27,135.74976449430505,135.57166352368287
2024-06-28,136.11800976278155,136.02525241691723
2024-07-01,135.70694527704032,135.59036880292015
2024-07-02,136.47769118780508,136.30114707522193
2024-07-03,137.24415517684335,137.09142112596408
2024-07-04,137.82649653164341,137.59177191113278
2024-07-05,137.57386314978163,137.33458261924105
2024-07-08,137.99777340070221,137.8068762488686
2024-07-09,138.2932259998287,138.09212270201613
2024-07-10,138.914104650167,138.75614005495
2024-07-11,140.50269761068768,140.23848716233246
2024-07-12,137.0214952470669,136.79682292725317
2024-07-16,137.60383660186693,137.47954440721384
2024-07-17,138.5758328337758,138.34931286929242
2024-07-18,134.32388455939025,134.11269858451436
2024-07-19,134.6707202192344,134.50082073421794
2024-07-22,133.75438896976962,133.64508078242778
2024-07-23,134.51657103708143,134.3465076337587
2024-07-24,133.55742057035198,133.38321496125803
2024-07-25,128.36773143786934,128.26280273557836
2024-07-26,128.34632182923696,128.2581262737906
2024-07-29,129.45962147811937,129.37573167386506
2024-07-30,129.83643059004882,129.74047291162933
2024-07-31,127.81964545688105,127.68763222310464
2024-08-01,127.44283634495162,127.29951034244667
2024-08-02,125.61873768947504,125.48983068737924
2024-08-05,119.97516485398647,119.88309689496228
2024-08-06,116.00154149182154,115.91302428156934
2024-08-07,118.86186520510404,118.71872917169104
2024-08-08,117.2689903228569,117.22702952683603
2024-08-09,121.16982101567184,121.14566419083144
2024-08-13,121.50809283206303,121.45896747319185
2024-08-14,123.36644686135136,123.28735246922888
2024-08-15,124.06868202449259,123.9046078595954
2024-08-16,127.59270360537809,127.50993829438902
2024-08-19,126.8305215380663,126.7523979256839
2024-08-20,126.79198424252805,126.68693157967925
2024-08-21,125.81142416716622,125.74702096438057
2024-08-22,126.17966943564272,126.02759148996694
2024-08-23,125.79429648026034,125.74234442021628
2024-08-26,124.88224715252205,124.75567190686661
2024-08-27,125.61873768947504,125.56932590392975
2024-08-28,125.3147212468956,125.22796569145993
2024-08-29,124.79232679626617,124.73696687445823
2024-08-30,125.02355056949558,124.99415703697798
2024-09-02,127.55416630983987,127.41173902495811
2024-09-03,128.35916759441636,128.21136490613964
2024-09-04,124.15432045902202,124.12906376298218
2024-09-05,122.58713710713369,122.4549934206708
2024-09-06,121.75644429219834,121.68342409992611
2024-09-09,119.28577545602465,119.284546125712
2024-09-10,121.31112443264539,121.2485399350717
2024-09-11,120.65599040849533,120.56114195016158
2024-09-12,122.5700094202278,122.41290683800219
2024-09-13,122.36019525563073,122.3334118963016
2024-09-17,122.54003596814252,122.49707809807529
2024-09-18,123.31506380063372,123.29202778627588
2024-09-19,124.71097028346321,124.6387663325098
2024-09-20,126.05977562730153,126.02758993161206
2024-09-24,127.03605378093687,126.95347304573494
2024-09-25,126.9889526419457,126.95347304573494
2024-09-26,127.88387428277812,127.82324144584909
2024-09-27,129.22839770488997,129.14659929923522
2024-09-30,126.58217007793098,126.4624744953696
2024-10-01,128.34632182923696,128.23006832313578
2024-10-02,127.00179840712511,126.8880060165624
2024-10-03,129.84499443350174,129.7124150246455
2024-10-04,129.2797807656076,129.1185410008208
2024-10-07,132.02021067054895,131.84475116669756
2024-10-08,130.24749507579,130.1613283779559
2024-10-09,131.82324227113128,131.69978972291844
2024-10-10,133.80149010876082,133.6263732668591
2024-10-11,132.83805772030487,132.7004908253941
2024-10-15,135.62130684251093,135.52490001516597
2024-10-16,134.25537381176673,134.15010425868513
2024-10-17,135.19739659159032,135.0292247709194
2024-10-18,135.62130684251093,135.48748965453146
2024-10-21,135.53138648625503,135.37526130222594
2024-10-22,136.47340926607862,136.34322961810477
2024-10-23,136.9786760298022,136.8201991382778
2024-10-24,136.99580371670805,136.8435803421085
2024-10-25,136.7260426479404,136.59106698861063
2024-10-28,137.83934229682282,137.68996807483674
2024-10-29,137.74085809711397,137.65255908741048
2024-10-30,138.30178984328168,138.2090236870981
2024-10-31,138.14335873940223,138.0874425910508
2024-11-01,134.17829922069023,133.9864374876418
2024-11-05,134.69212982786672,134.60369290718174
2024-11-06,136.7260426479404,136.5910666295899
2024-11-07,141.82152950244068,141.60392599303987
2024-11-08,141.49182152950243,141.32335480615578
2024-11-11,142.05275327567014,141.95931414248412
2024-11-12,142.83634495161428,142.7121783299211
2024-11-13,143.48291513231138,143.3341094403522
2024-11-14,144.26222488652905,144.1430871540335
2024-11-15,144.39068253832318,144.20855406135712
2024-11-18,140.23721846364649,140.10754831678918
2024-11-19,140.9223259398818,140.7996221613793
2024-11-20,141.87291256315834,141.70212380349795
2024-11-21,142.08272672775541,141.9593131582013
2024-11-22,142.29682281407895,142.11362719038368
2024-11-25,142.5408923524878,142.33808287430443
2024-11-26,142.9648026034084,142.78232003095513
2024-11-27,142.51948274385543,142.31937834254197
2024-11-28,140.9565813136936,140.84170754747456
2024-11-29,139.9974308469641,139.88776835283355
2024-12-02,140.3100111329965,140.13560611314657
2024-12-03,140.42134109788472,140.28991923853022
2024-12-04,140.35711227198766,140.1917191008616
2024-12-05,141.74445491136422,141.59457137063666
2024-12-06,141.18352316519653,141.05681076397383
2024-12-09,141.34623619080241,141.14098218409293
2024-12-10,142.08272672775541,141.98736936900536
2024-12-11,141.96283291941424,141.87981677645573
2024-12-12,143.6285004710114,143.46036361053814
2024-12-13,143.43581399332018,143.30137366256673
2024-12-16,144.2879164168879,144.13373252641708
2024-12-17,145.1828380577203,145.0222060044684
2024-12-18,144.125203391282,143.9233045891357
2024-12-19,140.96514515714654,140.79026695619572
2024-12-20,143.5813993320202,143.46503846120163
2024-12-23,144.01815534812025,143.9560375127824
2024-12-24,145.74805172561446,145.611403823306
2024-12-25,147.28954354714398,147.0329613631837
2024-12-26,147.33664468613514,147.07972372621566
2024-12-27,147.9874967885587,147.77647420584316
2024-12-30,146.36464845422626,146.2567173008744
2025-01-06,145.27704033570265,145.1297595667873
2025-01-07,146.55305301019098,146.42506008649204
2025-01-08,144.81031086751733,144.66681871423606
2025-01-09,145.3455510833262,145.16716916011387
2025-01-10,145.11432731009677,144.93803730031155
2025-01-14,142.5708658045731,142.3801693686553
2025-01-15,143.2003082983643,143.02080466932446
2025-01-16,144.33929947760555,144.13841071304392
2025-01-17,142.9219833861437,142.81505290214173
2025-01-20,145.12289115354972,144.94738875326038
2025-01-21,145.1400188404556,144.96609276430513
2025-01-22,145.89791898604093,145.76571848368837
2025-01-23,147.69204418943224,147.48187513602707
2025-01-24,148.31720476149698,148.13186315540156
2025-01-27,147.21675087779397,147.0002290439681
2025-01-28,144.63475207673204,144.53120878693872
2025-01-29,146.48454226256743,146.25204071811865
2025-01-30,144.93876851931148,144.75098874828987
2025-01-31,145.3926522223174,145.19990209467517
2025-02-03,145.86366361222917,145.61608131405404
2025-02-04,144.42921983386142,144.3348097830541
2025-02-05,144.2750706517085,144.09632537684956
2025-02-06,143.47006936713197,143.32007991300773
2025-02-07,142.7592703605378,142.59994953987442
2025-02-10,142.0270617453113,141.8377328455909
2025-02-12,144.27078872998203,144.18984924502925
2025-02-13,145.06294424937911,144.8865991088556
2025-02-14,144.9644600496703,144.8024272391033
2025-02-17,144.125203391282,143.95603967559947
2025-02-18,143.89826153977904,143.7269077263686
2025-02-19,144.716108589535,144.59199998397364
2025-02-20,144.0952299391967,143.9794215168415
2025-02-21,142.28397704889954,142.17441773981875
2025-02-25,139.50929177014643,139.4435315238723
2025-02-26,137.6509377408581,137.54968059491617
2025-02-27,137.96779994861694,137.9284511503704
2025-02-28,136.16939282349918,136.11409478754953
2025-03-03,139.16245611030232,139.0320284442891
2025-03-04,135.54851417316092,135.46878353889184
2025-03-05,134.44377836773145,134.38858661677293
2025-03-06,135.38151922582855,135.32849770379892
2025-03-07,131.9217264708401,131.8353958144985
2025-03-10,132.0416202791813,131.9289198442893
2025-03-11,127.89243812623106,127.84661953034191
2025-03-12,128.13650766463988,128.00560958638982
2025-03-13,128.96720047957524,128.82394048808297
2025-03-14,127.22017641517513,127.18260368000014
2025-03-17,130.37595272758412,130.20808831946783
2025-03-18,131.82752419285774,131.80266344393985
2025-03-19,130.56863920527533,130.55412449169472
2025-03-21,131.14669863834888,131.063827376829
2025-03-24,131.9088807056607,131.7512256961019
2025-03-25,135.26590733921384,135.07131047071468
2025-03-26,134.81202363620793,134.72059781307746
2025-03-27,133.64734092660785,133.49544061332946
2025-03-28,133.6730324569667,133.54687907650657
2025-03-31,129.65658987753704,129.53004536389307
2025-04-01,130.64999571807826,130.56815614065928
2025-04-02,131.16382632525477,131.06383072613448
2025-04-03,130.27746852787533,130.08651002126092
2025-04-04,122.47580714224544,122.39887859909149
2025-04-07,114.97388027746854,115.14145496256225
2025-04-08,116.27130256058919,116.21229927907781
2025-04-09,112.5974137192772,112.66775907217834
2025-04-10,124.59964031857498,124.36287301248161
2025-04-11,117.5473152350775,117.39069612109444
2025-04-14,119.41851502954526,119.19570016028023
2025-04-15,120.71165539093944,120.72948539884567
2025-04-16,119.91521794981588,119.79892667128844
2025-04-17,116.9007450543804,116.8529368896436
2025-04-18,117.00351117581572,116.95581304675189
2025-04-21,116.00154149182154,115.95978810389246
2025-04-22,113.04701550055665,112.9763885907301
2025-04-23,116.82795238503041,116.7547381676058
2025-04-24,119.49558962062174,119.33598694543667
2025-04-25,122.0433330478719,121.96399688978985
2025-04-28,123.41354800034254,123.32943993840959
2025-04-30,123.26796266164254,123.2078593099295
2025-05-01,123.88027746852788,123.68950593770107
2025-05-02,127.21589449344866,127.10779036069042
2025-05-07,124.70668836173675,124.59200814889854
2025-05-08,125.7857326368074,125.68623372270602
2025-05-09,128.43196026376637,128.43582495395117
2025-05-12,128.48334332448403,128.38906275444367
2025-05-13,134.44377836773145,134.40262414139272
2025-05-14,134.89766207073734,134.76269011549377
2025-05-15,134.0798150209814,133.97241609574536
2025-05-16,133.55742057035198,133.5281796406618
2025-05-19,134.37954954183436,134.25298662313284
2025-05-20,134.86768861865207,134.74398470099015
2025-05-21,133.3818617795667,133.30839938150842
2025-05-22,130.3973623362165,130.2548571815355
2025-05-23,130.84268219576947,130.8159977113707
2025-05-26,128.91581741885759,128.88473759027818
2025-05-27,128.5775456024664,128.55272921739822
2025-05-28,132.7738288944078,132.7285537995495
2025-05-29,133.86143701293142,133.79004509941922
2025-05-30,132.3927378607519,132.30769822623347
2025-06-02,132.17007793097542,131.94763208704964
2025-06-03,131.99023721846365,131.9756894315366
2025-06-04,133.84430932602552,133.8087499328132
2025-06-05,132.67962661642545,132.54618275385965
2025-06-06,132.94082384174018,132.87819105973065
2025-06-09,135.38580114755504,135.2910968979823
2025-06-10,135.3429819302903,135.2583632170878
2025-06-11,136.30641431874625,136.24503645699838
2025-06-12,135.16314121777856,135.09937374463735
2025-06-13,134.7006936713197,134.63175563328875
2025-06-16,134.44377836773145,134.3839187659312
2025-06-17,136.34923353601096,136.29179816895245
2025-06-18,135.47143958208443,135.3939732226785
2025-06-19,135.021837800805,134.9637656424621
2025-06-20,135.42433844309326,135.3565641859879
2025-06-23,136.20364819731094,136.04863823797396
2025-06-24,136.78170763038452,136.71733089977744
2025-06-25,137.67662927121694,137.59177631538572
2025-06-26,137.43255973280807,137.41408203994544
2025-06-27,138.3274813736405,138.2885261699924
2025-06-30,139.27806799691703,139.1910275152535
2025-07-01,138.92266849361994,138.7608200631402
2025-07-02,138.7813650766464,138.709382814751
2025-07-03,139.3808341183523,139.2611715137757
2025-07-04,141.53464074676717,141.42156488276177
2025-07-07,141.31626273871714,141.20646126835942
2025-07-08,141.83865718934658,141.70213548522054
2025-07-09,142.51520082212897,142.3801802035173
2025-07-10,142.40387085724075,142.24924738980215
2025-07-11,143.5642716451143,143.41829153464082
2025-07-14,143.44009591504667,143.25462544870732
2025-07-15,144.29648026034084,144.18518457488202
2025-07-16,145.06294424937911,144.88193496785874
2025-07-17,144.9944335017556,144.8304975344871
2025-07-18,145.95358396848505,145.8732843582603
2025-07-22,144.95589620621735,144.8679067189362
2025-07-23,144.07810225229082,143.8952621445462
2025-07-24,145.22137535325854,145.13912444748135
2025-07-25,146.24047272415862,146.1491780937275
2025-07-28,147.17393166052926,147.07506090529506
2025-07-29,147.96608717992635,147.8045443828817
2025-07-30,147.2381604864263,147.13585149732097
2025-07-31,148.18874710970283,148.08043865083903
2025-08-01,149.03656761154406,148.90812093543843
2025-08-04,143.58996317547314,143.3995866429731
2025-08-05,145.05866232765266,144.92869658723137
2025-08-06,144.99871542348205,144.86790624544787
2025-08-07,146.09060546373212,145.9761602150162
2025-08-08,145.57249293482914,145.48516210132496
2025-08-12,147.55930461591163,147.48188921195242
2025-08-13,148.60837543889699,148.43115344222738
2025-08-14,147.9318318061146,147.79051716241307
2025-08-15,148.9594930204676,148.76783811754606
2025-08-18,148.3985612742999,148.28619182789183
2025-08-19,148.79249807313522,148.6369049830459
2025-08-20,147.76055493705576,147.65958463266327
2025-08-21,147.17393166052926,147.03765279836142
2025-08-22,147.62781536353515,147.48188883650195
2025-08-25,148.78393422968227,148.64158022335226
2025-08-26,147.85903913676458,147.72505029403186
2025-08-27,148.87385458593815,148.7070466568594
2025-08-28,149.09651451571466,148.91279772661383
2025-08-29,149.06225914190287,148.93150266313626
2025-09-01,148.48419970882932,148.4358288359728
2025-09-02,148.5441466129999,148.4966192453143
2025-09-03,148.99374839427935,148.85668493786318
2025-09-04,148.9851845508264,148.84265668387465
2025-09-05,150.47101138991178,150.2922710395565
2025-09-08,150.2355056949559,150.1052232907115
2025-09-09,149.44335017555878,149.3804162032166
2025-09-10,150.0042819217265,149.89011861514777
2025-09-11,150.49242099854413,150.36708845829656
2025-09-12,151.50295452599127,151.3210277931722
2025-09-16,152.41500385372956,152.30770142279482
2025-09-17,151.21178384859124,151.10124775059265
2025-09-18,151.51151836944422,151.36779035162468
2025-09-19,153.34418086837374,153.17746948285142
2025-09-22,154.34186863064144,154.14076123051234
2025-09-24,153.72527190202962,153.62170608973713
2025-09-25,154.23910250920613,154.06126694980583
2025-09-26,154.51742742142673,154.37457056411296
2025-09-29,154.83428962918558,154.6831977493304
2025-09-30,154.89851845508264,154.72996002684198
2025-10-01,154.80003425537382,154.55694098554
2025-10-02,154.30761325682965,154.07997053781156
2025-10-03,154.628757386315,154.472769688303
2025-10-06,157.1508092832063,156.96984672595755
2025-10-07,158.45679540977991,158.22773715028376
2025-10-08,159.78419114498587,159.58850360116307
2025-10-09,161.16725186263594,160.95862356878524
2025-10-10,161.09874111501242,160.89315686782112
2025-10-14,158.56812537466817,158.32593600324876
2025-10-15,157.47195341269162,157.25509220205336
2025-10-16,157.13368159630042,156.96984561775713
2025-10-17,155.57506208786504,155.37059444874512
2025-10-20,157.24929348291514,157.07739791588452
2025-10-21,158.46964117495932,158.25579412582346
2025-10-22,159.68142502355056,159.44354184212835
2025-10-23,159.40738203305645,159.20973383237106
2025-10-24,160.79044275070652,160.55647304988568
2025-10-27,162.3918814764066,162.20248677264
2025-10-28,163.92480945448318,163.6801579152382
2025-10-29,163.2568296651537,163.07693106125737
2025-10-30,164.54568810482144,164.4283463274234
2025-10-31,164.3016185664126,164.06828113463564
2025-11-04,165.3292797807656,165.15783069804297
2025-11-05,162.4518283805772,162.3147162667566
2025-11-06,163.63363877708315,163.38556001382474
2025-11-07,160.96600154149183,160.8136637995459
2025-11-10,161.90802432131542,161.7021367781255
2025-11-11,164.87967799948618,164.66215583866102
2025-11-12,165.13231138134793,164.95207814306775
2025-11-13,166.04436070908625,165.83119849113513
2025-11-14,162.995632439839,162.84312260838703
2025-11-17,162.89714824013018,162.75895225517317
2025-11-18,162.08786503382717,161.89853681961335
2025-11-19,160.9702834632183,160.78093017313776
2025-11-20,163.3938511604008,163.16577924011224
2025-11-21,161.07733150638006,160.90250997958822
2025-11-25,164.53284233964203,164.2553272944636
2025-11-26,165.51340241500384,165.26538093604216
2025-11-27,166.15997259570094,165.90134030107595
2025-11-28,166.92643658473924,166.6635574189552
2025-12-01,167.00779309754216,166.7711087458288
2025-12-02,165.95444035283035,165.83119678320386
2025-12-03,166.51537209899803,166.2614043654587
2025-12-04,166.4468613513745,166.2567274321539
2025-12-05,166.44257942964802,166.20528926325366
2025-12-08,166.9135908195598,166.6448490676624
2025-12-09,167.19191573178043,166.99556148476776
2025-12-10,167.9583797208187,167.76245353181864
2025-12-11,168.0054808598099,167.76245353181864
2025-12-12,168.18532157232167,168.00093792526133
2025-12-15,166.72946818532156,166.5185900495247
2025-12-16,165.53053010190973,165.32616541285316
2025-12-17,164.67842767834205,164.40963517682235
2025-12-18,163.74068682024492,163.57727522861995
2025-12-19,165.29502440695384,165.05494727285222
2025-12-22,168.6477691187805,168.4077645354877
2025-12-23,168.80191830093344,168.4825830530379
2025-12-24,168.99888670035114,168.6930110599678
2025-12-25,169.21726470840113,168.92681957329694
2025-12-26,169.85527104564528,169.5627800602127
2025-12-29,169.7781964545688,169.53939904847022
2025-12-30,169.28577545602465,169.03904759242243
2026-01-05,168.95178556135994,168.67430527787036
2026-01-06,169.3971054209129,169.16062703484752
2026-01-07,170.40763894836002,170.1052149013913
2026-01-08,170.0308298364306,169.7638545603358
2026-01-09,170.3562558876424,170.04910197459938
2026-01-13,172.9939196711484,172.70049396865917
2026-01-14,173.72612828637492,173.40659720829942
2026-01-15,172.06474265650425,171.83540164857834
2026-01-16,172.71987668065427,172.49474267647403
2026-01-19,171.2939967457395,171.03110063560015
2026-01-20,171.98766806542775,171.72317456370013
2026-01-21,168.50646570180697,168.3048908299335
2026-01-22,170.4847135394365,170.25017895473275
2026-01-23,171.79926350946303,171.50339392702213
2026-01-26,167.7828209300334,167.51461601201774
2026-01-27,168.05686392052755,167.80453858338822
2026-01-28,166.7080585766892,166.4718282257774
2026-01-29,167.44026719191572,167.1826063318799
2026-01-30,167.77853900830692,167.38835796549253
2026-02-02,168.84045559647168,168.61351520453147
2026-02-03,170.09505866232766,169.8620544451071
2026-02-04,169.17444549113642,168.90343794084612
2026-02-05,169.16588164768348,168.88005663793194
2026-02-06,167.05917615825982,166.7711010674437
2026-02-09,170.50612314806887,170.15665114635144
2026-02-10,170.45902200907767,170.09586098116287
2026-02-12,166.80654277639803,166.52326277079666
2026-02-13,163.80491564614198,163.5445396076336
2026-02-16,164.05754902800376,163.79237663840044
2026-02-17,164.32302817504495,164.05891924875166
2026-02-18,164.4043846878479,164.24129042456696
2026-02-19,166.99494733236278,166.7290154751311
2026-02-20,166.9307185064657,166.68692973704486
2026-02-24,166.04007878735976,165.87795139469068
2026-02-25,168.3694442065599,168.1225156237518
2026-02-26,170.09934058405412,169.89011035994076
2026-02-27,168.8104821443864,168.56207596945487
2026-03-02,168.87471097028345,168.57142779342968
2026-03-03,169.9880106191659,169.6703280740723
2026-03-04,168.59638605806288,168.37970357632437
2026-03-05,168.73340755330992,168.4077606863313
2026-03-06,168.69487025777167,168.4171123692822
2026-03-09,167.80423053866576,167.49590613221582
2026-03-10,168.17247580714226,167.90273358870223
2026-03-11,168.36088036310696,168.14589536456742
2026-03-12,169.13590819559818,168.86602556085793
2026-03-13,166.74659587222746,166.47182447519327
2026-03-16,165.933030744198,165.71896064315897
2026-03-17,167.56444292198339,167.3088600656214
2026-03-18,167.79994861693928,167.58007776631936
2026-03-19,166.23276526505094,165.99485402068885
2026-03-23,162.91427592703604,162.7916745619312
2026-03-24,163.7021495247067,163.46971979356584
2026-03-25,163.28680311723903,163.10965484995972
2026-03-26,165.0638006337244,164.8819244358285
2026-03-27,162.27198766806544,162.05283915587745
2026-03-30,159.95118609231824,159.65396125468266
2026-03-31,159.21469555536524,158.99462072895346
2026-04-01,162.82863749250666,162.48304697489567
2026-04-02,163.84345294168023,163.61468127834843
2026-04-03,165.050954868545,164.8024289679141
2026-04-06,165.12802945962147,164.87724762264128
2026-04-07,165.95444035283035,165.68622608196415
2026-04-08,164.83257686049498,164.54523948408655
2026-04-09,169.2515200822129,168.96890167506743
2026-04-10,170.71165539093946,170.36707878389223
2026-04-13,171.15269332876593,170.8674298575726
2026-04-14,172.18891838657188,171.84007390661958
2026-04-15,173.87171362507493,173.56558195114255
2026-04-16,175.17341782992207,174.84685349104083
2026-04-17,176.29528132225744,175.8896401252614
2026-04-20,177.9566669521281,177.58709123963266
2026-04-21,177.53703862293398,177.25040742509327
2026-04-22,176.63355313864864,176.3058205063801
2026-04-23,178.6631840369958,178.29319436993237
2026-04-24,178.44908795067226,178.09679550167417
2026-04-27,179.56238759955468,179.1910204322685
2026-04-28,179.75935599897235,179.46223858506417
2026-04-30,179.7636379206988,179.52302962376248
2026-05-01,177.92669350004283,177.59176934228805
2026-05-07,180.91975678684594,180.49099759882554
2026-05-08,181.00539522137535,180.6920735947005
2026-05-11,182.50834974736662,182.118306849236
2026-05-12,183.33904256230196,182.99275154193873
2026-05-13,183.49319174445492,183.20317856679185
2026-05-14,184.67928406268734,184.31143138692775
2026-05-15,186.88447375181983,186.52793854341516
2026-05-18,185.10747623533442,184.7837251164926
2026-05-19,185.03896548771087,184.69955428186478
2026-05-20,183.81005395221374,183.53051138200652
2026-05-21,185.70266335531386,185.32616289353737
2026-05-22,186.3106962404727,185.94341762471709
2026-05-25,186.6832234306757,186.35024508757238
2026-05-26,186.81168108246982,186.47650110562412
2026-05-27,188.33176329536695,188.05237112687252
2026-05-28,188.75567354628757,188.4264655892789
2026-05-29,189.51785561359938,189.18400593021076
2026-06-01,190.02312237732295,189.69370926266805
2026-06-02,190.89235248779653,190.54477388314916
2026-06-03,191.41902886015242,191.0825331548977
2026-06-04,190.01455853387,189.74047071576027
2026-06-05,190.87522480089063,190.53542067370392
2026-06-08,186.24646741457568,185.99485489921398
2026-06-09,186.73460649139332,186.38765371337854
2026-06-10,186.40918044018156,185.99485478031335
2026-06-11,183.57883017898433,183.2592926748153
2026-06-12,186.29356855356684,185.82651346292315
2026-06-15,187.23559133339043,186.84124329713418
2026-06-16,190.48985184550827,190.21276550624447
2026-06-17,189.62490365676115,189.30558756797083
2026-06-18,187.73229425366105,187.43044189393095
2026-06-19,190.19439924638178,189.68903494788538
2026-06-22,190.69966601010532,190.1940611376403
2026-06-23,190.03596814250236,189.67500632927076
2026-06-24,187.34692129827866,187.0142624112343
2026-06-25,187.34692129827866,187.02361499449748
2026-06-26,187.4282778110816,187.12181548402262
2026-06-29,187.17564442921983,185.93874341927938
2026-06-30,190.11304273357882,189.64227317009204
2026-07-01,192.03562558876425,191.6483527534081
2026-07-02,191.53892266849363,191.18073460565682
2026-07-03,189.9117924124347,189.38975921929307
2026-07-06,190.2800376809112,189.75450116877832
2026-07-07,192.34392395307015,192.01309396738495
2026-07-08,191.75730067654365,191.302315257184
2026-07-09,191.41902886015242,190.99368723197958
2026-07-10,192.50663697867603,192.03179713012844
2026-07-13,193.3202021067055,192.89688885429183
2026-07-14,192.03562558876425,191.65770187957187
2026-07-15,192.55802003939368,192.17675693411022
2026-07-16,193.3630213239702,192.98573460126215
2026-07-17,192.72073306499956,192.31236491637677
2026-07-21,190.4555964716965,190.15197204075014
2026-07-22,192.9219833861437,192.50408728322373
2026-07-23,192.55802003939368,192.16272748540786
2026-07-24,191.26916159972595,190.84404535733023
2026-07-27,191.00368245268479,190.6195898587046
2026-07-28,191.18780508692302,190.820664933067
2026-07-29,191.43615654705832,191.1292925519098
2026-07-30,188.3274813736405,188.0336650537999
2026-07-31,188.19045987839343,187.8980551745631
2026-08-03,183.70300590905197,183.44166008916304
2026-08-04,188.37886443435815,187.98690233177166
2026-08-05,191.92001370214953,191.5407947203538
2026-08-06,191.88575832833777,191.44727109651575
2026-08-07,192.57942964802604,192.15337266519205
2026-08-10,192.9690845251349,192.51811435411764
2026-08-12,193.97533613085554,193.60298665658252
2026-08-13,194.50201250321143,194.09866063919992
2026-08-14,195.7994347863321,195.42201754349156
2026-08-17,195.10576346664382,194.67850516444472
2026-08-18,194.5833690160144,194.24362063889805
2026-08-19,193.16177100282607,192.8314151286395
2026-08-20,192.42956238759956,192.09725579507685
2026-08-21,191.5731780423054,191.28827662174706
2026-08-24,192.0142159801319,191.6202842061828
2026-08-25,191.98424252804656,191.61560867124814
2026-08-26,192.48522737004367,192.08790282350103
2026-08-27,192.50663697867603,192.20013018072567
2026-08-28,194.15945876509377,193.7058586745836
2026-08-31,194.4335017555879,194.04254270166302
2026-09-01,193.53001627130254,193.13536470815137
2026-09-02,192.7592703605378,192.4573185892095
2026-09-03,191.74017298963776,191.41453094904398
2026-09-04,190.08306928149355,189.71708028760503
2026-09-07,189.72338785646997,189.32428245589438
2026-09-08,187.0343410122463,186.64483457682363
2026-09-09,185.9467328937227,185.60672347270076
2026-09-10,185.04324740943736,184.75565910749415
