date,emaxis-sp_start_100,rakuten-sp_start_100
2023-10-27,100.0,100.0
2023-10-30,99.1804386004413,99.17071197411003
2023-10-31,100.13959562300177,100.13147249190939
2023-11-01,102.11644976809113,102.0529935275081
2023-11-02,102.61178907551674,102.52831715210355
2023-11-06,104.88134372044851,104.81391585760518
2023-11-07,105.37217994326113,105.33980582524272
2023-11-08,106.07015805826991,106.0275080906149
2023-11-09,106.47093258882335,106.38147249190939
2023-11-10,105.87202233529969,105.78478964401295
2023-11-13,107.73629936506508,107.65574433656957
2023-11-14,107.69577160354844,107.59506472491908
2023-11-15,108.96113837979016,108.8794498381877
2023-11-16,109.65011032557301,109.57726537216827
2023-11-17,109.38442833340838,109.3042071197411
2023-11-20,108.93411987211239,108.84911003236246
2023-11-21,108.45228981852568,108.40412621359224
2023-11-22,108.3622281262665,108.29288025889967
2023-11-24,109.74017201783222,109.64805825242718
2023-11-27,109.72666276399335,109.63794498381878
2023-11-28,108.51082991849417,108.44457928802589
2023-11-29,107.7317962804521,107.62540453074433
2023-11-30,107.74080244967803,107.64563106796116
2023-12-01,108.77200882604585,108.66707119741102
2023-12-04,108.32170036474986,108.22208737864078
2023-12-05,108.29017877245914,108.20186084142395
2023-12-06,108.3171972801369,108.23220064724919
2023-12-07,107.83086414193723,107.7467637540453
2023-12-08,105.80897915071826,105.71399676375404
2023-12-11,107.83987031116315,107.7467637540453
2023-12-12,108.61890394920522,108.53559870550163
2023-12-13,108.93411987211239,108.84911003236246
2023-12-14,108.04250911874634,107.95914239482201
2023-12-15,108.35772504165352,108.29288025889967
2023-12-18,108.11906155716666,107.96925566343043
2023-12-19,108.98815688746792,108.88956310679612
2023-12-20,110.66330436348899,110.56836569579286
2023-12-21,108.63241320304408,108.55582524271846
2023-12-22,108.88008285675687,108.79854368932038
2023-12-25,108.9656414644031,108.89967637540454
2023-12-26,109.00616922591975,108.9401294498382
2023-12-27,109.86625838699509,109.7997572815534
2023-12-28,109.29886972576215,109.24352750809061
2023-12-29,109.33939748727879,109.28398058252426
2024-01-04,108.76750574143288,108.69741100323624
2024-01-05,109.61408564866935,109.54692556634305
2024-01-09,110.55973341739092,110.48745954692556
2024-01-10,110.95150177871842,110.8717637540453
2024-01-11,112.32494258567118,112.25728155339804
2024-01-12,111.99621740892512,111.9336569579288
2024-01-15,111.96919890124735,111.90331715210355
2024-01-16,112.54109064709326,112.47977346278317
2024-01-17,113.29760886207052,113.24838187702267
2024-01-18,113.29310577745755,113.23826860841424
2024-01-19,114.23875354617914,114.16868932038835
2024-01-22,115.66172828387444,115.59466019417475
2024-01-23,115.87337326068356,115.81715210355988
2024-01-24,116.2291169451074,116.17111650485437
2024-01-25,116.08501823749269,116.02953074433657
2024-01-26,116.57585446030532,116.52508090614886
2024-01-29,116.93159814472914,116.86893203883496
2024-01-30,117.12523078308641,117.07119741100325
2024-01-31,117.19728013689377,117.13187702265373
2024-02-01,114.76561444589544,114.70469255663431
2024-02-02,115.9139010222002,115.86771844660196
2024-02-05,118.97599855901294,118.92192556634305
2024-02-06,118.53919935155581,118.47694174757282
2024-02-07,118.17895258251903,118.12297734627832
2024-02-08,119.37227000495338,119.3163430420712
2024-02-09,120.56108434277479,120.50970873786409
2024-02-13,121.03841131174855,120.99514563106797
2024-02-14,120.425991804386,120.3883495145631
2024-02-15,121.44368892691493,121.3794498381877
2024-02-16,121.99306524969604,121.9457928802589
2024-02-19,121.23204395010583,121.17718446601941
2024-02-20,121.51573828072229,121.47046925566343
2024-02-21,120.61512135813032,120.5906148867314
2024-02-22,121.08344215787814,121.03559870550163
2024-02-26,123.53312018732832,123.48300970873787
2024-02-27,123.31697212590625,123.26051779935274
2024-02-28,123.39802764893952,123.34142394822007
2024-02-29,123.34399063358401,123.3009708737864
2024-03-01,123.71324357184672,123.65493527508092
2024-03-04,124.51929571756652,124.48422330097087
2024-03-05,124.65889134056829,124.61569579288026
2024-03-06,123.09181789525825,123.04813915857605
2024-03-07,122.88017291844915,122.84587378640776
2024-03-08,123.19538884135632,123.1492718446602
2024-03-11,121.5382537037871,121.50080906148868
2024-03-12,121.42117350385013,121.39967637540454
2024-03-13,123.35299680280994,123.32119741100325
2024-03-14,123.24942585671185,123.22006472491908
2024-03-15,123.681721979556,123.66504854368931
2024-03-18,123.48358625658575,123.42233009708738
2024-03-19,124.2310983023371,124.18082524271846
2024-03-21,127.33372360066646,127.28559870550163
2024-03-22,128.42347007700275,128.36771844660194
2024-03-25,128.11275723870853,128.05420711974108
2024-03-26,127.63543026973477,127.57888349514563
2024-03-27,127.48232539289413,127.43729773462785
2024-03-28,128.55405953077857,128.50930420711975
2024-03-29,128.60359346152114,128.5497572815534
2024-04-01,128.62160579997297,128.56998381877023
2024-04-02,128.63961813842482,128.59021035598707
2024-04-03,127.58139325437925,127.53843042071198
2024-04-04,127.84707524654388,127.81148867313917
2024-04-05,125.65857612464538,125.61690938511327
2024-04-08,127.73449813121988,127.68001618122977
2024-04-09,127.84257216193092,127.79126213592234
2024-04-10,127.90561534651236,127.85194174757282
2024-04-11,127.6894672850903,127.63956310679612
2024-04-12,128.70716440761922,128.65088996763754
2024-04-15,127.15810330076103,127.11367313915858
2024-04-16,126.41059125500969,126.36529126213591
2024-04-17,126.45562210113927,126.40574433656957
2024-04-18,125.4559373170622,125.40453074433657
2024-04-19,125.42891880938443,125.37419093851132
2024-04-22,124.36168775611294,124.32241100323624
2024-04-23,125.49196199396586,125.45509708737863
2024-04-24,127.00049533930742,126.96197411003236
2024-04-25,127.5768901697663,127.52831715210355
2024-04-26,127.18061872382582,127.14401294498381
2024-04-30,129.8329355608592,129.79368932038835
2024-05-01,128.66663664610257,128.6205501618123
2024-05-02,126.73931643175575,126.6990291262136
2024-05-07,129.15296978430223,129.1059870550162
2024-05-08,130.04007745305535,129.98584142394822
2024-05-09,130.62547845274014,130.57241100323625
2024-05-10,131.35497816003962,131.31067961165047
2024-05-13,131.82329895978745,131.77588996763754
2024-05-14,132.11599945962985,132.06917475728156
2024-05-15,132.91304543612375,132.86812297734627
2024-05-16,132.2691043364705,132.22087378640776
2024-05-17,133.42189399738822,133.37378640776697
2024-05-20,133.86769937407124,133.82888349514565
2024-05-21,134.49813121988564,134.46601941747574
2024-05-22,134.69626694285586,134.6581715210356
2024-05-23,134.84036565047057,134.7997572815534
2024-05-24,134.0523258432026,134.0109223300971
2024-05-27,134.74129778898543,134.69862459546925
2024-05-28,134.79983788895393,134.75930420711975
2024-05-29,135.23213401179808,135.19417475728156
2024-05-30,134.4215787814653,134.38511326860842
2024-05-31,132.88602692844597,132.84789644012943
2024-06-03,134.34052325843203,134.31432038834953
2024-06-04,133.89471788174902,133.85922330097085
2024-06-05,133.10217498986805,133.07038834951456
2024-06-06,135.10154455802223,135.0728155339806
2024-06-07,135.10154455802223,135.0728155339806
2024-06-10,136.01116764984013,135.97289644012943
2024-06-11,136.65060566488046,136.62014563106797
2024-06-12,136.9117845724321,136.87297734627833
2024-06-13,137.79889224118523,137.76294498381878
2024-06-14,138.49236727158103,138.4405339805825
2024-06-17,138.6634844868735,138.62257281553397
2024-06-18,139.92434817850227,139.89684466019418
2024-06-19,140.47822758589635,140.44296116504856
2024-06-20,140.65384788580178,140.61488673139158
2024-06-21,141.13567793938847,141.09021035598707
2024-06-24,141.61300490836223,141.5655339805825
2024-06-25,140.90151753951457,140.86771844660194
2024-06-26,141.6490295852659,141.6059870550162
2024-06-27,142.761291484667,142.70833333333331
2024-06-28,143.14855676138154,143.1027508090615
2024-07-01,142.7162606385374,142.6779935275081
2024-07-02,143.52681586887016,143.48705501618122
2024-07-03,144.33286801459,144.28600323624596
2024-07-04,144.94528752195254,144.8927993527508
2024-07-05,144.67960552978792,144.61974110032364
2024-07-08,145.12541090647093,145.07483818770226
2024-07-09,145.43612374476515,145.3782362459547
2024-07-10,146.08907101364434,146.04571197411002
2024-07-11,147.75971540505248,147.70428802588998
2024-07-12,144.0987076147161,144.05339805825244
2024-07-16,144.71112712207864,144.6703074433657
2024-07-17,145.73332732922051,145.68163430420714
2024-07-18,141.26176430855136,141.211569579288
2024-07-19,141.62651416220112,141.5655339805825
2024-07-22,140.6628540550277,140.61488673139158
2024-07-23,141.46440311613455,141.41383495145632
2024-07-24,140.45571216283156,140.4025080906149
2024-07-25,134.99797361192415,134.961569579288
2024-07-26,134.97545818885936,134.9413430420712
2024-07-29,136.14626018822892,136.11448220064725
2024-07-30,136.5425316341694,136.5088996763754
2024-07-31,134.4215787814653,134.375
2024-08-01,134.02530733552481,133.98058252427185
2024-08-02,132.10699329040392,132.05906148867314
2024-08-05,126.17192777052281,126.12257281553399
2024-08-06,121.99306524969604,121.9457928802589
2024-08-07,125.00112577115323,124.94943365695792
2024-08-08,123.32597829513216,123.29085760517799
2024-08-09,127.4282883775386,127.38673139158576
2024-08-13,127.78403206196245,127.74069579288026
2024-08-14,129.73837078398702,129.69255663430422
2024-08-15,130.47687666051243,130.42071197411002
2024-08-16,134.18291529697842,134.14239482200648
2024-08-19,133.38136623587158,133.34344660194176
2024-08-20,133.34083847435494,133.29288025889966
2024-08-21,132.3096320979871,132.27144012944984
2024-08-22,132.69689737470168,132.64563106796118
2024-08-23,132.29161975953528,132.26132686084142
2024-08-26,131.33246273697483,131.29045307443366
2024-08-27,132.10699329040392,132.05906148867314
2024-08-28,131.78727428288377,131.73543689320388
2024-08-29,131.23789796010269,131.18932038834953
2024-08-30,131.48106452920248,131.44215210355986
2024-09-02,134.1423875354618,134.10194174757282
2024-09-03,134.98896744269823,134.9413430420712
2024-09-04,130.56693835277164,130.52184466019418
2024-09-05,128.91880938442833,128.87338187702267
2024-09-06,128.0452109695141,128.00364077669903
2024-09-09,125.44693114783627,125.40453074433657
2024-09-10,127.5768901697663,127.53843042071198
2024-09-11,126.88791822398342,126.8406148867314
2024-09-12,128.9007970459765,128.85315533980582
2024-09-13,128.68014589994146,128.64077669902915
2024-09-17,128.8692754536858,128.83292880258898
2024-09-18,129.68433376863152,129.65210355987057
2024-09-19,131.15233935245644,131.1185275080906
2024-09-20,132.57081100553881,132.5242718446602
2024-09-24,133.59751429729366,133.54571197411002
2024-09-25,133.5479803665511,133.50525889967636
2024-09-26,134.4891250506597,134.43567961165047
2024-09-27,135.90309361912912,135.8515372168285
2024-09-30,133.1201873283199,133.06027508090614
2024-10-01,134.97545818885936,134.92111650485435
2024-10-02,133.56148962038995,133.51537216828478
2024-10-03,136.55153780339532,136.49878640776697
2024-10-04,135.95713063448463,135.90210355987057
2024-10-07,138.83910478677893,138.7742718446602
2024-10-08,136.97482775701354,136.9336569579288
2024-10-09,138.63196289458278,138.58211974110034
2024-10-10,140.71238798577025,140.65533980582526
2024-10-11,139.69919394785427,139.6440129449838
2024-10-15,142.62619894627818,142.58697411003237
2024-10-16,141.189714954744,141.14077669902915
2024-10-17,142.18039356959517,142.13187702265373
2024-10-18,142.62619894627818,142.58697411003237
2024-10-21,142.53163416940603,142.4757281553398
2024-10-22,143.52231278425722,143.47694174757282
2024-10-23,144.05367676858648,144.00283171521036
2024-10-24,144.0716891070383,144.01294498381878
2024-10-25,143.78799477642187,143.73988673139158
2024-10-28,144.95879677579143,144.91302588996763
2024-10-29,144.85522582969335,144.8118932038835
2024-10-30,145.44512991399108,145.3984627831715
2024-10-31,145.27851578331158,145.2366504854369
2024-11-01,141.10865943171072,141.0598705501618
2024-11-05,141.6490295852659,141.6059870550162
2024-11-06,143.78799477642187,143.73988673139158
2024-11-07,149.1466654658441,149.0898058252427
2024-11-08,148.79992795064618,148.74595469255664
2024-11-11,149.38983203494394,149.34263754045307
2024-11-12,150.2138965191156,150.16181229773463
2024-11-13,150.89386229567253,150.83940129449837
2024-11-14,151.71342369523126,151.66868932038835
2024-11-15,151.84851623362005,151.79004854368932
2024-11-18,147.48052415904894,147.4312297734628
2024-11-19,148.20101769712252,148.1593851132686
2024-11-20,149.20070248119964,149.1504854368932
2024-11-21,149.42135362723465,149.37297734627833
2024-11-22,149.64650785788265,149.59546925566343
2024-11-25,149.90318368082137,149.85841423948222
2024-11-26,150.3489890575044,150.30339805825244
2024-11-27,149.88066825775655,149.82807443365695
2024-11-28,148.23704237402623,148.17961165048544
2024-11-29,147.2283514207232,147.17839805825244
2024-12-02,147.55707659746926,147.5121359223301
2024-12-03,147.67415679740623,147.62338187702267
2024-12-04,147.60661052821183,147.55258899676375
2024-12-05,149.06560994281082,149.0088996763754
2024-12-06,148.4757058585131,148.43244336569578
2024-12-09,148.64682307380556,148.59425566343043
2024-12-10,149.42135362723465,149.37297734627833
2024-12-11,149.2952672580718,149.24150485436894
2024-12-12,151.04696717251318,151.00121359223303
2024-12-13,150.84432836493,150.78883495145632
2024-12-16,151.74044220290898,151.68891585760517
2024-12-17,152.6815868870176,152.63956310679612
2024-12-18,151.56932498761654,151.50687702265373
2024-12-19,148.24604854325213,148.18972491909386
2024-12-20,150.9974332417706,150.9304207119741
2024-12-23,151.45674787229254,151.39563106796118
2024-12-24,153.27599405592832,153.21601941747574
2024-12-25,154.89710451659386,154.834142394822
2024-12-26,154.94663844733643,154.8847087378641
2024-12-27,155.63110730850633,155.57241100323625
2024-12-30,153.92443824019452,153.86326860841424
2025-01-06,152.78065474850274,152.72046925566343
2025-01-07,154.12257396316477,154.0554207119741
2025-01-08,152.2898185256901,152.22491909385113
2025-01-09,152.8527041023101,152.7710355987055
2025-01-10,152.60953753321024,152.538430420712
2025-01-14,149.9347052731121,149.8685275080906
2025-01-15,150.5966587112172,150.53600323624596
2025-01-16,151.7944792182645,151.72936893203882
2025-01-17,150.30395821137478,150.24271844660194
2025-01-20,152.61854370243617,152.54854368932038
2025-01-21,152.63655604088802,152.5687702265372
2025-01-22,153.4336020173819,153.36771844660194
2025-01-23,155.32039447021208,155.2588996763754
2025-01-24,155.97784482370426,155.91626213592232
2025-01-27,154.82055207817356,154.7532362459547
2025-01-28,152.10519205655874,152.0529935275081
2025-01-29,154.0505246093574,153.9745145631068
2025-01-30,152.42491106407888,152.3462783171521
2025-01-31,152.90223803305264,152.83171521035598
2025-02-03,153.39757734047822,153.31715210355986
2025-02-04,151.88904399513666,151.81027508090614
2025-02-05,151.72693294907012,151.6484627831715
2025-02-06,150.88035304183364,150.79894822006472
2025-02-07,150.1328409960823,150.06067961165047
2025-02-10,149.36281352726616,149.2819579288026
2025-02-12,151.72242986445715,151.6484627831715
2025-02-13,152.55550051785474,152.4777508090615
2025-02-14,152.45192957175666,152.37661812297733
2025-02-17,151.56932498761654,151.4866504854369
2025-02-18,151.33066150312965,151.25404530744336
2025-02-19,152.19075066420498,152.12378640776697
2025-02-20,151.5378033953258,151.46642394822007
2025-02-21,149.63299860404376,149.5651294498382
2025-02-25,146.71499977484578,146.6626213592233
2025-02-26,144.7606610528212,144.6905339805825
2025-02-27,145.09388931418022,145.0242718446602
2025-02-28,143.20259377673707,143.14320388349515
2025-03-03,146.35024992119602,146.288430420712
2025-03-04,142.5496465078579,142.48584142394822
2025-03-05,141.38785067771425,141.3228155339806
2025-03-06,142.37402620795245,142.31391585760517
2025-03-07,138.73553384068086,138.67313915857605
2025-03-10,138.86162020984375,138.80461165048544
2025-03-11,134.49813121988564,134.43567961165047
2025-03-12,134.75480704282435,134.69862459546925
2025-03-13,135.62840545773855,135.55825242718447
2025-03-14,133.79114693565094,133.7378640776699
2025-03-17,137.10992029540233,137.04490291262138
2025-03-18,138.63646597919575,138.58211974110034
2025-03-19,137.31255910298555,137.24716828478964
2025-03-21,137.92047552573513,137.8640776699029
2025-03-24,138.722024586842,138.6529126213592
2025-03-25,142.25244292340253,142.18244336569578
2025-03-26,141.77511595442877,141.70711974110034
2025-03-27,140.5502769397037,140.48341423948222
2025-03-28,140.57729544738146,140.50364077669903
2025-03-31,136.3534020804251,136.27629449838187
2025-04-01,137.39811771063177,137.32807443365695
2025-04-02,137.93848786418695,137.8640776699029
2025-04-03,137.00634934930426,136.92354368932038
2025-04-04,128.80172918449136,128.72168284789643
2025-04-07,120.91232494258568,120.84344660194175
2025-04-08,122.27675958031253,122.19862459546927
2025-04-09,118.41311298239295,118.34546925566343
2025-04-10,131.03525915251947,130.95671521035598
2025-04-11,123.61867879497457,123.54368932038835
2025-04-14,125.58652677083802,125.51577669902913
2025-04-15,126.9464583239519,126.87095469255662
2025-04-16,126.10888458594135,126.04166666666667
2025-04-17,122.93871301841762,122.8661003236246
2025-04-18,123.04678704912865,122.97734627831716
2025-04-21,121.99306524969604,121.91545307443366
2025-04-22,118.88593686675372,118.81067961165049
2025-04-23,122.86216057999731,122.78519417475728
2025-04-24,125.66758229387129,125.58656957928802
2025-04-25,128.34691763858243,128.26658576051778
2025-04-28,129.7879047147296,129.70266990291262
2025-04-30,129.63479983788895,129.5509708737864
2025-05-01,130.2787409375422,130.19822006472492
2025-05-02,133.78664385103795,133.69741100323625
2025-05-07,131.14783626784347,131.06796116504856
2025-05-08,132.28261359030938,132.20064724919095
2025-05-09,135.06551988111858,134.98179611650485
2025-05-12,135.11955689647408,135.03236245954693
2025-05-13,141.38785067771425,141.31270226537217
2025-05-14,141.86517764668798,141.78802588996763
2025-05-15,141.00508848561265,140.92839805825244
2025-05-16,140.45571216283156,140.38228155339806
2025-05-19,141.32030440851983,141.23179611650485
2025-05-20,141.83365605439727,141.74757281553397
2025-05-21,140.2710856937002,140.1901294498382
2025-05-22,137.13243571846715,137.05501618122977
2025-05-23,137.60075651821498,137.52022653721681
2025-05-26,135.57436844238305,135.49757281553397
2025-05-27,135.21862475795922,135.14360841423948
2025-05-28,139.63164767865987,139.5631067961165
2025-05-29,140.77543117035168,140.69579288025892
2025-05-30,139.23087314810644,139.1484627831715
2025-06-02,138.99671274823254,138.915857605178
2025-06-03,138.80758319448822,138.73381877022655
2025-06-04,140.75741883189986,140.67556634304208
2025-06-05,139.53257981717476,139.45186084142395
2025-06-06,139.8072679785653,139.73503236245955
2025-06-09,142.37852929256542,142.30380258899675
2025-06-10,142.3334984464358,142.2532362459547
2025-06-11,143.3466924843518,143.26456310679612
2025-06-12,142.1443688926915,142.06108414239483
2025-06-13,141.65803575449183,141.57564724919095
2025-06-16,141.38785067771425,141.31270226537217
2025-06-17,143.39172333048137,143.30501618122977
2025-06-18,142.4685909848246,142.39482200647248
2025-06-19,141.9957671004638,141.91949838187702
2025-06-20,142.41905705408203,142.34425566343043
2025-06-23,143.23861845364075,143.15331715210357
2025-06-24,143.8465348763903,143.76011326860842
2025-06-25,144.78767956049893,144.71076051779934
2025-06-26,144.53100373756024,144.4478155339806
2025-06-27,145.47214842166883,145.3883495145631
2025-06-30,146.47183320574592,146.3794498381877
2025-07-01,146.09807718287027,146.00525889967636
2025-07-02,145.9494753906426,145.86367313915858
2025-07-03,146.57990723645696,146.49069579288025
2025-07-04,148.84495879677579,148.75606796116506
2025-07-07,148.61530148151482,148.5234627831715
2025-07-08,149.16467780429593,149.0796925566343
2025-07-09,149.8761651731436,149.7876213592233
2025-07-10,149.75908497320665,149.66626213592232
2025-07-11,150.97942090331878,150.88996763754045
2025-07-14,150.84883144954293,150.75849514563106
2025-07-15,151.7494483721349,151.66868932038835
2025-07-16,152.55550051785474,152.45752427184468
2025-07-17,152.48345116404738,152.39684466019418
2025-07-18,153.4921421173504,153.39805825242718
2025-07-22,152.44292340253074,152.35639158576052
2025-07-23,151.51979105687397,151.4259708737864
2025-07-24,152.72211464853424,152.63956310679612
2025-07-25,153.79384878641872,153.70145631067962
2025-07-28,154.77552123204396,154.68244336569578
2025-07-29,155.60859188544154,155.52184466019418
2025-07-30,154.84306750123835,154.7532362459547
2025-07-31,155.84275228531544,155.7544498381877
2025-08-01,156.7343630386815,156.64441747572815
2025-08-04,151.00643941099653,150.9203074433657
2025-08-05,152.55099743324178,152.46763754045307
2025-08-06,152.48795424866032,152.39684466019418
2025-08-07,153.63624082496509,153.5497572815534
2025-08-08,153.09136758679696,153.01375404530745
2025-08-12,155.18079884721035,155.08697411003237
2025-08-13,156.2840545773855,156.19943365695792
2025-08-14,155.57256720853786,155.48139158576052
2025-08-15,156.6533075156482,156.56351132686083
2025-08-18,156.06340343135048,155.97694174757282
2025-08-19,156.47768721574278,156.39158576051778
2025-08-20,155.39244382401944,155.3094660194175
2025-08-21,154.77552123204396,154.68244336569578
2025-08-22,155.2528482010177,155.15776699029126
2025-08-25,156.46868104651685,156.3814724919094
2025-08-26,155.49601477011754,155.41059870550163
2025-08-27,156.56324582338902,156.4724919093851
2025-08-28,156.79740622326293,156.70509708737862
2025-08-29,156.76138154635925,156.6747572815534
2025-09-01,156.1534651236097,156.06796116504856
2025-09-02,156.21650830819112,156.12864077669903
2025-09-03,156.6893321925519,156.6039644012945
2025-09-04,156.680326023326,156.5938511326861
2025-09-05,158.24289638402306,158.15129449838187
2025-09-08,157.99522673031026,157.90857605177993
2025-09-09,157.16215607691268,157.06917475728156
2025-09-10,157.75206016121044,157.65574433656957
2025-09-11,158.26541180708787,158.17152103559872
2025-09-12,159.3281397757464,159.23341423948222
2025-09-16,160.28729679830684,160.19417475728156
2025-09-17,159.0219300220651,158.93001618122977
2025-09-18,159.3371459449723,159.2435275080906
2025-09-19,161.26446615931914,161.17516181229774
2025-09-22,162.31368487413877,162.2168284789644
2025-09-24,161.66524068987255,161.5594660194175
2025-09-25,162.20561084342776,162.10558252427185
2025-09-26,162.49831134327013,162.40898058252426
2025-09-29,162.83153960462917,162.73260517799352
2025-09-30,162.89908587382357,162.80339805825244
2025-10-01,162.7955149277255,162.69215210355986
2025-10-02,162.2776601972351,162.17637540453075
2025-10-03,162.6153915432071,162.52022653721681
2025-10-06,165.26770838024046,165.16990291262138
2025-10-07,166.64114918719324,166.5453074433657
2025-10-08,168.0371054172108,167.94093851132686
2025-10-09,169.49160174719685,169.3972491909385
2025-10-10,169.41955239338947,169.3163430420712
2025-10-14,166.7582293871302,166.64644012944984
2025-10-15,165.60543972621244,165.50364077669903
2025-10-16,165.24969604178864,165.15978964401293
2025-10-17,163.61057324267122,163.51132686084142
2025-10-20,165.37127932633854,165.2811488673139
2025-10-21,166.6546584410321,166.5554207119741
2025-10-22,167.92903138649976,167.8296925566343
2025-10-23,167.64083397127033,167.54652103559872
2025-10-24,169.09533030125635,169.00283171521036
2025-10-27,170.77948394650335,170.69174757281553
2025-10-28,172.39158823794298,172.2997572815534
2025-10-29,171.68910703832125,171.5918284789644
2025-10-30,173.04453550682217,172.9470064724919
2025-10-31,172.78785968388345,172.68406148867314
2025-11-04,173.86859999099383,173.76618122977345
2025-11-05,170.84252713108478,170.7423139158576
2025-11-06,172.0853784842617,171.98624595469255
2025-11-07,169.2799567703877,169.1747572815534
2025-11-10,170.27063538523888,170.165857605178
2025-11-11,173.39577610663304,173.290857605178
2025-11-12,173.66145809879768,173.56391585760517
2025-11-13,174.62061512135813,174.51456310679612
2025-11-14,171.4144188769307,171.3086569579288
2025-11-17,171.3108479308326,171.21763754045307
2025-11-18,170.4597649389832,170.35800970873788
2025-11-19,169.28445985500068,169.1848705501618
2025-11-20,171.83320574593597,171.73341423948222
2025-11-21,169.39703697032468,169.29611650485435
2025-11-25,173.0310262529833,172.92677993527508
2025-11-26,174.0622326293511,173.95833333333331
2025-11-27,174.74219840590806,174.6359223300971
2025-11-28,175.54825055162786,175.44498381877023
2025-12-01,175.6338091592741,175.53600323624596
2025-12-02,174.52605034448598,174.4336569579288
2025-12-03,175.1159544287837,175.02022653721681
2025-12-04,175.04390507497635,174.92920711974108
2025-12-05,175.03940199036342,174.92920711974108
2025-12-08,175.534741297789,175.4247572815534
2025-12-09,175.82744179763137,175.7180420711974
2025-12-10,176.6334939433512,176.51699029126212
2025-12-11,176.68302787409377,176.56755663430422
2025-12-12,176.87215742783806,176.76982200647248
2025-12-15,175.3411086594317,175.23260517799352
2025-12-16,174.08024496780294,173.96844660194176
2025-12-17,173.18413112982392,173.06836569579286
2025-12-18,172.1979555995857,172.0873786407767
2025-12-19,173.83257531409015,173.7257281553398
2025-12-22,177.35849056603774,177.24514563106797
2025-12-23,177.52060161210431,177.4069579288026
2025-12-24,177.72774350430046,177.61933656957927
2025-12-25,177.9574008195614,177.8418284789644
2025-12-26,178.62836042689244,178.51941747572815
2025-12-29,178.54730490385916,178.42839805825244
2025-12-30,178.02945017336876,177.9126213592233
2026-01-05,177.6782095735579,177.5687702265372
2026-01-06,178.14653037330572,178.03398058252426
2026-01-07,179.20925834196424,179.09587378640776
2026-01-08,178.81298689602377,178.6913430420712
2026-01-09,179.15522132660874,179.0453074433657
2026-01-13,181.92912144819203,181.8163430420712
2026-01-14,182.69914891700816,182.58495145631068
2026-01-15,180.9519520871797,180.84546925566343
2026-01-16,181.64092403296257,181.52305825242718
2026-01-19,180.14139685684694,180.02629449838187
2026-01-20,180.87089656414642,180.76456310679612
2026-01-21,177.20988877381006,177.10355987055016
2026-01-22,179.29031386499753,179.1868932038835
2026-01-23,180.6727608411762,180.56229773462783
2026-01-26,176.44886747421984,176.33495145631068
2026-01-27,176.73706488944927,176.6282362459547
2026-01-28,175.31859323636692,175.2123786407767
2026-01-29,176.08862070518305,175.9809870550162
2026-01-30,176.4443643896069,176.33495145631068
2026-02-02,177.56112937362093,177.44741100323625
2026-02-03,178.88053316521817,178.7621359223301
2026-02-04,177.9123699734318,177.79126213592232
2026-02-05,177.9033638042059,177.7811488673139
2026-02-06,175.6878461746296,175.5663430420712
2026-02-09,179.31282928806232,179.1970064724919
2026-02-10,179.26329535731978,179.14644012944984
2026-02-12,175.422164182465,175.30339805825244
2026-02-13,172.26550186878012,172.14805825242718
2026-02-16,172.53118386094474,172.41100323624596
2026-02-17,172.81037510694824,172.69417475728156
2026-02-18,172.89593371459452,172.77508090614887
2026-02-19,175.62029990543522,175.50566343042073
2026-02-20,175.55275363624082,175.4348705501618
2026-02-24,174.61611203674516,174.49433656957927
2026-02-25,177.06579006619535,176.95186084142395
2026-02-26,178.88503624983113,178.7621359223301
2026-02-27,177.5296077813302,177.41707119741102
2026-03-02,177.5971540505246,177.4878640776699
2026-03-03,178.76795604989417,178.65088996763754
2026-03-04,177.30445355068224,177.1844660194175
2026-03-05,177.44855225829696,177.32605177993528
2026-03-06,177.4080244967803,177.28559870550163
2026-03-09,176.47138289728463,176.3652912621359
2026-03-10,176.8586481739992,176.73948220064725
2026-03-11,177.05678389696942,176.94174757281553
2026-03-12,177.87184221191518,177.7609223300971
2026-03-13,175.35912099788356,175.24271844660194
2026-03-16,174.50353492142116,174.39320388349515
2026-03-17,176.2192101589589,176.11245954692555
2026-03-18,176.4668798126717,176.35517799352752
2026-03-19,174.81875084432835,174.70671521035598
2026-03-23,171.32886026928446,171.20752427184468
2026-03-24,172.15742783806908,172.04692556634305
2026-03-25,171.72062863061197,171.60194174757282
2026-03-26,173.58940874499032,173.47289644012943
2026-03-27,170.65339757734048,170.54004854368932
2026-03-30,168.21272571711623,168.1027508090615
2026-03-31,167.4381951636871,167.334142394822
2026-04-01,171.23879857702525,171.12661812297733
2026-04-02,172.30602963029676,172.19862459546925
2026-04-03,173.57589949115143,173.46278317152104
2026-04-06,173.65695501418472,173.53357605177993
2026-04-07,174.52605034448598,174.413430420712
2026-04-08,173.34624217589047,173.2200647249191
2026-04-09,177.99342549646508,177.87216828478964
2026-04-10,179.5289773494844,179.4093851132686
2026-04-13,179.99279506461926,179.87459546925567
2026-04-14,181.08254154095556,180.9668284789644
2026-04-15,182.8522537938488,182.7366504854369
2026-04-16,184.22119151618858,184.10194174757282
2026-04-17,185.40099968478407,185.27508090614887
2026-04-20,187.14819651461252,187.02467637540454
2026-04-21,186.70689422254245,186.5898058252427
2026-04-22,185.75674336920792,185.62904530744336
2026-04-23,187.8912054757509,187.76294498381878
2026-04-24,187.6660512451029,187.55056634304208
2026-04-27,188.83685324447245,188.7135922330097
2026-04-28,189.0439951366686,188.915857605178
2026-04-30,189.0484982212816,188.9259708737864
2026-05-01,187.11667492232178,186.99433656957927
2026-05-07,190.26433106678073,190.13956310679612
2026-05-08,190.35439275903994,190.22046925566343
2026-05-11,191.93497545818886,191.79813915857605
2026-05-12,192.8085738731031,192.6779935275081
2026-05-13,192.97068491916963,192.8398058252427
2026-05-14,194.2180393569595,194.07362459546925
2026-05-15,196.53712793263384,196.38956310679612
2026-05-18,194.6683478182555,194.5287216828479
2026-05-19,194.59629846444815,194.45792880258898
2026-05-20,193.30391318052867,193.163430420712
2026-05-21,195.29427657945692,195.15574433656957
2026-05-22,195.93371459449722,195.8029935275081
2026-05-25,196.32548295582475,196.19741100323625
2026-05-26,196.46057549421354,196.32888349514565
2026-05-27,198.0591705318143,197.92677993527508
2026-05-28,198.50497590849733,198.38187702265373
2026-05-29,199.30652496960417,199.18082524271844
2026-06-01,199.83788895393343,199.70671521035598
2026-06-02,200.7520151303643,200.62702265372167
2026-06-03,201.30589453775838,201.18325242718447
2026-06-04,199.82888278470753,199.69660194174756
2026-06-05,200.73400279191245,200.59668284789643
2026-06-08,195.86616832530282,195.7322006472492
2026-06-09,196.37951997118026,196.24797734627833
2026-06-10,196.03728554059532,195.90412621359224
2026-06-11,193.0607466114288,192.93082524271844
2026-06-12,195.9157022560454,195.78276699029126
2026-06-15,196.90638087089656,196.77386731391587
2026-06-16,200.3287251767461,200.19215210355986
2026-06-17,199.41910208492817,199.2819579288026
2026-06-18,197.42873868599992,197.2997572815534
2026-06-19,200.01801233845185,199.87864077669903
2026-06-22,200.54937632278111,200.40453074433654
2026-06-23,199.85139820777235,199.7168284789644
2026-06-24,197.02346107083352,196.88511326860842
2026-06-25,197.02346107083352,196.89522653721681
2026-06-26,197.10901967847977,196.97613268608413
2026-06-29,196.84333768631512,196.69296116504856
2026-06-30,199.9324537308056,199.79773462783172
2026-07-01,201.95433872202457,201.82038834951456
2026-07-02,201.43198090692124,201.28438511326863
2026-07-03,199.7208087539965,199.58535598705504
2026-07-06,200.10807403071104,199.96966019417474
2026-07-07,202.2785608141577,202.1338996763754
2026-07-08,201.6616382221822,201.51699029126212
2026-07-09,201.30589453775838,201.16302588996763
2026-07-10,202.44967802945015,202.30582524271844
2026-07-13,203.30526410591256,203.15533980582524
2026-07-14,201.95433872202457,201.81027508090614
2026-07-15,202.5037150448057,202.35639158576052
2026-07-16,203.35029495204213,203.2059061488673
2026-07-17,202.67483226009816,202.52831715210357
2026-07-21,200.2927004998424,200.16181229773463
2026-07-22,202.88647723690727,202.74069579288025
2026-07-23,202.5037150448057,202.36650485436894
2026-07-24,201.14828657630474,201.001213592233
2026-07-27,200.86909533030126,200.72815533980582
2026-07-28,201.06272796865855,200.9304207119741
2026-07-29,201.32390687621023,201.18325242718447
2026-07-30,198.05466744720133,197.91666666666669
2026-07-31,197.9105687395866,197.77508090614887
2026-08-03,193.19133606520467,193.06229773462783
2026-08-04,198.10870446255686,197.97734627831716
2026-08-05,201.83275543747467,201.6990291262136
2026-08-06,201.796730760571,201.65857605177996
2026-08-07,202.5262304678705,202.38673139158573
2026-08-10,202.93601116764984,202.80137540453075
2026-08-12,203.9942360516954,203.8430420711974
2026-08-13,204.54811545908947,204.3992718446602
2026-08-14,205.91255009681632,205.7645631067961
2026-08-17,205.1830503895168,205.0364077669903
2026-08-18,204.6336740667357,204.49029126213594
2026-08-19,203.13864997523305,203.00364077669903
2026-08-20,202.36862250641693,202.22491909385113
2026-08-21,201.46800558382495,201.32483818770228
2026-08-24,201.9318232989598,201.79004854368935
2026-08-25,201.9003017066691,201.75970873786406
2026-08-26,202.42716260638537,202.28559870550163
2026-08-27,202.44967802945015,202.31593851132686
2026-08-28,204.18786869005268,204.0453074433657
2026-08-31,204.47606610528211,204.3385922330097
2026-09-01,203.52591525194757,203.38794498381878
2026-09-02,202.7153600216148,202.57888349514565
2026-09-03,201.64362588373038,201.5068770226537
2026-09-04,199.90093213851486,199.76739482200648
2026-09-07,199.52267303102624,199.38309061488673
2026-09-08,196.69473589408744,196.56148867313917
2026-09-09,195.55095240239564,195.41868932038835
2026-09-10,194.6008015490611,194.4680420711974
2026-09-11,194.6368262259648,194.49838187702267
