date,fang_start_100,rakuten-nasdaq_start_100
2024-01-30,100.0,100.0
2024-01-31,99.21726704630281,100.0
2024-02-01,95.92850896837076,100.0
2024-02-02,97.17192398745921,100.91000000000001
2024-02-05,103.45511549043445,104.22
2024-02-06,103.22690724507859,104.03
2024-02-07,102.1370529144539,103.25999999999999
2024-02-08,104.14187301384179,104.50999999999999
2024-02-09,105.39808475696888,105.67999999999999
2024-02-13,106.28958986499457,106.21000000000001
2024-02-14,105.66681596178044,105.44
2024-02-15,107.64817540043082,106.46
2024-02-16,107.71855738264338,106.61
2024-02-19,106.47300957621515,105.47999999999999
2024-02-20,106.72254569496874,105.72999999999999
2024-02-21,104.67506984878538,104.78
2024-02-22,104.52150916032164,104.63
2024-02-26,109.01955765990574,107.25
2024-02-27,109.16671998635017,107.4
2024-02-28,109.53142662145157,107.54999999999998
2024-02-29,108.85533303474311,107.09
2024-03-01,107.77187706613773,107.87
2024-03-04,109.6529954998187,109.25
2024-03-05,108.80201335124875,109.05
2024-03-06,106.05071768293983,106.82000000000001
2024-03-07,105.67108153646001,106.79
2024-03-08,107.43916224113295,107.61
2024-03-11,104.24424680615097,105.24
2024-03-12,103.20771215902063,104.86999999999999
2024-03-13,105.94407831595112,106.91999999999999
2024-03-14,105.23386013180627,106.16000000000001
2024-03-15,105.60069955424744,106.50999999999999
2024-03-18,104.79877151449229,105.80000000000001
2024-03-19,106.54339155842771,106.81
2024-03-21,109.94305457802803,109.43
2024-03-22,110.29923006377034,110.5
2024-03-25,110.93693347836286,110.5
2024-03-26,110.58715635463987,110.05
2024-03-27,110.34615138524538,109.83000000000001
2024-03-28,110.19685627146116,110.22000000000001
2024-03-29,109.65512828715849,109.98000000000002
2024-04-01,109.66365943651759,110.00000000000001
2024-04-02,110.64687440015355,110.47
2024-04-03,109.36080363426963,109.33
2024-04-04,110.16699724870433,109.67
2024-04-05,108.18990338473351,107.45
2024-04-08,110.37814319534198,109.39000000000001
2024-04-09,110.7343186810843,109.48
2024-04-10,110.73005310640475,109.79
2024-04-11,111.05210399471068,109.68
2024-04-12,113.95056198946403,111.53999999999999
2024-04-15,112.57917972998912,109.96
2024-04-16,110.27790219037259,108.82000000000001
2024-04-17,110.4037366434193,109.11999999999999
2024-04-18,108.75082645509416,107.53999999999999
2024-04-19,108.2069656834517,107.13999999999999
2024-04-22,104.16959924925887,104.96000000000001
2024-04-23,105.01205024846973,106.06
2024-04-24,107.30692942606692,107.66
2024-04-25,108.49489197432125,108.47
2024-04-26,108.0662017190266,108.04
2024-04-30,113.07611918015654,111.03
2024-05-01,111.04997120737093,109.64
2024-05-02,109.33094461151278,107.61
2024-05-07,114.01241282231749,110.96
2024-05-08,114.02094397167659,111.55999999999999
2024-05-09,114.42830635357349,112.02000000000001
2024-05-10,114.1958325335381,112.25
2024-05-13,114.37925224475866,112.75999999999999
2024-05-14,115.24729669204683,113.27000000000001
2024-05-15,116.62934288822062,114.16999999999999
2024-05-16,116.22837886834303,113.97999999999999
2024-05-17,117.01537739671977,114.97
2024-05-20,117.19239874592104,115.13
2024-05-21,118.60643675219144,116.36
2024-05-22,119.36997461983066,116.49000000000001
2024-05-23,119.0095335594088,116.88000000000001
2024-05-24,118.42088425363106,116.55
2024-05-27,119.98635016102543,117.48
2024-05-28,120.03540426984026,117.53
2024-05-29,121.08900121568877,118.27000000000001
2024-05-30,120.87998805639091,117.6
2024-05-31,118.0284513831126,115.71000000000001
2024-06-03,117.3544905837439,116.03000000000002
2024-06-04,117.70213492012711,115.9
2024-06-05,117.11775118902894,115.36999999999999
2024-06-06,120.07379444195618,118.09
2024-06-07,120.05246656855846,118.03999999999999
2024-06-10,120.68163883379188,118.83999999999999
2024-06-11,121.1551176232218,119.55
2024-06-12,122.41346215368864,120.30000000000001
2024-06-13,124.30311173672872,121.64999999999999
2024-06-14,126.48282039797812,122.66
2024-06-17,127.55561242988462,123.39
2024-06-18,129.98059163520804,125.07999999999998
2024-06-19,129.66493910892146,125.28999999999999
2024-06-20,129.82703094674432,125.44999999999999
2024-06-21,129.00590782093118,125.2
2024-06-24,128.97604879817433,125.49
2024-06-25,126.6086548510248,123.82
2024-06-26,128.67319299592637,125.42
2024-06-27,131.70388380574573,126.52000000000001
2024-06-28,133.01341523236718,126.99000000000001
2024-07-01,131.8382494081515,126.44
2024-07-02,135.22085012903364,127.64999999999999
2024-07-03,137.41762108900122,128.85999999999999
2024-07-04,139.61652483630857,129.88
2024-07-05,139.35419199351634,129.63
2024-07-08,140.89406445283342,130.64
2024-07-09,141.077484164054,131.09
2024-07-10,141.92206795060466,131.67
2024-07-11,143.21240429116813,133.25
2024-07-12,135.94173224987736,128.16
2024-07-16,135.80949943481136,128.72
2024-07-17,135.63247808561007,128.88
2024-07-18,128.97391601083456,122.96000000000001
2024-07-19,129.8184997973852,123.66
2024-07-22,128.33621259624204,122.56
2024-07-23,130.3922195917845,123.8
2024-07-24,129.89314735427732,122.69000000000001
2024-07-25,120.75841917802377,116.31
2024-07-26,120.66884210975324,115.64000000000001
2024-07-29,121.15725041056156,116.55
2024-07-30,122.27269818926354,117.02
2024-07-31,118.8175826988291,114.16999999999999
2024-08-01,120.63258472497706,115.44000000000001
2024-08-02,117.31396762428818,112.55
2024-08-05,110.8516219847719,106.89999999999999
2024-08-06,106.11683409047284,103.39
2024-08-07,109.03448717128414,105.91999999999999
2024-08-08,107.00407362381897,104.10999999999999
2024-08-09,111.87749269520336,108.35999999999999
2024-08-13,112.86284044617912,108.89999999999999
2024-08-14,116.20278542026574,111.46000000000001
2024-08-15,116.31582314927378,111.75
2024-08-16,120.65391259837482,115.87
2024-08-19,120.06099771791754,115.07000000000001
2024-08-20,120.90984707914774,115.41999999999999
2024-08-21,120.10365346471303,114.49000000000001
2024-08-22,120.60485848956,114.94
2024-08-23,117.04310363213683,113.69
2024-08-26,116.50137564783417,112.88
2024-08-27,116.33501823533175,112.72999999999999
2024-08-28,115.53095740823682,112.63000000000001
2024-08-29,114.00388167295839,111.52
2024-08-30,114.15104399940282,111.57
2024-09-02,117.15187578646533,114.14
2024-09-03,117.88768741868749,114.86000000000001
2024-09-04,112.45761085162198,109.92
2024-09-05,111.47652867532578,108.49
2024-09-06,112.3893616567492,108.13
2024-09-09,107.32399172478513,104.91
2024-09-10,109.42692004180263,106.83
2024-09-11,110.02410049693945,106.74
2024-09-12,113.42802909121932,109.61000000000001
2024-09-13,114.07426365517095,109.66
2024-09-17,113.21261756990211,109.08
2024-09-18,114.2278243436347,109.79
2024-09-19,115.34540490967646,110.84
2024-09-20,118.393158018214,112.99999999999999
2024-09-24,119.38916970588862,113.84
2024-09-25,119.6493697613411,114.04
2024-09-26,120.47902403651332,115.21
2024-09-27,121.06767334229104,116.78
2024-09-30,117.95593661356025,113.92
2024-10-01,119.52140252095464,115.31
2024-10-02,117.42273977861669,113.53
2024-10-03,120.67310768443278,116.24000000000001
2024-10-04,121.03354874485466,115.87
2024-10-07,124.70834133128585,118.67000000000002
2024-10-08,122.34734574615564,116.84
2024-10-09,125.18182012071577,118.93
2024-10-10,127.27195171369463,120.83
2024-10-11,127.56201079190394,120.02999999999999
2024-10-15,128.6881225073048,122.05999999999999
2024-10-16,126.57879582826797,120.09
2024-10-17,126.88165163051592,120.44999999999999
2024-10-18,127.59613538934033,120.94
2024-10-21,128.66892742124682,121.17
2024-10-22,130.59696717640284,122.46
2024-10-23,131.37970013010002,123.10000000000001
2024-10-24,129.6180177874464,122.32000000000001
2024-10-25,130.18320643248663,122.83
2024-10-28,131.83611662081174,124.6
2024-10-29,131.38609849211934,124.18
2024-10-30,133.96677117324631,125.72000000000001
2024-10-31,133.81960884680188,124.99
2024-11-01,128.3554076823,120.67000000000002
2024-11-05,129.46232431164287,121.41999999999999
2024-11-06,132.1304412737006,123.36
2024-11-07,137.12969479813168,128.22
2024-11-08,138.91910337620237,128.94
2024-11-11,138.14703435920404,129.06
2024-11-12,138.89990829014437,129.58
2024-11-13,140.9623136477062,130.32
2024-11-14,141.77064004948065,130.78
2024-11-15,142.1481434086207,130.8
2024-11-18,136.08676178898202,125.64
2024-11-19,137.0294537931623,126.64999999999999
2024-11-20,139.91511506387698,127.89999999999999
2024-11-21,139.70823469191888,127.97
2024-11-22,139.13878047219913,127.94000000000001
2024-11-25,139.06200012796722,127.93
2024-11-26,138.23874421481435,128.1
2024-11-27,138.60131806257598,127.69
2024-11-28,135.5727600400964,125.69
2024-11-29,134.65139590931386,124.83999999999999
2024-12-02,135.25284193913026,125.52000000000001
2024-12-03,136.71806684155524,126.69999999999999
2024-12-04,138.01266875679826,126.98
2024-12-05,141.6277432977158,129.03
2024-12-06,141.5275022927464,128.36
2024-12-09,142.96500095975432,129.37
2024-12-10,143.23586495190565,129.75
2024-12-11,143.16761575703288,129.58
2024-12-12,147.9045364386717,132.45
2024-12-13,147.7552413248875,132.07999999999998
2024-12-16,150.68355834239767,133.88
2024-12-17,155.047241239576,136.13
2024-12-18,152.7097063151833,135.08
2024-12-19,147.38413632776678,131.23
2024-12-20,150.77740098534775,133.16
2024-12-23,151.44069784801758,133.23000000000002
2024-12-24,154.13014268347303,135.21
2024-12-25,156.28425789664513,137.0
2024-12-26,156.32904643078038,137.03
2024-12-27,156.9006334378399,137.5
2024-12-30,154.31142960735386,135.63
2025-01-06,152.79715059611405,134.32999999999998
2025-01-07,156.04965128926995,136.23000000000002
2025-01-08,152.49642758120586,133.68
2025-01-09,152.49002921918654,134.02
2025-01-10,152.24902424979206,133.81
2025-01-14,147.4118625631838,130.79000000000002
2025-01-15,147.35001173033038,131.05
2025-01-16,149.87949751530275,132.71
2025-01-17,147.3478789429906,130.77
2025-01-20,150.21434512764733,133.65
2025-01-21,150.22927463902573,133.66
2025-01-22,151.29780109625267,133.97
2025-01-23,156.446349734468,136.56
2025-01-24,157.19282530338901,136.71
2025-01-27,156.12643163350182,135.29
2025-01-28,149.92855162411755,130.88
2025-01-29,155.65508563141168,133.4
2025-01-30,153.17891952993367,132.29999999999998
2025-01-31,151.1826305799049,132.61
2025-02-03,152.87606372768573,133.51999999999998
2025-02-04,151.2892699468936,132.1
2025-02-05,152.31300786998528,132.66
2025-02-06,151.55586836436538,131.97
2025-02-07,151.29353552157315,131.53
2025-02-10,149.89016145200162,130.4
2025-02-12,153.22584085140872,132.77
2025-02-13,154.3562181414891,134.0
2025-02-14,154.93420351056798,134.43
2025-02-17,154.47778701985627,134.17
2025-02-18,154.23038368844243,133.95
2025-02-19,153.6993196408386,134.67
2025-02-20,152.44097511037174,133.84
2025-02-21,149.61289909783096,132.1
2025-02-25,142.71973041568026,128.14000000000001
2025-02-26,139.26674771258558,125.44
2025-02-27,141.7514449634227,125.98
2025-02-28,137.21927186640218,122.86999999999999
2025-03-03,140.4611086228592,125.61
2025-03-04,135.08435173928808,121.8
2025-03-05,135.8308273082091,121.85999999999999
2025-03-06,136.33416512039585,123.0
2025-03-07,129.67986862029989,118.63
2025-03-10,129.31089641051892,118.97
2025-03-11,122.58835071555015,113.89
2025-03-12,125.72994646703776,114.67
2025-03-13,129.05922750442554,116.14
2025-03-14,125.54652675581717,113.99
2025-03-17,130.03391131870242,117.21999999999998
2025-03-18,131.00859513297928,118.41
2025-03-19,128.5217650948024,116.57
2025-03-21,129.5348390811952,117.24000000000001
2025-03-24,130.86783116855418,118.28
2025-03-25,134.6258024612366,121.75
2025-03-26,135.4490583743895,121.78999999999999
2025-03-27,131.7977264486958,119.87
2025-03-28,131.00859513297928,119.57
2025-03-31,125.29485784972381,115.21999999999998
2025-04-01,125.08157911574638,115.44000000000001
2025-04-02,126.72169258003285,116.41
2025-04-03,126.13730884893468,115.71000000000001
2025-04-04,116.34141659735108,108.13
2025-04-07,109.55062170750955,101.39
2025-04-08,112.54292234521294,102.97
2025-04-09,109.41625610510377,99.33
2025-04-10,125.63397103674791,112.43
2025-04-11,117.20946104463923,105.25
2025-04-14,119.41476315396591,107.0
2025-04-15,119.85625013329921,107.91999999999999
2025-04-16,120.07592722929597,107.58000000000001
2025-04-17,115.85300829654275,104.02
2025-04-18,114.63305393819184,103.97000000000001
2025-04-21,113.64344061253652,103.08
2025-04-22,110.71725638236612,100.34
2025-04-23,114.68424083434641,103.81
2025-04-24,119.35291232111247,106.81
2025-04-25,125.60837758867063,109.91
2025-04-28,128.23170601659308,111.57999999999998
2025-04-30,127.54921406786531,111.36999999999999
2025-05-01,127.9480453004031,111.91
2025-05-02,133.4613005737198,115.46000000000001
2025-05-07,131.20907714291806,113.14999999999999
2025-05-08,131.6569624842707,114.07000000000001
2025-05-09,134.508499157549,116.94
2025-05-12,133.8921236163542,117.04
2025-05-13,141.65760232047262,123.38
2025-05-14,144.41316356346107,124.85
2025-05-15,144.3619766673065,124.66999999999999
2025-05-16,142.70266811696206,123.76
2025-05-19,143.01192228122935,124.2
2025-05-20,143.5579158402116,124.64
2025-05-21,141.80263185957728,123.29
2025-05-22,139.8468658690042,120.85
2025-05-23,141.1350694222279,121.50000000000001
2025-05-26,138.85725254334892,119.39999999999999
2025-05-27,138.49254590824748,119.09
2025-05-28,143.89916181457548,123.37
2025-05-29,145.61392283575404,124.51
2025-05-30,143.4043551517478,122.91000000000001
2025-06-02,143.4832682833195,122.58
2025-06-03,144.26600123701664,122.76
2025-06-04,146.4329131742274,124.75
2025-06-05,145.55633757758014,124.00999999999999
2025-06-06,146.5907394373707,123.91000000000001
2025-06-09,148.69793332906775,126.14000000000001
2025-06-10,148.29057094717086,126.19
2025-06-11,148.6936677543882,127.22
2025-06-12,147.97278563354448,126.03999999999999
2025-06-13,147.56755603898733,125.42999999999999
2025-06-16,147.10474118625632,124.99
2025-06-17,149.77285814831401,127.34
2025-06-18,149.73020240151854,126.30999999999999
2025-06-19,148.7277923518246,125.93
2025-06-20,149.16714654381812,126.29999999999998
2025-06-23,148.9346727237827,126.77000000000001
2025-06-24,149.73020240151854,127.42999999999999
2025-06-25,151.1485059824685,128.79
2025-06-26,152.30447672062618,128.84
2025-06-27,154.37114765286753,129.85
2025-06-30,156.00272996779492,130.56
2025-07-01,155.7531938490413,130.39000000000001
2025-07-02,152.99763260605286,129.24
2025-07-03,154.01923774180477,130.14
2025-07-04,157.58739096124725,132.34
2025-07-07,157.33998762983344,132.14
2025-07-08,157.9307697229509,132.62
2025-07-09,158.06513532535672,133.45
2025-07-10,158.82654040565615,133.48
2025-07-11,157.65564015612003,133.98000000000002
2025-07-14,157.44662699682215,134.02
2025-07-15,158.67084692985262,135.08
2025-07-16,160.95719495809072,136.49
2025-07-17,160.14033740695714,136.13
2025-07-18,161.266449122358,137.32
2025-07-22,161.06383432507945,136.79
2025-07-23,157.93290251029072,135.19
2025-07-24,158.2485550365773,135.78
2025-07-25,161.1171540085738,136.97
2025-07-28,161.4008147247638,137.61
2025-07-29,163.26700364706633,138.81
2025-07-30,162.38616247573952,138.27
2025-07-31,163.9878857679101,139.54999999999998
2025-08-01,165.85834026489218,140.1
2025-08-04,158.1248533708704,134.48
2025-08-05,160.45812272058353,136.38
2025-08-06,159.28508968370764,135.99
2025-08-07,162.40109198711795,137.76999999999998
2025-08-08,161.11075564655448,137.83
2025-08-12,163.75541194787468,139.78
2025-08-13,165.2334335743383,141.05
2025-08-14,163.21368396357198,140.01
2025-08-15,164.98176466824492,140.83
2025-08-18,164.7599547849084,139.98999999999998
2025-08-19,165.19504340222238,140.37
2025-08-20,161.94680828374604,138.27
2025-08-21,160.44959157122443,137.25
2025-08-22,160.57329323693133,137.6
2025-08-25,161.9979951799006,138.7
2025-08-26,161.86789515217436,138.01000000000002
2025-08-27,162.61010514641586,138.95
2025-08-28,163.20941838889246,139.07
2025-08-29,165.17584831616438,139.41
2025-09-01,162.7572674728603,138.06
2025-09-02,162.81911830571374,138.12
2025-09-03,163.0558577004287,138.38
2025-09-04,165.16091880478598,138.76
2025-09-05,167.07402904856357,140.28
2025-09-08,168.4518096700578,140.61999999999998
2025-09-09,168.85490647727514,140.23000000000002
2025-09-10,169.4158295476358,140.82
2025-09-11,170.42677074668885,140.92
2025-09-12,169.76347388401902,141.52
2025-09-16,173.1674024782989,143.53
2025-09-17,171.58274148484654,142.45000000000002
2025-09-18,171.10926269541665,142.57999999999998
2025-09-19,174.55797982383177,144.98
2025-09-22,176.3687162753002,146.23999999999998
2025-09-24,173.15247296692047,145.54
2025-09-25,173.34229104016038,146.0
2025-09-26,173.81790261693007,146.35
2025-09-29,173.88615181180285,146.42
2025-09-30,173.86908951308465,146.74
2025-10-01,172.8816089747691,146.45
2025-10-02,171.74056774798984,146.2
2025-10-03,172.4934416789302,146.96
2025-10-06,174.30204534305884,148.70000000000002
2025-10-07,175.99974406551922,150.54000000000002
2025-10-08,177.42871158316805,151.54000000000002
2025-10-09,180.78571885597287,153.78
2025-10-10,181.739074796852,153.9
2025-10-14,179.5188431761469,151.16
2025-10-15,175.6457013671167,149.31
2025-10-16,175.21487832448227,149.39
2025-10-17,173.83923049032782,148.31
2025-10-20,175.72248171134856,150.09
2025-10-21,178.36927080000854,151.59
2025-10-22,179.82383176573464,152.67
2025-10-23,177.75076247147396,151.70999999999998
2025-10-24,179.9859236035575,153.48
2025-10-27,182.20402243692283,155.39000000000001
2025-10-28,184.91692793311577,157.78
2025-10-29,186.35655938746348,157.94
2025-10-30,189.16544031394628,159.84
2025-10-31,187.36323501183696,158.82
2025-11-04,189.10998784311218,160.59
2025-11-05,184.2259048350289,156.37
2025-11-06,185.3413526137309,158.06
2025-11-07,181.69428626271676,154.23
2025-11-10,182.27866999381493,154.5
2025-11-11,187.1947448119948,158.35
2025-11-12,186.79164800477744,157.79000000000002
2025-11-13,186.6786102757694,158.46
2025-11-14,182.44929298099686,154.91
2025-11-17,182.39170772282296,154.98000000000002
2025-11-18,181.88836991063621,154.32
2025-11-19,179.57429564698103,152.68
2025-11-20,182.82679634013692,155.27
2025-11-21,179.11361358158976,151.79
2025-11-25,184.933990231834,156.34
2025-11-26,185.5887559451447,156.76000000000002
2025-11-27,185.32002474033314,157.66
2025-11-28,186.17100688890312,158.39000000000001
2025-12-01,186.8876234350673,158.85
2025-12-02,185.9491970055666,158.10999999999999
2025-12-03,187.22886940943118,159.58
2025-12-04,185.37121163648774,159.35
2025-12-05,185.08968370763753,159.02
2025-12-08,185.9214707701495,159.84
2025-12-09,186.6850086377887,160.26
2025-12-10,188.12037451745687,161.4
2025-12-11,186.58263484547956,161.03
2025-12-12,185.61861496790155,160.3
2025-12-15,181.61324034380533,157.56
2025-12-16,176.1426408172841,155.85
2025-12-17,176.53294090046282,155.82
2025-12-18,174.15914859129396,153.73000000000002
2025-12-19,176.34738840190244,156.29
2025-12-22,180.47006632968626,160.12
2025-12-23,179.72145797342546,159.97
2025-12-24,180.8006483673513,160.22
2025-12-25,180.61083029411137,160.34
2025-12-26,181.2911894554994,160.94
2025-12-29,181.12696483033676,160.82
2025-12-30,179.98379081621772,160.17
2026-01-05,176.4924179410071,158.92
2026-01-06,176.92110819630176,159.56
2026-01-07,177.70384114999894,161.0
2026-01-08,179.29063493079104,161.29
2026-01-09,177.7742231322115,160.66
2026-01-13,180.57457290933522,163.61
2026-01-14,181.4980698274575,164.32
2026-01-15,177.60360014502953,161.88
2026-01-16,177.8232772410263,162.59
2026-01-19,176.02107193891698,161.23000000000002
2026-01-20,176.73129012306183,161.88
2026-01-21,171.81094973020242,158.5
2026-01-22,171.93038582122978,160.67000000000002
2026-01-23,173.9074796852006,162.24
2026-01-26,171.57421033548746,158.92
2026-01-27,172.64486958005418,159.06
2026-01-28,172.39746624864034,158.51999999999998
2026-01-29,172.01569731482073,159.75
2026-01-30,171.1135282700962,159.42000000000002
2026-02-02,171.41425128500438,159.06
2026-02-03,171.84294154029902,160.54
2026-02-04,169.65683451703032,158.51999999999998
2026-02-05,166.34674856570052,156.49
2026-02-06,162.31791328086675,154.31
2026-02-09,165.24623029837696,157.77
2026-02-10,167.10602085866017,158.18
2026-02-12,161.63755411947875,154.89
2026-02-13,156.97954656941155,151.37
2026-02-16,156.53805959007826,151.79
2026-02-17,156.79186128351142,152.04
2026-02-18,157.2077548147674,151.75
2026-02-19,160.20005545247082,154.51
2026-02-20,160.36001450295393,154.26
2026-02-24,157.18002857935036,153.42
2026-02-25,159.054748651012,156.06
2026-02-26,163.0878495105253,158.6
2026-02-27,161.7591229978459,156.4
2026-03-02,162.82551666773307,156.67
2026-03-03,165.70051400174887,157.85
2026-03-04,165.96711241922068,156.31
2026-03-05,167.59016358478897,157.59
2026-03-06,169.97035425597713,157.98000000000002
2026-03-09,169.88504276238615,156.86
2026-03-10,170.8703905133619,157.95
2026-03-11,170.96849873099154,158.39000000000001
2026-03-12,171.8024185808433,159.3
2026-03-13,170.00447885341353,156.72
2026-03-16,167.58163243542987,155.92
2026-03-17,168.69708021413186,157.62
2026-03-18,169.1343016187856,158.24
2026-03-19,167.97193251860858,156.66
2026-03-23,162.87030520186832,152.93
2026-03-24,164.4592317700002,153.79
2026-03-25,161.37522127668652,152.78
2026-03-26,162.8063215816751,154.64
2026-03-27,157.7174909889735,151.02
2026-03-30,154.58655917418474,148.48
2026-03-31,152.2042357156568,147.23
2026-04-01,158.3232025934694,151.31
2026-04-02,160.50717682939833,152.96
2026-04-03,162.3243116428861,154.07999999999998
2026-04-06,162.3904280504191,154.14000000000001
2026-04-07,163.50161025444152,155.17000000000002
2026-04-08,163.59971847207115,154.06
2026-04-09,167.967666943929,158.79000000000002
2026-04-10,170.1878985646341,160.32
2026-04-13,172.2439055601766,161.12
2026-04-14,173.72619276131977,162.17
2026-04-15,178.88540533623393,164.76999999999998
2026-04-16,182.16776505214665,166.98999999999998
2026-04-17,183.38132104847827,168.42999999999998
2026-04-20,183.35786038774074,170.16
2026-04-21,181.38503209844947,169.64
2026-04-22,180.77932049395355,169.14000000000001
2026-04-23,186.33949708874528,172.23999999999998
2026-04-24,183.7844178556956,171.76
2026-04-27,186.71060208586601,174.78
2026-04-28,188.00733678844884,174.78
2026-04-30,187.0027939514151,174.95000000000002
2026-05-01,183.1680423145008,173.06
2026-05-07,190.0804060827095,179.44
2026-05-08,190.27448973062894,179.99
2026-05-11,195.21402520954635,184.17
2026-05-12,195.9327745430503,185.21
2026-05-13,195.03060549832577,184.04
2026-05-14,197.83522085012905,186.06
2026-05-15,199.96160982788408,188.21
2026-05-18,197.01409772431592,185.84
2026-05-19,195.4848892016977,185.07
2026-05-20,194.0281954486318,183.95999999999998
2026-05-21,196.69631241068953,186.91
2026-05-22,198.17646682449293,187.57999999999998
2026-05-25,196.71124192206796,188.04000000000002
2026-05-26,196.84347473713396,188.17
2026-05-27,202.8110137138226,191.86
2026-05-28,204.85209119798665,192.08
2026-05-29,206.7097489709301,193.35999999999999
2026-06-01,210.77057606586047,194.15
2026-06-02,214.07426365517094,195.67000000000002
2026-06-03,213.56879305564442,196.89000000000001
2026-06-04,210.92200396698445,196.32
2026-06-05,206.3109177383923,195.38
2026-06-08,195.79627615330475,186.46
2026-06-09,198.7608505555911,189.34
2026-06-10,196.2846844541131,187.35999999999999
2026-06-11,191.49657687631966,183.83
2026-06-12,196.12045982895046,189.38
2026-06-15,194.46328406594577,190.6
2026-06-16,203.34847612344572,196.58
2026-06-17,199.38575724614498,193.09
2026-06-18,197.66886343762664,191.59
2026-06-19,204.01390577345535,196.77
2026-06-22,204.54496982105917,197.3
2026-06-23,199.21300147162327,196.96
2026-06-24,194.32038731418092,190.51
2026-06-25,192.96393456608442,189.87
2026-06-26,191.44112440548554,191.39
2026-06-29,192.34755902488962,189.12
2026-06-30,195.97756307718558,194.14000000000001
2026-07-01,197.6901913110244,197.84
2026-07-02,199.88909505833172,194.70000000000002
2026-07-03,198.05916352080536,189.92
2026-07-06,198.43240130526584,190.29
2026-07-07,201.30739863928167,193.37
2026-07-08,201.69343314778084,190.22
2026-07-09,202.21596604602556,190.94
2026-07-10,203.88593853306887,193.56
2026-07-13,204.54496982105917,194.18
2026-07-14,202.996566212383,190.78
2026-07-15,205.28504702796084,192.68
2026-07-16,207.60551965363533,192.19
2026-07-17,204.50018128692386,189.42000000000002
2026-07-21,201.66783969970353,186.71
2026-07-22,204.57696163115577,191.07
2026-07-23,202.32473820035403,189.94
2026-07-24,199.54784908396783,187.39
2026-07-27,197.6859257363448,184.88
2026-07-28,198.83336532514343,184.44
2026-07-29,197.11647151662507,182.49
2026-07-30,193.5696461705803,178.54000000000002
2026-07-31,195.80054172798432,181.39000000000001
2026-08-03,193.00019195086057,176.89
2026-08-04,200.56092307036067,181.91
2026-08-05,209.55488728218907,188.13
2026-08-06,208.75082645509417,186.84
2026-08-07,209.72124469469148,187.12
2026-08-10,212.26352720370252,188.54999999999998
2026-08-12,212.51093053511636,188.98999999999998
2026-08-13,211.32510077420181,190.39
2026-08-14,215.48830166144134,192.6
2026-08-17,212.99507326124512,191.98
2026-08-18,211.71113528270098,192.13
2026-08-19,208.7742871158317,188.82000000000002
2026-08-20,208.76575596647257,187.29
2026-08-21,208.94917567769315,186.73
2026-08-24,209.3565380595901,186.95999999999998
2026-08-25,208.3050739010813,185.63
2026-08-26,209.46531021391857,186.7
2026-08-27,210.1200759272293,186.86
2026-08-28,213.71808816942863,189.78
2026-08-31,216.0705526051997,189.19
2026-09-01,214.82927037345107,189.08
2026-09-02,213.40030285580224,187.21
2026-09-03,211.5682385309361,185.79000000000002
2026-09-04,211.45946637660757,184.38000000000002
2026-09-07,209.69138567193463,185.10999999999999
2026-09-08,206.7182801202892,182.48
2026-09-09,204.77104527907522,182.26
2026-09-10,204.97579286369353,181.70999999999998
2026-09-11,204.5982895045535,180.85
