date,invesco_start_100,orcan_start_100
2023-09-11,100.0,100.0
2023-09-12,100.3847,100.51774779708269
2023-09-13,100.362716754547,100.52272614128542
2023-09-14,100.04396576976171,100.48289938766366
2023-09-15,101.03319450065517,101.58311345646437
2023-09-19,100.31875140005909,100.81147010504306
2023-09-20,100.29676855206479,100.60735799273162
2023-09-21,100.38469973202207,100.33852740578484
2023-09-22,98.58210573279212,98.36212475730572
2023-09-25,99.02176319376026,98.82511076815851
2023-09-26,98.75350234487442,99.05411460148355
2023-09-27,97.70281445667612,97.91407377906108
2023-09-28,97.89283275240035,98.1928610544133
2023-09-29,98.6081944170218,98.63593368845522
2023-10-02,99.05529580349193,98.73052222830687
2023-10-03,98.00460736592765,98.30736297107582
2023-10-04,96.41739726843853,96.54502912331358
2023-10-05,96.51799532405254,96.83875143127396
2023-10-06,96.61859313503892,96.81385971026036
2023-10-10,97.55750556991916,98.2476228406432
2023-10-11,98.64172651727134,99.14870314133519
2023-10-12,99.2900236179572,100.05974013043262
2023-10-13,98.97705252741127,99.87554139493204
2023-10-16,98.30640084558443,98.92965599641559
2023-10-17,99.03294019941778,99.73116941305322
2023-10-18,99.39062143085363,99.93528152536466
2023-10-19,98.28404600809108,98.65584706526609
2023-10-20,97.57986145809276,97.83939861602032
2023-10-23,96.49564088364714,96.65455269577339
2023-10-24,96.5070157897945,96.47533230447553
2023-10-25,96.67764308892133,97.0976253298153
2023-10-26,96.18851028792439,96.16169661970429
2023-10-27,95.60837622090564,95.40000995668841
2023-10-30,94.67561134165688,94.71797680091602
2023-10-31,95.22161979360591,95.424901677702
2023-11-01,96.99614799910698,97.07273360880171
2023-11-02,97.2464019407906,97.48593617762732
2023-11-06,99.70344022933084,99.81580126449943
2023-11-07,99.72619056032235,100.24891721013591
2023-11-08,100.01056976532416,100.57250958331258
2023-11-09,100.1925730006059,100.9558420869219
2023-11-10,100.85233307840906,100.69198984417783
2023-11-13,101.36421615461184,101.66276696370787
2023-11-14,101.7168470579813,101.88679245283019
2023-11-15,103.7302537235218,103.21103201075323
2023-11-16,104.68576910490617,104.07726390202619
2023-11-17,103.84400549154127,103.68895305421417
2023-11-20,103.95775725359677,103.41016577886195
2023-11-21,103.30937168202851,102.96709314482004
2023-11-22,103.08186791608523,102.91730970279285
2023-11-24,104.61751664272228,104.14198237666153
2023-11-27,104.79097353149109,104.09219893463435
2023-11-28,103.65772307524186,103.01687658684722
2023-11-29,103.12578895720002,102.39956190571016
2023-11-30,103.61146811035708,102.49912878976453
2023-12-01,104.64064496755599,103.35042564842934
2023-12-04,104.22434890405574,102.88743963757653
2023-12-05,104.59439015913516,102.86752626076567
2023-12-06,104.23591275979886,102.86752626076567
2023-12-07,104.32842317473232,102.55886892019714
2023-12-08,101.90002889241106,100.38831084781201
2023-12-11,104.0162010584238,102.27012495643947
2023-12-12,105.21883429473726,102.8725046049684
2023-12-13,105.35760004997019,103.06168168467167
2023-12-14,104.24747757194766,102.03614277891174
2023-12-15,105.87797066965948,102.79782944192762
2023-12-18,105.33447257671943,102.50410713396725
2023-12-19,105.94735277864929,103.1512918803206
2023-12-20,107.57784545633922,104.72942699258228
2023-12-21,106.24801116194614,103.25583710857768
2023-12-22,106.24801116194614,103.29566386219943
2023-12-25,106.39834041045906,103.30064220640216
2023-12-26,106.504139728213,103.39025240205109
2023-12-27,107.2799978901809,104.19674416289142
2023-12-28,107.35053019759377,103.9727186737691
2023-12-29,107.04488928255229,104.04241549260715
2024-01-04,105.64599348549224,103.33051227161847
2024-01-05,106.84504698713435,104.40583461940558
2024-01-09,106.51589479313341,104.77423209040673
2024-01-10,106.60993767664625,105.09782446358342
2024-01-11,107.44457301942482,106.23288694180314
2024-01-12,106.92733484490931,105.95409966645093
2024-01-15,107.24473153002285,106.06362323891074
2024-01-16,107.37404079261788,106.36730223527655
2024-01-17,107.7149480034324,106.765569771494
2024-01-18,107.39755190619704,106.47184746353362
2024-01-19,108.07936633844908,107.21362074973864
2024-01-22,108.81995749961636,108.3237915069448
2024-01-23,109.27841924516098,108.48309852143177
2024-01-24,109.48153941414876,108.67725394533778
2024-01-25,109.29036822410075,108.85149599243292
2024-01-26,109.44569497413188,109.10539154677154
2024-01-29,110.62856872301498,109.6928361626923
2024-01-30,110.4254491394111,109.79240304674664
2024-01-31,110.56882775108268,109.8322298003684
2024-02-01,109.01555907021203,108.0250908547817
2024-02-02,109.36205739362757,108.77184248518942
2024-02-05,110.67636185041958,110.98720565539901
2024-02-06,109.80414136442154,110.5192413003435
2024-02-07,109.89972696752068,110.52919798874893
2024-02-08,110.75999895127975,111.36555981480561
2024-02-09,112.01456195300106,112.31642355752476
2024-02-13,112.52833578387403,112.83417135460745
2024-02-14,111.56053020554802,112.2965101807139
2024-02-15,112.22963010393,113.13785035097325
2024-02-16,112.7672998158319,113.84975357196197
2024-02-19,112.93457544535974,113.64564145965052
2024-02-20,113.20938479451972,113.84477522775924
2024-02-21,113.04211000382887,113.29715736546024
2024-02-22,113.90238193895892,113.75516503211031
2024-02-26,115.28837573701145,115.52745556827799
2024-02-27,115.50684029173053,115.44282371683178
2024-02-28,115.069912566959,115.52745556827799
2024-02-29,114.70580604821639,115.30840842335839
2024-03-01,115.00922814049126,115.53741225668344
2024-03-04,116.10154898641663,116.25927216607757
2024-03-05,116.47779231012399,116.50818937621348
2024-03-06,115.00922749212079,115.29347339075025
2024-03-07,114.86358440679388,115.21879822770946
2024-03-08,114.9728162296572,115.55234728929157
2024-03-11,113.58921036458625,114.21317269876039
2024-03-12,113.5163894577136,114.01403893065168
2024-03-13,115.0092276031775,115.60710907552148
2024-03-14,115.17914453622298,115.70169761537312
2024-03-15,115.08204966917039,115.98048489072535
2024-03-18,115.10632392590709,115.95061482550904
2024-03-19,114.41452110635353,116.41857918056455
2024-03-21,116.57488808486723,118.95255637974809
2024-03-22,118.75952946555077,120.06272713695425
2024-03-25,118.01917899607663,119.47030417683078
2024-03-26,117.69867549186877,119.26121372031662
2024-03-27,117.871254705769,119.33091053915467
2024-03-28,118.24106633770796,119.87852840145368
2024-03-29,118.3643373790077,119.96316025289988
2024-04-01,118.401317948935,119.92831184348086
2024-04-02,118.05616034691617,119.85363668044009
2024-04-03,116.97138006745966,119.16164683626226
2024-04-04,117.56307862381709,119.54995768407429
2024-04-05,116.36735513181134,118.06143276746155
2024-04-08,116.93439928928603,119.32095385074923
2024-04-09,117.35351907125067,119.7241997311694
2024-04-10,117.23024858774787,119.69930801015582
2024-04-11,116.76182113274342,119.59476278189874
2024-04-12,116.94672632030742,120.14735898840046
2024-04-15,115.81263778075078,118.90277293772091
2024-04-16,115.92358165523923,118.32030666600288
2024-04-17,115.41817222775963,117.77268880370389
2024-04-18,115.7510024568311,117.23502762981033
2024-04-19,115.83729135663259,117.22009259720217
2024-04-22,116.24408412292718,116.5430377856325
2024-04-23,117.19326705474707,117.54368497037886
2024-04-24,118.70875178766553,119.0620799522079
2024-04-25,118.7964241362983,119.5051525862498
2024-04-26,119.30993474723411,119.2861054413302
2024-04-30,121.61447295044037,121.82008264051376
2024-05-01,120.76279585106589,120.94389406083536
2024-05-02,119.37255884606498,119.46034748842536
2024-05-07,120.81289501012012,121.21272464778214
2024-05-08,122.02778706608397,121.97441131079802
2024-05-09,123.19258012224373,122.54692089411061
2024-05-10,123.63094367164751,123.14930054263952
2024-05-13,124.31980045407269,123.6919400607358
2024-05-14,124.87088526552552,124.12007766216956
2024-05-15,125.55974174763706,124.7871757853338
2024-05-16,124.9961316900751,124.19973116941306
2024-05-17,126.07325210595879,125.34475033603823
2024-05-20,126.27364680091372,125.83262806790461
2024-05-21,126.73705972004485,126.39518096281176
2024-05-22,125.94800619256326,126.2408522925275
2024-05-23,126.1984991441594,126.37028924179819
2024-05-24,125.61365870156061,125.7977796584856
2024-05-27,125.80436787047447,126.13132872006771
2024-05-28,126.44006488958605,126.4300293722308
2024-05-29,125.79165368441865,126.49474784686615
2024-05-30,124.24055328241566,125.3895554338627
2024-05-31,124.03713049730978,124.4287350027381
2024-06-03,125.3848075642474,125.51899238313338
2024-06-04,124.74911035144088,125.39951212226813
2024-06-05,123.52857254070899,124.13003435057499
2024-06-06,124.97796045861509,125.85751978891821
2024-06-07,125.10509928801005,126.14626375267586
2024-06-10,124.8508206716052,126.69885995917758
2024-06-11,125.65179861460747,127.06725743017873
2024-06-12,125.21952501442355,126.81336187584009
2024-06-13,126.55448786621182,127.62981032508587
2024-06-14,126.46549095370965,127.80903071638372
2024-06-17,125.99507600235422,127.57504853885597
2024-06-18,126.94862059699838,128.46617215114253
2024-06-19,127.34275290142108,129.1382486185095
2024-06-20,127.72417118833891,129.43694927067259
2024-06-21,128.8557115519392,130.03435057499874
2024-06-24,128.88113993805686,130.2932244735401
2024-06-25,129.01018862347684,130.13889580325585
2024-06-26,128.23589527339647,130.61183850251405
2024-06-27,128.49399309509533,131.32374172350276
2024-06-28,128.24879957253134,131.637377408274
2024-07-01,128.50689771669508,131.54776721262508
2024-07-02,128.45527778095126,132.26962712201922
2024-07-03,129.10052277132556,132.69278637925026
2024-07-04,129.6038134133182,133.5789316473341
2024-07-05,129.75867182581322,133.65360681037487
2024-07-08,129.16504666359762,133.7133469408075
2024-07-09,129.113427144349,134.022004281376
2024-07-10,128.05522640681662,134.4551202270125
2024-07-11,129.797387028827,135.81918653855726
2024-07-12,128.7520910298416,133.31010106038732
2024-07-16,129.7586723024711,133.59884502414496
2024-07-17,130.95882713122407,134.22113804948475
2024-07-18,128.73918632635286,130.57201174889232
2024-07-19,129.3715261743588,130.89062577786626
2024-07-22,128.55851798613654,129.92482700253896
2024-07-23,128.6875663120762,130.33802957136456
2024-07-24,127.75732636210309,129.3921441728481
2024-07-25,124.24599801172955,125.00124458605069
2024-07-26,123.73502143538656,124.92656942300991
2024-07-29,124.77007726319569,125.9371732961617
2024-07-30,124.77007726319569,126.16119878528403
2024-07-31,123.77432720298287,124.59302036142779
2024-08-01,122.7654748432764,123.87613879623638
2024-08-02,121.27184992125044,121.84497436152735
2024-08-05,116.14897893036753,115.83611290884652
2024-08-06,113.55478800148839,112.94867327126998
2024-08-07,115.93934657014138,115.4726937820481
2024-08-08,115.58559359528002,114.68611539801863
2024-08-09,117.87843843074306,117.62333847762234
2024-08-13,118.12737647458988,118.33026335440833
2024-08-14,119.35896187025008,119.84865833623736
2024-08-15,120.32850755598442,120.57549658983422
2024-08-16,123.05371722139293,123.66704833972221
2024-08-19,122.4379244264506,123.23393239408573
2024-08-20,122.28070066331536,123.25882411509932
2024-08-21,121.53388840331228,122.4025489122318
2024-08-22,121.84833546345592,122.69129287598946
2024-08-23,122.3593125506387,122.68133618758401
2024-08-26,121.91988966944123,121.73047244486483
2024-08-27,122.78541969258583,122.52202917309702
2024-08-28,122.69220836908042,122.23826355354208
2024-08-29,122.59899787146034,121.87982277094638
2024-08-30,123.1848948043181,122.22332852093393
2024-09-02,124.82274391975103,124.23457957883208
2024-09-03,125.08906073326848,124.97137452083437
2024-09-04,122.45252357525638,121.23761636879573
2024-09-05,121.17420249684672,119.44043411161446
2024-09-06,120.21546130101343,118.76337930004482
2024-09-09,118.3379266091773,116.67745307910589
2024-09-10,120.02903948290282,118.11121620948872
2024-09-11,118.93714011188843,117.12550405735051
2024-09-12,119.70945962057638,118.64887738338228
2024-09-13,119.98909253858787,118.72853089062578
2024-09-17,120.5084101306586,118.93264300293723
2024-09-18,121.56036178504397,119.78891820580475
2024-09-19,122.53241800245445,121.09324438691691
2024-09-20,123.59768543678749,122.41748394483996
2024-09-24,123.93058220676605,123.20406232886943
2024-09-25,124.49900965095053,123.62224324189775
2024-09-26,125.22984373740354,124.57310698461693
2024-09-27,127.27347331424954,126.44994274904167
2024-09-30,125.47345476304397,124.02548912231792
2024-10-01,126.27195904601413,125.30990192661922
2024-10-02,125.06743567603912,124.16488275999401
2024-10-03,128.22085098029282,127.05232239757056
2024-10-04,127.00279392665233,126.25080898093294
2024-10-07,129.11409345300072,128.58565241200776
2024-10-08,127.76069628488958,127.37591477074726
2024-10-09,127.6118231335436,127.9683377308707
2024-10-10,129.38477375200307,129.48673271269973
2024-10-11,128.36972561881163,128.7897645243192
2024-10-15,130.76523820337326,131.07980285756958
2024-10-16,129.11409300127931,129.6609747597949
2024-10-17,129.85846157025028,130.22850599890475
2024-10-18,130.49455766123677,130.68153532135213
2024-10-21,130.53515973790746,130.77114551700103
2024-10-22,130.45395642573772,131.3088066908946
2024-10-23,130.98178096067363,131.56768058943595
2024-10-24,131.84784428474586,131.8215761437746
2024-10-25,131.51791483159994,131.44820032857072
2024-10-28,132.45271392110254,132.49863095534425
2024-10-29,132.64517301253844,132.5434360531687
2024-10-30,132.59018495606608,132.9217902125753
2024-10-31,132.24650854485625,132.538457708966
2024-11-01,128.87848355946772,129.24777219096927
2024-11-05,129.88201778104573,130.00945885398517
2024-11-06,131.75161487655643,131.68716085030118
2024-11-07,135.40832692929314,135.0525215313387
2024-11-08,134.6522393297184,134.95793299148704
2024-11-11,134.54226345976826,134.9479763030816
2024-11-12,135.07839823458383,135.68477124508388
2024-11-13,133.8274182775576,135.58520436102953
2024-11-14,133.9511417257552,136.01334196246327
2024-11-15,134.32231230240876,136.35186936824812
2024-11-18,130.6655995792291,132.96659531039975
2024-11-19,131.0917575923208,133.6884552197939
2024-11-20,131.0917575923208,134.47005525962066
2024-11-21,131.14674534096048,134.5098820132424
2024-11-22,131.72412151025895,134.49494698063424
2024-11-25,132.4252205125149,134.98780305670334
2024-11-26,133.43066297201275,135.09234828496042
2024-11-27,132.41125537551983,134.30576990093095
2024-11-28,131.76888865231658,133.2204908647384
2024-11-29,131.05670020986187,132.35425897346542
2024-12-02,131.14048737944003,132.5434360531687
2024-12-03,131.01480758195507,132.78737491910192
2024-12-04,131.00084271361493,132.9516602777916
2024-12-05,131.5873505165533,134.1564195748494
2024-12-06,130.9729125944308,133.87265395529445
2024-12-09,130.8472322972343,133.94732911833523
2024-12-10,132.60675727396472,134.93304127047344
2024-12-11,131.72699498170905,134.69905909294567
2024-12-12,132.45314794516543,135.99342858565242
2024-12-13,132.2716089851233,135.84407825957086
2024-12-16,133.68202247444776,136.44645790809977
2024-12-17,134.07302768516305,137.02394583561508
2024-12-18,132.29953783027952,135.9336884552198
2024-12-19,130.8053375890567,133.7432170060238
2024-12-20,131.62924247698226,135.6100960820431
2024-12-23,131.0846278025262,135.53044257479962
2024-12-24,132.36184038674986,136.90944391895258
2024-12-25,133.41199393390474,137.99970129934783
2024-12-26,133.42618496769947,138.1241599044158
2024-12-27,134.24927776014673,138.77632299497188
2024-12-30,133.88030570265795,137.83043759645543
2025-01-06,132.71662210189962,136.77005028127644
2025-01-07,133.710009999831,138.24364016528102
2025-01-08,133.19912544522325,136.99407577039878
2025-01-09,133.52552457416175,137.15338278488576
2025-01-10,133.41199449689253,136.89948723054712
2025-01-14,130.92852488285308,134.27092149151193
2025-01-15,132.06382576139106,135.117240005974
2025-01-16,132.04963418267474,135.7644247523274
2025-01-17,131.86514763875812,134.92308458206801
2025-01-20,133.44037704481528,136.7551152486683
2025-01-21,133.92288010096033,137.1434260964803
2025-01-22,135.12913687431768,137.82048090805
2025-01-23,136.30701161654454,139.24428735002738
2025-01-24,137.1143294218769,139.692338328272
2025-01-27,136.36467739291223,139.0551102703241
2025-01-28,135.8601035409165,137.12351271966944
2025-01-29,135.77360548879514,138.57718922686314
2025-01-30,134.69237645469326,137.53671528849506
2025-01-31,135.2978644822651,137.92502613630705
2025-02-03,135.74477227035106,137.9947229551451
2025-02-04,134.82212319791586,136.84970378851992
2025-02-05,133.81297556111573,136.90944391895258
2025-02-06,133.89947360664823,136.2423457957883
2025-02-07,133.13540437940134,135.69970627769203
2025-02-10,132.14067255474828,135.24667695524468
2025-02-12,134.69237501211674,137.20814457111567
2025-02-13,135.81685430490543,138.31333698411908
2025-02-14,135.60060806764972,138.2635535420919
2025-02-17,134.98070310783802,137.69104395877932
2025-02-18,134.85095560658968,137.6313038283467
2025-02-19,135.78802141200433,138.3780554587544
2025-02-20,134.7212082533018,137.3276248319809
2025-02-21,133.3228182781775,135.81918653855726
2025-02-25,132.0253432755734,134.00706924876786
2025-02-26,131.4830544590827,132.3990640712899
2025-02-27,131.86412259200765,133.0064220640215
2025-02-28,131.84946589478156,131.3884601981381
2025-03-03,133.46167633492453,133.36486284661723
2025-03-04,132.02534442419017,130.98521431771792
2025-03-05,131.21923991924626,130.22850599890475
2025-03-06,132.6702294694633,131.637377408274
2025-03-07,130.7355777885455,129.0386817344551
2025-03-10,130.82351707494496,128.84950465475183
2025-03-11,127.07146459112109,125.28998854980833
2025-03-12,127.2913109320102,125.64842933240404
2025-03-13,128.02413337361133,126.46985612585253
2025-03-14,127.0128374578185,125.13565987952407
2025-03-17,128.81558146499228,127.85881415841092
2025-03-18,131.0140499425832,129.54149449892967
2025-03-19,131.23389675894887,129.07353014387414
2025-03-21,130.2372579904196,129.1183352416986
2025-03-24,130.22260108940534,129.5016677453079
2025-03-25,132.0563019976736,132.0456016328969
2025-03-26,131.26617084649394,131.65729078508488
2025-03-27,131.0127326251172,130.7860805496092
2025-03-28,131.14690538485326,130.79105889381194
2025-03-31,128.32926658142182,127.34106636132823
2025-04-01,127.94165444817598,127.42569821277444
2025-04-02,128.67215267724637,128.10773136854684
2025-04-03,127.9416538453456,127.02743067655697
2025-04-04,122.44055039320689,120.93891571663265
2025-04-07,115.43372460221259,113.93936376761089
2025-04-08,114.49451195403364,113.64066311544781
2025-04-09,112.92915787088464,111.04196744162891
2025-04-10,119.23530047446427,119.13177677104596
2025-04-11,116.47729497095554,115.11923134365509
2025-04-14,117.38669145144127,116.64260466968686
2025-04-15,119.4887396307299,118.29541494498929
2025-04-16,119.71236161206143,118.00169263702894
2025-04-17,118.51971044977063,116.09000846318513
2025-04-18,118.04264965205664,116.31901229651018
2025-04-21,117.32705858389491,115.45775874943993
2025-04-22,115.6424391320886,113.53611788719071
2025-04-23,117.25251840430515,116.39866580375366
2025-04-24,119.54741518016898,118.90277293772091
2025-04-25,121.08241235940143,120.82441379997013
2025-04-28,121.65993550915968,122.02419475282522
2025-04-30,121.5687477376975,122.06402150644695
2025-05-01,122.99735922967463,122.73111962961119
2025-05-02,125.76339395252631,125.5289490715388
2025-05-07,124.60834647108207,124.0752725643451
2025-05-08,125.50502813228796,124.77224075272564
2025-05-09,127.99749900363197,127.00253895554339
2025-05-12,128.40784490571272,127.30621795190919
2025-05-13,133.4839752291124,132.00079653507245
2025-05-14,134.21347850213698,132.379150694479
2025-05-15,133.24080658073632,131.67222581769303
2025-05-16,132.6328874062633,131.18434808582666
2025-05-19,133.0280352623973,131.7469009807338
2025-05-20,133.71194436420447,132.21984367999204
2025-05-21,133.10402434627204,131.3038283466919
2025-05-22,130.67234559444975,129.20794543734755
2025-05-23,130.7331369830672,129.3871658286454
2025-05-26,129.43384831582372,127.99322945188429
2025-05-27,129.69679965036974,127.9384676656544
2025-05-28,132.6666008596679,130.97525762931247
2025-05-29,133.59466343265169,132.01573156768058
2025-05-30,132.46552000137228,130.74625379598746
2025-06-02,132.04789198249836,130.38781301339176
2025-06-03,131.36731186530488,130.12396077064767
2025-06-04,134.01229153688266,131.6921391945039
2025-06-05,133.4863897814503,130.9204958430826
2025-06-06,134.5691299257012,131.63239906407128
2025-06-09,136.75007835749406,133.4992781400906
2025-06-10,137.3997219122384,133.5540399263205
2025-06-11,138.2659144911231,134.2908348683228
2025-06-12,137.95655971669981,133.5839099915368
2025-06-13,136.92022314227995,132.84711504953452
2025-06-16,136.2860470063474,132.7126997560611
2025-06-17,138.0648347746881,134.41031512918804
2025-06-18,136.75007924998582,133.60880171255042
2025-06-19,136.8119504558417,133.0611838502514
2025-06-20,137.15224008397152,133.1109672922786
2025-06-23,138.28138293156763,133.89754567630806
2025-06-24,138.84772263224684,134.2410514262956
2025-06-25,140.10625644038947,135.33130880669088
2025-06-26,139.09942906354524,135.19191516901478
2025-06-27,140.04332996928466,135.96853686463882
2025-06-30,140.9557668809332,136.90446557474985
2025-07-01,140.5624749192974,136.40663115447802
2025-07-02,140.82991330095308,136.2622591725992
2025-07-03,141.89966718048106,136.78996365808732
2025-07-04,143.94478478174634,138.5423408174441
2025-07-07,143.20539656078859,138.1490516254294
2025-07-08,144.2122235821187,138.91073828844526
2025-07-09,145.65953745798882,139.67740329566388
2025-07-10,145.31344020082105,139.42848608552796
2025-07-11,146.71355844730638,140.42913327027432
2025-07-14,146.14721770325926,140.23497784636828
2025-07-15,146.54051009640398,140.98670782097875
2025-07-16,146.52477897264512,141.7683078608055
2025-07-17,145.83258566004383,141.5243689948723
2025-07-18,147.29563065911623,142.46527604918603
2025-07-22,145.75392706282753,141.75337282819734
2025-07-23,145.50222023356494,141.1460148354657
2025-07-24,146.1418610889115,142.50510280280778
2025-07-25,146.7815020936185,143.35142131726988
2025-07-28,147.11731321755337,143.8243640165281
2025-07-29,147.22925036766117,144.08323791506945
2025-07-30,145.1983921724772,143.58540349479762
2025-07-31,144.6866796428312,144.2624583063673
2025-08-01,144.63870732732883,144.8847513317071
2025-08-04,140.3691072010239,140.05077911086772
2025-08-05,141.45649614163162,141.23064668691194
2025-08-06,142.08014529812596,141.67869766515656
2025-08-07,142.39996486358913,142.62956140787574
2025-08-08,142.11212611861174,142.7241499477274
2025-08-12,143.1355508582187,144.232588241151
2025-08-13,144.31888537834027,145.0291233135859
2025-08-14,144.31888537834027,144.59600736794943
2025-08-15,144.59073308997205,145.5269577338577
2025-08-18,143.6632543866591,145.31786727734354
2025-08-19,144.12699362528906,145.59665455269578
2025-08-20,143.96708328459187,144.82501120127444
2025-08-21,143.35942414012257,144.3172200925972
2025-08-22,143.87113700302527,144.9494698063424
2025-08-25,145.83803096864378,145.81072335341264
2025-08-26,145.04136884877292,145.06397172300493
2025-08-27,145.48034670448956,145.51202270124958
2025-08-28,145.65918860430034,145.6763080599393
2025-08-29,144.92755997904356,145.4921093244387
2025-09-01,144.52109904287752,145.06397172300493
2025-09-02,144.92755885309168,145.2979539005327
2025-09-03,144.48858197297918,145.45726091501967
2025-09-04,143.74069462382883,145.48215263603325
2025-09-05,144.2934810879576,146.66202021207746
2025-09-08,145.2527282779474,146.95076417583513
2025-09-09,145.1551779981632,146.44795141136058
2025-09-10,144.30974053408602,146.93085079902423
2025-09-11,144.13089747264215,147.4386419077015
2025-09-12,145.02511006281497,148.31980883158263
2025-09-16,145.4966040986424,149.3254343605317
2025-09-17,144.34225586621437,148.32478717578533
2025-09-18,144.63490690313802,148.6732712699756
2025-09-19,146.9110857333845,150.21655797281824
2025-09-22,146.1469394738292,150.82391596554984
2025-09-24,146.01687162063627,150.51525862498133
2025-09-25,145.752318252634,151.01309304525316
2025-09-26,145.8349904250701,151.07781151988848
2025-09-29,146.23182055916587,151.1325733061184
2025-09-30,146.26488942306713,151.39144720465973
2025-10-01,146.62865020306228,151.16742171553742
2025-10-02,146.19875112981842,150.85378603076614
2025-10-03,147.30656778054208,151.61547269378204
2025-10-06,150.46467181412345,154.37347538208792
2025-10-07,151.1591234511209,155.40399263205057
2025-10-08,151.9197138357724,156.65355702693284
2025-10-09,153.44089504559278,157.8732513565988
2025-10-10,152.08505907438197,157.56459401603027
2025-10-14,149.07576569813247,155.04057350525215
2025-10-15,148.86081633308766,154.11460148354655
2025-10-16,148.69547066995383,154.27390849803356
2025-10-17,147.7033953070098,153.37282819734156
2025-10-20,147.83567255971096,154.36351869368247
2025-10-21,148.9600234621533,155.56827799074028
2025-10-22,150.18358258447168,156.63862199432467
2025-10-23,149.75368358115944,156.44446657041868
2025-10-24,150.61114771521895,157.71892268631453
2025-10-27,151.73762120288282,159.1676208493055
2025-10-28,151.78806030554685,160.29272663911982
2025-10-29,150.61114729387813,159.48623487827948
2025-10-30,150.91378232102753,160.7258425847563
2025-10-31,151.98981569863034,160.84034450141883
2025-11-04,151.30048108851076,161.33817892169066
2025-11-05,149.4006085125064,158.5901329217902
2025-11-06,150.22444679402082,159.72519540000997
2025-11-07,148.55995691905414,157.74381440732813
2025-11-10,149.78730877273404,158.39597749788422
2025-11-11,151.88893855317016,161.049434957933
2025-11-12,152.54464613868296,161.68666301588092
2025-11-13,153.53661498904006,162.83168218250609
2025-11-14,149.45104865443392,160.5516005376612
2025-11-17,148.4758925180476,159.83969731667247
2025-11-18,146.8114020402151,159.03818390003485
2025-11-19,145.24779013901386,157.64424752327375
2025-11-20,146.82821536625954,159.69532533479364
2025-11-21,146.30701190876314,158.3909991536815
2025-11-25,147.41667158830467,160.0388310847812
2025-11-26,149.2640840491489,161.17389356300095
2025-11-27,150.61543150767946,162.10982227311197
2025-11-28,151.23123625478746,162.81674714989794
2025-12-01,150.94043975984258,162.65744013541098
2025-12-02,149.79435956657684,161.85592671877333
2025-12-03,149.93120420375888,162.47821974411312
2025-12-04,150.76938260636368,162.5877433165729
2025-12-05,151.4878213298904,162.62259172599192
2025-12-08,152.08651937832468,163.11046945785833
2025-12-09,152.56547784947688,163.49380196146763
2025-12-10,152.89048503563006,164.10613829840196
2025-12-11,153.59181815296608,164.03146313536118
2025-12-12,154.37867825287285,164.41479563897047
2025-12-15,153.54050083231382,163.60332553392743
2025-12-16,152.92469594562564,162.31891272962613
2025-12-17,152.240469566297,161.24856872604173
2025-12-18,152.3088925229389,160.890127943446
2025-12-19,153.76287433436383,162.26415094339623
2025-12-22,156.24319712056283,165.31089759545975
2025-12-23,156.03792949548173,165.54985811719024
2025-12-24,155.82923032516084,165.74899188529895
2025-12-25,155.63792189567522,165.79379698312343
2025-12-26,156.22923860871268,166.40613332005776
2025-12-29,156.29880592637275,166.4160900084632
2025-12-30,155.8292311717759,166.10245432369194
2026-01-05,156.40315646335083,166.8093792004779
2026-01-06,157.95101437757447,167.7054811569672
2026-01-07,159.81192215101458,168.556778015632
2026-01-08,157.67274848022763,168.1236620699955
2026-01-09,158.55972233625576,168.27301239607706
2026-01-13,160.92498784069295,171.10071190322097
2026-01-14,161.6032625256933,172.02668392492657
2026-01-15,160.8380290607859,170.976253298153
2026-01-16,161.81196122843943,171.42430427639766
2026-01-19,160.49019536878606,170.3041768307861
2026-01-20,159.82931279327696,170.56802907353014
2026-01-21,157.77709802383873,168.13859710260368
2026-01-22,158.94233869250007,169.41305321849953
2026-01-23,160.24671329979057,171.04097177278837
2026-01-26,156.62242139742486,167.461542291034
2026-01-27,155.79148620028823,167.5411957982775
2026-01-28,154.60696146700616,166.89401105192414
2026-01-29,155.77380648838113,167.7054811569672
2026-01-30,156.8168959359125,167.92950664608952
2026-02-02,157.02904880991736,168.37755762433414
2026-02-03,158.40804808104673,169.42798825110768
2026-02-04,157.89534300854714,169.49768506994573
2026-02-05,160.12295577096663,169.68686214964904
2026-02-06,158.5671627031865,167.67063274754815
2026-02-09,161.8201854884303,170.57300741773287
2026-02-10,162.08537802661058,171.3994125553841
2026-02-12,159.98152116580164,168.55179967142928
2026-02-13,157.40031851033456,166.10743266789464
2026-02-16,158.92075364503927,166.12734604470555
2026-02-17,159.22130457433278,166.3115447802061
2026-02-18,159.20362464067284,166.56544033454472
2026-02-19,161.34284056089706,169.08448250112014
2026-02-20,161.0599694525405,169.04465574749838
2026-02-24,160.24671324278683,168.6911933091054
2026-02-25,161.14556109437262,170.78209787424703
2026-02-26,160.75006798960112,172.7684572111316
2026-02-27,160.73209130949783,171.96196545029125
2026-03-02,162.33204104888537,171.97192213869667
2026-03-03,162.0803630757636,171.9171603524668
2026-03-04,158.88046233327498,168.84054363518695
2026-03-05,158.48496914241187,168.5318862946184
2026-03-06,157.38837360452294,168.70612834171354
2026-03-09,155.71651560590888,167.61587096131828
2026-03-10,154.92552865024615,167.36695375118236
2026-03-11,156.32773172346438,168.81067356997065
2026-03-12,156.4355931685216,169.3234430228506
2026-03-13,153.95477182910605,167.16781998307363
2026-03-16,153.3435544499196,166.0327575048539
2026-03-17,154.6918276524205,167.55613083088565
2026-03-18,155.28506771763097,168.36760093592872
2026-03-19,152.91210690661617,167.09812316423557
2026-03-23,148.72347272202418,162.84661721511424
2026-03-24,149.1628866328245,163.0009458853985
2026-03-25,150.95716252124413,163.47388858465675
2026-03-26,153.64857626226376,165.47020460994673
2026-03-27,150.02340711878955,162.96111913177677
2026-03-30,148.22913167035102,160.98969482750036
2026-03-31,148.0826605361823,160.18320306666004
2026-04-01,150.31635123432292,163.02583760641213
2026-04-02,152.51342312519617,164.9126300592423
2026-04-03,153.46548816905522,165.60461990342012
2026-04-06,153.319016103182,165.6792950664609
2026-04-07,154.08799069482782,166.45591676208494
2026-04-08,153.30070584221096,166.07258425847564
2026-04-09,158.77507711385041,170.81694628366606
2026-04-10,159.78206834667577,171.7877234031961
2026-04-13,160.25810067161828,172.47971324737392
2026-04-14,161.88759542376124,173.22646487778167
2026-04-15,163.0410574921632,175.00871210235476
2026-04-16,162.82134988472905,176.1139045153582
2026-04-17,165.01842210294961,177.00004978344202
2026-04-20,167.39858346617794,178.3043759645542
2026-04-21,167.21549461348346,178.05545875441828
2026-04-22,166.35497525156842,177.27883705879424
2026-04-23,166.00710537217057,178.2745058993379
2026-04-24,168.46453843427378,178.060437098621
2026-04-27,167.9804976992175,178.84203713844775
2026-04-28,167.57092596992229,179.1506944790163
2026-04-30,166.02572094736846,178.70762184497434
2026-05-01,165.4672137426159,176.92537462040124
2026-05-07,167.36614030760825,180.70891621446708
2026-05-08,166.00710549071223,180.84333150794046
2026-05-11,166.54699545926016,181.4855379100911
2026-05-12,165.98848843733734,182.4164882759994
2026-05-13,165.11349339961896,182.1675710658635
2026-05-14,165.59753351232953,183.0736297107582
2026-05-15,166.52838043185702,184.8757903121422
2026-05-18,164.79700650919648,182.61562204410814
2026-05-19,165.42998192337788,182.83466918902772
2026-05-20,165.16934533255778,181.5950614825509
2026-05-21,166.32359496515838,183.44700552596208
2026-05-22,166.9751876072658,184.56713297157364
2026-05-25,168.68794394290668,185.31886294618408
2026-05-26,169.04762037698174,186.09050629760543
2026-05-27,170.1455779094254,187.03639169612188
2026-05-28,170.84599919544732,187.48942101856923
2026-05-29,170.90279011403987,187.86777517797583
2026-06-01,172.98512439768217,188.65435356200527
2026-06-02,172.89047212716548,189.29655996415593
2026-06-03,172.72009894031248,190.55608104744363
2026-06-04,171.1299530766195,189.11733957285804
2026-06-05,171.66000243678135,189.52058545327824
2026-06-08,169.9941348095337,185.32881963458954
2026-06-09,169.84269213465592,184.9902922288047
2026-06-10,170.63776484035748,185.179469308508
2026-06-11,168.763663920137,182.77492905859512
2026-06-12,170.80813613796772,184.9305520983721
2026-06-15,172.7011668410762,187.1210235475681
2026-06-16,173.7044725428278,189.89396126848212
2026-06-17,173.23121470738485,189.74958928660328
2026-06-18,171.37604525052836,188.7140936924379
2026-06-19,172.1900489040198,190.25738039528053
2026-06-22,172.47400406986642,190.70045302932243
2026-06-23,171.75465294317192,190.35196893513216
2026-06-24,170.11852842451444,187.369940757704
2026-06-25,171.40817997664783,187.46950764175836
2026-06-26,173.21754244141792,187.82794842435408
2026-06-29,172.79407405106056,186.9368248120675
2026-06-30,173.67950717325374,189.2617115547369
2026-07-01,174.56493919518354,191.04893712351273
2026-07-02,175.62360921672547,190.50629760541645
2026-07-03,175.91233794274993,189.22188480111515
2026-07-06,176.74002484312774,190.43162244237567
2026-07-07,177.83719156934893,191.82555881913677
2026-07-08,177.1057472004242,190.66560461990343
2026-07-09,175.6428590417211,189.97859311992832
2026-07-10,176.91326276402683,190.83984666699857
2026-07-13,177.85644044180066,191.32772439886494
2026-07-14,177.24048801726263,190.15781351122615
2026-07-15,177.35597969165954,190.8448250112013
2026-07-16,178.41464945851538,191.79568875392044
2026-07-17,179.60805791215742,190.85976004380942
2026-07-21,176.02783170936254,188.7439637576542
2026-07-22,177.14424598529956,191.2331358590133
2026-07-23,177.52921586067484,191.22815751481056
2026-07-24,177.82271781208868,190.38681734455122
2026-07-27,179.0945574584689,189.9736147757256
2026-07-28,180.01419547439912,190.08811669238813
2026-07-29,181.91217154409952,189.63010902573805
2026-07-30,181.05123399071107,187.3151789714741
2026-07-31,178.8206230410383,186.7924528301887
2026-08-03,172.7157942627911,183.32254692089413
2026-08-04,176.5900133327427,186.7376910439588
2026-08-05,179.72069468181266,189.6500224025489
2026-08-06,179.79896124713966,190.3071638373077
2026-08-07,179.77939372618715,190.68053965251158
2026-08-10,180.50336354692854,191.14352566336436
2026-08-12,180.91426501377407,192.54244038432816
2026-08-13,180.62076418335695,193.1497983770598
2026-08-14,180.62076418335695,194.2500124458605
2026-08-17,180.3076960190056,193.79200477921043
2026-08-18,179.3684912612122,193.49828247125006
2026-08-19,178.11621937736254,191.79071040971775
2026-08-20,177.70531772739432,190.9593269278638
2026-08-21,177.76401734794604,191.0738288445263
2026-08-24,179.25109156922926,191.80066709812314
2026-08-25,179.9274364104055,191.52187982277096
2026-08-26,179.7682959907236,192.1889779459352
2026-08-27,179.33066086023192,192.30845820680042
2026-08-28,179.60915599662806,193.36884552197938
2026-08-31,180.24571599076194,193.68248120675065
2026-09-01,179.4500176726064,192.92577288793746
2026-09-02,177.2021675327335,192.0844327176781
2026-09-03,175.9489424153134,190.59590780106538
2026-09-04,174.29786745100833,188.90327077214118
2026-09-07,173.7607703154367,189.18703639169613
2026-09-08,171.11507145053685,186.84223627221584
2026-09-09,170.2199103326548,185.98098272514562
2026-09-10,168.1311996877323,185.06496739184547
