date,orcan_start_100,rakuten-orcan_start_100
2023-10-27,100.0,100.0
2023-10-30,99.28508062411939,99.18379685610641
2023-10-31,100.02609194802483,100.0
2023-11-01,101.75337890726921,101.72309552599759
2023-11-02,102.18650524448157,102.21684804514308
2023-11-06,104.62871157960653,104.67553405884725
2023-11-07,105.08271147523874,105.02821442966545
2023-11-08,105.42190679956165,105.39097138250706
2023-11-09,105.82372279914418,105.73357517130188
2023-11-10,105.54714815008089,105.40104796453042
2023-11-13,106.56473412304963,106.590084643289
2023-11-14,106.79956165527318,106.78153970173317
2023-11-15,108.18765329019465,108.29302700523982
2023-11-16,109.09565308145905,109.04877065699314
2023-11-17,108.68861869227156,108.56509471987101
2023-11-20,108.39638887439335,108.36356307940346
2023-11-21,107.93195219955123,107.92019347037484
2023-11-22,107.87976830350155,107.76904474002419
2023-11-24,109.16349214632363,109.00846432889963
2023-11-27,109.11130825027398,109.04877065699314
2023-11-28,107.98413609560089,107.92019347037484
2023-11-29,107.33705578458488,107.23498589278518
2023-11-30,107.44142357668423,107.3055219669488
2023-12-01,108.33376819913374,108.17210802095929
2023-12-04,107.84845796587173,107.75896815800081
2023-12-05,107.82758440745187,107.66827891979041
2023-12-06,107.82758440745187,107.7186618299073
2023-12-07,107.50404425194384,107.36598145908907
2023-12-08,105.22882638417785,105.15920999596938
2023-12-11,107.20137765485572,107.0838371624345
2023-12-12,107.83280279705683,107.78919790407093
2023-12-13,108.03110160204561,107.95042321644499
2023-12-14,106.9561133434222,106.96291817815397
2023-12-15,107.7545269529823,107.6783555018138
2023-12-18,107.4466419662892,107.19467956469167
2023-12-19,108.12503261493502,107.91011688835148
2023-12-20,109.77926211970986,109.63321241434905
2023-12-21,108.23461879663935,107.83958081418783
2023-12-22,108.27636591347911,108.07134220072552
2023-12-25,108.28158430308407,108.08141878274888
2023-12-26,108.37551531597349,108.16203143893593
2023-12-27,109.2208944319783,109.03869407496978
2023-12-28,108.98606689975475,108.74647319629183
2023-12-29,109.0591243542243,108.73639661426844
2024-01-04,108.31289464071388,108.04111245465538
2024-01-05,109.44006679538694,109.10923014913341
2024-01-09,109.82622762615458,109.62313583232569
2024-01-10,110.16542295047749,109.84482063683998
2024-01-11,111.35521578041016,111.04393389762193
2024-01-12,111.06298596253197,110.75171301894397
2024-01-15,111.17779053384125,110.89278516727126
2024-01-16,111.4961122997443,111.2353889560661
2024-01-17,111.91358346814172,111.55783958081417
2024-01-18,111.60569848144863,111.3260781942765
2024-01-19,112.38323853258885,112.14228133817011
2024-01-22,113.54693941449669,113.32124143490528
2024-01-23,113.71392788185565,113.47239016525594
2024-01-24,113.91744507644941,113.70415155179363
2024-01-25,114.10008871262329,113.86537686416767
2024-01-26,114.36622658247664,114.0769850866586
2024-01-29,114.98199655586285,114.74203950020154
2024-01-30,115.08636434796222,114.78234582829505
2024-01-31,115.12811146480195,114.85288190245868
2024-02-01,113.2338360381986,112.96856106408706
2024-02-02,114.01659447894379,113.75453446191052
2024-02-05,116.33877785315451,116.02176541717049
2024-02-06,115.84824923028754,115.57839580814189
2024-02-07,115.85868600949748,115.64893188230552
2024-02-08,116.73537546313209,116.50544135429261
2024-02-09,117.73208787768095,117.50302297460702
2024-02-13,118.27480039659761,118.1882305521967
2024-02-14,117.71121431926107,117.39218057234986
2024-02-15,118.59312216250063,118.38976219266424
2024-02-16,119.33935187601105,119.07496977025393
2024-02-19,119.12539790220737,118.80290205562274
2024-02-20,119.33413348640609,119.02458686013703
2024-02-21,118.76011062985962,118.47037484885128
2024-02-22,119.24020247351667,118.94397420395002
2024-02-26,121.09794917288525,120.85852478839179
2024-02-27,121.00923654960079,120.73760580411124
2024-02-28,121.09794917288525,120.81821846029828
2024-02-29,120.86834003026665,120.53607416364369
2024-03-01,121.10838595209519,120.76783555018137
2024-03-04,121.86505244481553,121.61426844014511
2024-03-05,122.12597192506391,121.77549375251915
2024-03-06,120.85268486145175,120.53607416364369
2024-03-07,120.77440901737724,120.53607416364369
2024-03-08,121.12404112091009,120.91898428053204
2024-03-11,119.72029431717372,119.43772672309552
2024-03-12,119.511558732975,119.23619508262797
2024-03-13,121.18144340656474,120.8988311164853
2024-03-14,121.28059280905912,120.96936719064892
2024-03-15,121.57282262693734,121.19105199516325
2024-03-18,121.54151228930752,121.2515114873035
2024-03-19,122.0320409121745,121.73518742442565
2024-03-21,124.68820122110316,124.46594115276098
2024-03-22,125.851902103011,125.50382910116889
2024-03-25,125.23091374001982,124.9093107617896
2024-03-26,125.01174137661117,124.71785570334542
2024-03-27,125.08479883108072,124.71785570334542
2024-03-28,125.65882168762721,125.36275695284161
2024-03-29,125.74753431091166,125.45344619105198
2024-04-01,125.71100558367687,125.37283353486497
2024-04-02,125.63272973960235,125.34260378879485
2024-04-03,124.90737358451183,124.54655380894802
2024-04-04,125.31440797369933,125.06045949214027
2024-04-05,123.75410948181391,123.38774687625957
2024-04-08,125.07436205187079,124.78839177750906
2024-04-09,125.49705160987318,125.24183796856106
2024-04-10,125.47095966184835,125.21160822249094
2024-04-11,125.36137348014402,124.92946392583634
2024-04-12,125.94061472629548,125.5844417573559
2024-04-15,124.6360173250535,124.17372027408302
2024-04-16,124.02546574127224,123.61950826279727
2024-04-17,123.45144288472578,123.12575574365174
2024-04-18,122.88785680738926,122.53123740427247
2024-04-19,122.87220163857432,122.53123740427247
2024-04-22,122.1625006522987,121.90648931882306
2024-04-23,123.21139696289724,122.98468359532447
2024-04-24,124.80300579241246,124.57678355501814
2024-04-25,125.26744246725461,124.9093107617896
2024-04-26,125.03783332463603,124.76823861346232
2024-04-30,127.69399363356469,127.40830310358726
2024-05-01,126.77555706309033,126.39056831922613
2024-05-02,125.22047696080989,124.82869810560257
2024-05-07,127.0573501017586,126.83393792825473
2024-05-08,127.85576371131869,127.55945183393793
2024-05-09,128.45587851589,128.1640467553406
2024-05-10,129.08730365809112,128.84925433293026
2024-05-13,129.6561081250326,129.36316001612255
2024-05-14,130.10488963105985,129.81660620717452
2024-05-15,130.80415383812556,130.54212011285773
2024-05-16,130.18838386473934,129.9677549375252
2024-05-17,131.38861347388195,131.0862555421201
2024-05-20,131.90001565516883,131.62031438935912
2024-05-21,132.4896936805302,132.15437323659816
2024-05-22,132.3279236027762,132.01330108827085
2024-05-23,132.46360173250537,132.06368399838775
2024-05-24,131.86348692793405,131.4087061668682
2024-05-27,132.21311903146687,131.9125352680371
2024-05-28,132.52622240776498,132.1342200725514
2024-05-29,132.59406147262956,132.23498589278518
2024-05-30,131.43557898032668,131.0963321241435
2024-05-31,130.42842978656785,130.1894397420395
2024-06-03,131.57125711005585,131.28778718258766
2024-06-04,131.4460157595366,131.07617896009674
2024-06-05,130.1153264102698,129.76622329705765
2024-06-06,131.92610760319366,131.64046755340587
2024-06-07,132.22877420028178,131.88230552196697
2024-06-10,132.80801544643325,132.3559048770657
2024-06-11,133.19417627720085,132.81942765014108
2024-06-12,132.9280384073475,132.56751309955663
2024-06-13,133.78385430256225,133.484482063684
2024-06-14,133.97171632834107,133.57517130189441
2024-06-17,133.7264520169076,133.33333333333331
2024-06-18,134.66054375619683,134.391374445788
2024-06-19,135.36502635286752,135.12696493349458
2024-06-20,135.67812972916556,135.27811366384523
2024-06-21,136.3043364817617,135.8726320032245
2024-06-24,136.57569274122005,136.1850060459492
2024-06-25,136.41392266346605,136.0540104796453
2024-06-26,136.909669675938,136.51753325272068
2024-06-27,137.65589938944842,137.20274083031038
2024-06-28,137.98465793456137,137.57557436517533
2024-07-01,137.89072692167196,137.46473196291817
2024-07-02,138.64739341439233,138.24062877871825
2024-07-03,139.0909565308146,138.78476420798066
2024-07-04,140.0198298804989,139.73196291817814
2024-07-05,140.0981057245734,139.6614268440145
2024-07-08,140.160726399833,139.78234582829506
2024-07-09,140.48426655534104,140.0644901249496
2024-07-10,140.93826645097323,140.528012898025
2024-07-11,142.36810520273445,142.0092704554615
2024-07-12,139.73803684183062,139.28859330914952
2024-07-16,140.04070343891874,139.5707376058041
2024-07-17,140.69300213953974,140.32648125755745
2024-07-18,136.86792255909825,136.36638452237003
2024-07-19,137.2018994938162,136.66868198307134
2024-07-22,136.18953191045244,135.71140669085048
2024-07-23,136.6226582476648,136.30592503022973
2024-07-24,135.63116422272088,135.1571946795647
2024-07-25,131.02854459113917,130.48166062071743
2024-07-26,130.95026874706465,130.44135429262394
2024-07-29,132.00960183687314,131.63039097138252
2024-07-30,132.2444293690967,131.7613865376864
2024-07-31,130.6006366435318,130.11890366787586
2024-08-01,129.84918854041643,129.47400241837968
2024-08-02,127.72008558158952,127.15638855300281
2024-08-05,121.42148932839325,121.01975010076582
2024-08-06,118.39482335751188,118.08746473196292
2024-08-07,121.0405468872306,120.63683998387746
2024-08-08,120.21604132964568,119.68964127367995
2024-08-09,123.29489119657673,123.05521966948811
2024-08-13,124.03590252048218,123.65981459089078
2024-08-14,125.62751134999739,125.31237404272471
2024-08-15,126.38939623232271,125.96735187424426
2024-08-16,129.63001617700778,129.35308343409915
2024-08-19,129.17601628137555,128.80894800483676
2024-08-20,129.2021082294004,128.85933091495366
2024-08-21,128.30454521734595,127.86174929463925
2024-08-22,128.60721181443407,128.26481257557435
2024-08-23,128.59677503522414,128.1136638452237
2024-08-26,127.60006262067527,127.28738411930674
2024-08-27,128.42978656786516,127.99274486094316
2024-08-28,128.132338360382,127.76098347440548
2024-08-29,127.7566143088243,127.32769044740024
2024-08-30,128.1166831915671,127.72067714631197
2024-09-02,130.22491259197412,129.81660620717452
2024-09-03,130.99723425350936,130.61265618702137
2024-09-04,127.08344204978343,126.55179363160016
2024-09-05,125.19960340239003,124.87908101571948
2024-09-06,124.48990241611439,124.11326078194276
2024-09-09,122.30339717163284,121.77549375251915
2024-09-10,123.8062933778636,123.48851269649334
2024-09-11,122.77305223607995,122.4304715840387
2024-09-12,124.36987945520013,124.1434905280129
2024-09-13,124.45337368887961,124.09310761789601
2024-09-17,124.66732766268329,124.30471584038693
2024-09-18,125.56489067473777,125.16122531237403
2024-09-19,126.93210875123937,126.51148730350666
2024-09-20,128.32020038616082,128.0128980249899
2024-09-24,129.14470594374578,128.78879484079
2024-09-25,129.58305067056307,129.39338976219267
2024-09-26,130.57976308511195,130.16928657799275
2024-09-27,132.54709596618483,132.29544538492544
2024-09-30,130.00574022856546,129.59492140266022
2024-10-01,131.3520847466472,130.85449415558244
2024-10-02,130.15185513750455,129.695687222894
2024-10-03,133.17852110838595,132.72873841193066
2024-10-04,132.33836038198612,131.90245868601372
2024-10-07,134.78578510671605,134.37122128174124
2024-10-08,133.51771643270888,133.1217251108424
2024-10-09,134.13870479570005,133.73639661426844
2024-10-10,135.73031362521527,135.3284965739621
2024-10-11,134.99973908051973,134.56267634018542
2024-10-15,137.40019829880498,136.97097944377268
2024-10-16,135.91295726138915,135.39903264812577
2024-10-17,136.50785367635547,136.08424022571543
2024-10-18,136.98272713040757,136.58806932688432
2024-10-21,137.07665814329698,136.62837565497782
2024-10-22,137.64024422063352,137.19266424828697
2024-10-23,137.91160048009183,137.47480854494157
2024-10-24,138.1777383499452,137.6864167674325
2024-10-25,137.78635912957262,137.33373639661426
2024-10-28,138.88743933622087,138.42200725513908
2024-10-29,138.93440484266554,138.48246674727932
2024-10-30,139.3310024526431,138.86537686416767
2024-10-31,138.9291864530606,138.4522370012092
2024-11-01,135.47983092417678,135.01612253123741
2024-11-05,136.27824453373688,135.80209592906087
2024-11-06,138.03684183061108,137.5957275292221
2024-11-07,141.56447320356938,141.062071745264
2024-11-08,141.465323801075,141.062071745264
2024-11-11,141.45488702186506,140.91092301491335
2024-11-12,142.2272086834003,141.68681983071343
2024-11-13,142.12284089130094,141.58605401047964
2024-11-14,142.57162239732818,142.049576783555
2024-11-15,142.92647289046602,142.43248690044337
2024-11-18,139.37796795908784,138.87545344619105
2024-11-19,140.13463445180818,139.68158000806125
2024-11-20,140.95392161978813,140.45747682386133
2024-11-21,140.99566873662786,140.49778315195485
2024-11-22,140.980013567813,140.5179363160016
2024-11-25,141.4966341387048,140.99153567110037
2024-11-26,141.60622032040914,141.08222490931078
2024-11-27,140.7817147628242,140.2559451833938
2024-11-28,139.64410582894118,139.1273679967755
2024-11-29,138.73610603767676,138.2305521966949
2024-12-02,138.93440484266554,138.4522370012092
2024-12-03,139.19010593330898,138.69407496977027
2024-12-04,139.3623127902729,138.84522370012093
2024-12-05,140.62516307467516,140.10479645304312
2024-12-06,140.327714867192,139.82265215638856
2024-12-09,140.4059907112665,139.88311164852882
2024-12-10,141.43923185305013,140.95122934300684
2024-12-11,141.19396754161667,140.66908504635228
2024-12-12,142.5507488389083,142.02942361950826
2024-12-13,142.39419715075928,141.85812172511086
2024-12-16,143.02562229296038,142.503022974607
2024-12-17,143.63095548713667,143.10761789600969
2024-12-18,142.4881281636487,141.97904070939137
2024-12-19,140.19203673746281,139.621120515921
2024-12-20,142.1489328393258,141.60620717452642
2024-12-23,142.06543860564628,141.57597742845627
2024-12-24,143.5109325262224,142.99677549375252
2024-12-25,144.65375984971038,144.1354292623942
2024-12-26,144.78421958983458,144.26642482869812
2024-12-27,145.46782862808539,144.9415558242644
2024-12-30,144.47633460314145,143.94397420395
2025-01-06,143.3648176172833,142.84562676340184
2025-01-07,144.9094609403538,144.37726723095525
2025-01-08,143.59964514950687,143.04715840386942
2025-01-09,143.76663361686585,143.2285368802902
2025-01-10,143.50049574701248,142.97662232970575
2025-01-14,140.7451860355894,140.23579201934703
2025-01-15,141.63231226843396,141.1124546553809
2025-01-16,142.3107029170798,141.82789197904071
2025-01-17,141.4287950738402,140.90084643288995
2025-01-20,143.3491624484684,142.83555018137847
2025-01-21,143.7561968376559,143.2285368802902
2025-01-22,144.46589782393153,143.94397420395
2025-01-23,145.95835725095236,145.42523176138653
2025-01-24,146.42801231539946,145.90890769850867
2025-01-27,145.76005844596358,145.23377670294235
2025-01-28,143.73532327923604,143.15800080612658
2025-01-29,145.25909304388668,144.6795646916566
2025-01-30,144.16844961644836,143.57114066908505
2025-01-31,144.57548400563587,144.0447400241838
2025-02-03,144.6485414601054,144.0850463522773
2025-02-04,143.4483118509628,142.92623941958888
2025-02-05,143.5109325262224,142.97662232970575
2025-02-06,142.8116683191567,142.26118500604593
2025-02-07,142.2428638522152,141.68681983071343
2025-02-10,141.76799039816314,141.19306731156792
2025-02-12,143.82403590252048,143.28899637243046
2025-02-13,144.98251839482336,144.43772672309552
2025-02-14,144.93033449877368,144.397420395002
2025-02-17,144.33021969420236,143.7726723095526
2025-02-18,144.26759901894275,143.71221281741234
2025-02-19,145.05035745968794,144.47803305118904
2025-02-20,143.94927725303972,143.37968561064088
2025-02-21,142.36810520273445,141.8782748891576
2025-02-25,140.4686113865261,139.88311164852882
2025-02-26,138.78307154412147,138.26078194276502
2025-02-27,139.41971507592757,138.89560661023782
2025-02-28,137.723738454313,137.15235792019348
2025-03-03,139.79543912748525,139.23821039903265
2025-03-04,137.30104889631062,136.74929463925835
2025-03-05,136.50785367635547,135.9633212414349
2025-03-06,137.98465793456137,137.44457879887142
2025-03-07,135.26065856076815,134.71382507053607
2025-03-10,135.06235975577937,134.53244659411527
2025-03-11,131.33121118822731,130.80411124546555
2025-03-12,131.706935239785,131.1870213623539
2025-03-13,132.5679695246047,132.05360741636437
2025-03-14,131.16944111047331,130.66303909713827
2025-03-17,134.02390022439076,133.50463522773074
2025-03-18,135.7877159108699,135.27811366384523
2025-03-19,135.29718728800293,134.7541313986296
2025-03-21,135.34415279444764,134.79443772672312
2025-03-24,135.74596879403015,135.1975010076582
2025-03-25,138.41256588216876,137.84764207980652
2025-03-26,138.00553149298128,137.44457879887142
2025-03-27,137.09231331211188,136.52760983474406
2025-03-28,137.09753170171686,136.5477629987908
2025-03-31,133.48118770547407,132.93027005239824
2025-04-01,133.56990032875856,133.04111245465538
2025-04-02,134.28481970463915,133.73639661426844
2025-04-03,133.15242916036112,132.60781942765016
2025-04-04,126.77033867348537,126.22934300685206
2025-04-07,119.4332828889005,118.87343812978636
2025-04-08,119.1201795126024,118.62152357920192
2025-04-09,116.39618013880917,115.8806932688432
2025-04-10,124.87606324688201,124.44578798871422
2025-04-11,120.67004122527787,120.17331721080208
2025-04-14,122.26686844439807,121.78557033454251
2025-04-15,123.99937379324741,123.5086658605401
2025-04-16,123.69148880655429,123.16606207174527
2025-04-17,121.68762719824662,121.1608222490931
2025-04-18,121.92767312007516,121.40266021765417
2025-04-21,121.0248917184157,120.49576783555018
2025-04-22,119.01059333089809,118.49052801289804
2025-04-23,122.01116735375463,121.50342603788795
2025-04-24,124.6360173250535,124.1031841999194
2025-04-25,126.6503157125711,126.13865376864169
2025-04-28,127.90794760736837,127.37807335751714
2025-04-30,127.94969472420811,127.40830310358726
2025-05-01,128.64895893127382,128.09351068117692
2025-05-02,131.58169388926578,131.00564288593307
2025-05-07,130.05792412461514,129.5143087464732
2025-05-08,130.78849866931066,130.21966948810964
2025-05-09,133.12633721233627,132.55743651753323
2025-05-12,133.44465897823932,132.86981056025795
2025-05-13,138.36560037572406,137.77710600564288
2025-05-14,138.76219798570162,138.19024586860138
2025-05-15,138.02118666179618,137.42442563482467
2025-05-16,137.50978448050932,136.9105199516324
2025-05-19,138.0994625058707,137.5050382910117
2025-05-20,138.59520951834264,138.01894397420395
2025-05-21,137.63502583102854,137.0515920999597
2025-05-22,135.43808380733705,134.8347440548166
2025-05-23,135.62594583311588,135.04635227730753
2025-05-26,134.16479674372488,133.57517130189441
2025-05-27,134.10739445807025,133.5348649738009
2025-05-28,137.29061211710066,136.70898831116486
2025-05-29,138.38125554453896,137.77710600564288
2025-05-30,137.05056619527213,136.4268440145103
2025-06-02,136.67484214371447,136.07416364369206
2025-06-03,136.39826749465115,135.82224909310762
2025-06-04,138.04206022021603,137.44457879887142
2025-06-05,137.23320983144603,136.63845223700122
2025-06-06,137.97943954495642,137.38411930673115
2025-06-09,139.9363356468194,139.33897621926644
2025-06-10,139.99373793247406,139.3893591293833
2025-06-11,140.7660595940093,140.1652559451834
2025-06-12,140.02504827010384,139.41958887545346
2025-06-13,139.2527266085686,138.66384522370012
2025-06-16,139.11183008923447,138.51269649334944
2025-06-17,140.8913009445285,140.28617492946393
2025-06-18,140.05114021812867,139.4296654574768
2025-06-19,139.4771173615822,138.8553002821443
2025-06-20,139.5293012576319,138.90568319226117
2025-06-23,140.35380681521684,139.73196291817814
2025-06-24,140.71387569795962,140.10479645304312
2025-06-25,141.85670302144757,141.2434502216848
2025-06-26,141.71058811250847,141.08222490931078
2025-06-27,142.52465689088348,141.89842805320436
2025-06-30,143.50571413661743,142.8657799274486
2025-07-01,142.98387517612065,142.36195082627972
2025-07-02,142.8325418775766,142.21080209592907
2025-07-03,143.38569117570316,142.75493752519145
2025-07-04,145.22256431665187,144.58887545344618
2025-07-07,144.8103115378594,144.1757355904877
2025-07-08,145.6087251474195,144.97178557033453
2025-07-09,146.41235714658455,145.77791213220473
2025-07-10,146.15143766633616,145.52599758162032
2025-07-11,147.20033397693473,146.56388553002822
2025-07-14,146.99681678234097,146.3522773075373
2025-07-15,147.78479361269112,147.13825070536075
2025-07-16,148.6040807806711,147.95445384925435
2025-07-17,148.34837969002766,147.71261588069328
2025-07-18,149.33465532536658,148.70012091898428
2025-07-22,148.5884256118562,147.94437726723095
2025-07-23,147.9517820800501,147.31962918178155
2025-07-24,149.37640244220634,148.72027408303103
2025-07-25,150.26352867505088,149.5969367190649
2025-07-28,150.75927568752283,150.10076582023376
2025-07-29,151.03063194698117,150.3627569528416
2025-07-30,150.50879298648437,149.84885126964934
2025-07-31,151.21849397276003,150.54413542926238
2025-08-01,151.870792673381,151.19911326078196
2025-08-04,146.80373636695717,146.16082224909312
2025-08-05,148.04049470333456,147.3901652559452
2025-08-06,148.51014976778166,147.85368802902056
2025-08-07,149.50686218233054,148.8613462313583
2025-08-08,149.60601158482493,148.94195888754533
2025-08-12,151.1871836351302,150.53405884723904
2025-08-13,152.02212597192505,151.38049173720273
2025-08-14,151.56812607629286,150.91696896412736
2025-08-15,152.54396493242186,151.87424425634825
2025-08-18,152.3247925690132,151.66263603385732
2025-08-19,152.61702238689142,151.96493349455864
2025-08-20,151.80817199812137,151.14873035066506
2025-08-21,151.27589625841463,150.6348246674728
2025-08-22,151.9386317382456,151.27972591696897
2025-08-25,152.84141313990503,152.2067714631197
2025-08-26,152.05865469915983,151.38049173720273
2025-08-27,152.52830976360696,151.8540910923015
2025-08-28,152.70051662057088,152.01531640467553
2025-08-29,152.50743620518708,151.8440145102781
2025-09-01,152.05865469915983,151.39056831922613
2025-09-02,152.30391901059332,151.63240628778718
2025-09-03,152.47090747795232,151.8037081821846
2025-09-04,152.49699942597715,151.83393792825473
2025-09-05,153.73375776235454,153.0632809351068
2025-09-08,154.03642435944266,153.36557839580814
2025-09-09,153.50936700934093,152.85167271261588
2025-09-10,154.0155508010228,153.34542523176137
2025-09-11,154.54782654072955,153.869407496977
2025-09-12,155.47148150080886,154.79645304312777
2025-09-16,156.52559620101238,155.84441757355904
2025-09-17,155.4766998904138,154.7863764611044
2025-09-18,155.84198716276157,155.14913341394598
2025-09-19,157.45968794030162,156.7613865376864
2025-09-22,158.09633147210772,157.3962112051592
2025-09-24,157.7727913165997,157.07376058041112
2025-09-25,158.2946302770965,157.56751309955663
2025-09-26,158.3624693419611,157.64812575574365
2025-09-29,158.41987162761572,157.7186618299073
2025-09-30,158.69122788707406,157.9806529625151
2025-10-01,158.4564003548505,157.7488915759774
2025-10-02,158.1276418097375,157.42644095122935
2025-10-03,158.9260554192976,158.20233776702943
2025-10-06,161.81704326044982,161.09431680773883
2025-10-07,162.8972499086782,162.1825876662636
2025-10-08,164.20706569952512,163.46231358323257
2025-10-09,165.48557115274227,164.75211608222492
2025-10-10,165.16203099723427,164.39943571140668
2025-10-14,162.51630746751553,161.7795243853285
2025-10-15,161.5456870009915,160.82224909310762
2025-10-16,161.71267546835045,160.98347440548167
2025-10-17,160.76814694985126,160.03627569528416
2025-10-20,161.80660648123987,161.10439338976218
2025-10-21,163.06945676564212,162.34381297863766
2025-10-22,164.19141053071021,163.43208383716242
2025-10-23,163.98789333611649,163.24062877871825
2025-10-24,165.32380107498824,164.5908907698509
2025-10-27,166.84235245003393,166.09230149133413
2025-10-28,168.02170850075666,167.27126158806934
2025-10-29,167.17632938475185,166.434905280129
2025-10-30,168.47570839638888,167.72470777912133
2025-10-31,168.59573135730315,167.81539701733172
2025-11-04,169.11757031779993,168.34945586457073
2025-11-05,166.23701925585763,165.46755340588473
2025-11-06,167.42681208579035,166.6968964127368
2025-11-07,165.3498930230131,164.58081418782749
2025-11-10,166.0335020612639,165.28617492946393
2025-11-11,168.81490372071178,168.06731156791616
2025-11-12,169.48285759014766,168.7222893994357
2025-11-13,170.6830871992903,169.9113260781943
2025-11-14,168.293064760215,167.4727932285369
2025-11-17,167.5468350467046,166.80773881499397
2025-11-18,166.70667432030476,165.92099959693672
2025-11-19,165.24552523091373,164.51027811366384
2025-11-20,167.3955017481605,166.6465135026199
2025-11-21,166.02828367165893,165.21563885530028
2025-11-25,167.7555706309033,167.0092704554615
2025-11-26,168.945363460836,168.1882305521967
2025-11-27,169.92642070656996,169.16565900846433
2025-11-28,170.6674320304754,169.9012494961709
2025-12-01,170.50044356311642,169.72994760177346
2025-12-02,169.6602828367166,168.8935912938331
2025-12-03,170.31258153733756,169.5384925433293
2025-12-04,170.42738610864689,169.64933494558645
2025-12-05,170.46391483588164,169.68964127367997
2025-12-08,170.9753170171685,170.20354695687223
2025-12-09,171.37713301675103,170.59653365578396
2025-12-10,172.01899493816208,171.24143490528013
2025-12-11,171.94071909408757,171.1708988311165
2025-12-12,172.3425350936701,171.5739621120516
2025-12-15,171.49193758806032,170.69729947601772
2025-12-16,170.14559306997862,169.36719064893188
2025-12-17,169.02363930491052,168.25876662636034
2025-12-18,168.6479152533528,167.875856509472
2025-12-19,170.08819078432396,169.316807738815
2025-12-22,173.2818452225643,172.50100765820233
2025-12-23,173.5323279236028,172.7428456267634
2025-12-24,173.7410635078015,172.95445384925435
2025-12-25,173.7880290142462,172.99476017734784
2025-12-26,174.42989093565726,173.63966142684401
2025-12-29,174.44032771486718,173.6497380088674
2025-12-30,174.1115691697542,173.31721080209593
2026-01-05,174.85258049365967,174.0628778718259
2026-01-06,175.79189062255386,175.0
2026-01-07,176.68423524500338,175.87666263603384
2026-01-08,176.23023534937118,175.41313986295847
2026-01-09,176.3867870375202,175.5844417573559
2026-01-13,179.350832333142,178.55703345425232
2026-01-14,180.32145279966602,179.49415558242646
2026-01-15,179.2203725930178,178.39580814187826
2026-01-16,179.69002765746492,178.88956066102378
2026-01-19,178.51588999634714,177.69044740024185
2026-01-20,178.79246464541043,177.9826682789198
2026-01-21,176.2458905181861,175.42321644498188
2026-01-22,177.58179825705787,176.7936316001612
2026-01-23,179.28821165788239,178.48649738008868
2026-01-26,175.53618953191045,174.73800886739218
2026-01-27,175.61968376558994,174.82869810560257
2026-01-28,174.9412931169441,174.15356711003628
2026-01-29,175.79189062255386,174.97984683595325
2026-01-30,176.02671815477743,175.21160822249092
2026-02-02,176.49637321922455,175.66505441354292
2026-02-03,177.5974534258728,176.81378476420798
2026-02-04,177.67051088034233,176.82386134623135
2026-02-05,177.8688096853311,176.98508665860538
2026-02-06,175.7553618953191,174.92946392583636
2026-02-09,178.7976830350154,178.03305118903668
2026-02-10,179.66393570944007,178.84925433293026
2026-02-12,176.67901685539843,175.87666263603384
2026-02-13,174.11678755935918,173.2869810560258
2026-02-16,174.13766111777906,173.34744054816608
2026-02-17,174.33074153316286,173.52881902458685
2026-02-18,174.59687940301623,173.7908101571947
2026-02-19,177.23738454313,176.43087464731963
2026-02-20,177.19563742629026,176.37041515517936
2026-02-24,176.82513176433753,176.00765820233778
2026-02-25,179.01685539842404,178.22450624748086
2026-02-26,181.09899285080624,180.27005239822654
2026-02-27,180.25361373480143,179.39338976219267
2026-03-02,180.2640505140114,179.41354292623942
2026-03-03,180.20664822835673,179.36316001612255
2026-03-04,176.98168345248658,176.15880693268844
2026-03-05,176.65814329697855,175.84643288996372
2026-03-06,176.84078693315243,176.00765820233778
2026-03-09,175.69795960966445,174.8690044336961
2026-03-10,175.43704012941606,174.6372430471584
2026-03-11,176.95037311485675,176.1285771866183
2026-03-12,177.48786724416846,176.65255945183392
2026-03-13,175.22830454521733,174.39540507859735
2026-03-16,174.03851171528467,173.21644498186214
2026-03-17,175.63533893440484,174.82869810560257
2026-03-18,176.4859364400146,175.67513099556632
2026-03-19,175.1552470907478,174.31479242241033
2026-03-23,170.6987423681052,169.88109633212414
2026-03-24,170.8605124458592,170.10278113663847
2026-03-25,171.35625945833115,170.55622732769044
2026-03-26,173.4488336899233,172.64207980652964
2026-03-27,170.81876532901947,170.00201531640468
2026-03-30,168.75228304545217,167.93631600161225
2026-03-31,167.9069039294474,167.1100362756953
2026-04-01,170.88660439388406,170.14308746473196
2026-04-02,172.8643740541669,172.0576380491737
2026-04-03,173.58973020925743,172.78315195485692
2026-04-06,173.66800605333194,172.85368802902056
2026-04-07,174.48207483170694,173.67996775493754
2026-04-08,174.0802588321244,173.26682789197903
2026-04-09,179.05338412565882,178.22450624748086
2026-04-10,180.07097009862755,179.242241031842
2026-04-13,180.79632625371812,179.9576783555018
2026-04-14,181.5790846944633,180.76380491737203
2026-04-15,183.4472681730418,182.6178960096735
2026-04-16,184.6057506653447,183.74647319629182
2026-04-17,185.53462401502895,184.6533655783958
2026-04-20,186.90184209153057,186.0640870616687
2026-04-21,186.64092261128215,185.7920193470375
2026-04-22,185.82685383290715,184.925433293027
2026-04-23,186.87053175390074,186.0137041515518
2026-04-24,186.64614100088713,185.77186618299072
2026-04-27,187.46542816886708,186.60822249093107
2026-04-28,187.7889683243751,186.90044336960904
2026-04-30,187.32453164953296,186.4268440145103
2026-05-01,185.45634817095444,184.6231358323257
2026-05-07,189.42232427073006,188.55300282144296
2026-05-08,189.56322079006418,188.6235388956066
2026-05-11,190.23639304910503,189.3591293833132
2026-05-12,191.21223190523403,190.31640467553405
2026-05-13,190.95131242498564,190.00403063280936
2026-05-14,191.90105933308982,191.00161225312374
2026-05-15,193.79011637008819,192.875856509472
2026-05-18,191.42096748943277,190.49778315195485
2026-05-19,191.65057663205133,190.71946795646917
2026-05-20,190.35119762041435,189.4397420395002
2026-05-21,192.2924385534624,191.42482869810559
2026-05-22,193.4665762145802,192.5534058847239
2026-05-25,194.25455304493033,193.3091495364772
2026-05-26,195.06340343370036,194.1354292623942
2026-05-27,196.05489745864426,195.15316404675534
2026-05-28,196.52977091269634,195.58645707376058
2026-05-29,196.9263685226739,196.01975010076583
2026-06-01,197.75087408025885,196.7855703345425
2026-06-02,198.42404633929968,197.45062474808546
2026-06-03,199.74429890935656,198.76058041112455
2026-06-04,198.23618431352085,197.25916968964128
2026-06-05,198.65887387152327,197.68238613462316
2026-06-08,194.26498982414026,193.2789197904071
2026-06-09,193.91013933100245,192.9665457476824
2026-06-10,194.10843813599124,193.1378476420798
2026-06-11,191.58795595679175,190.63885530028216
2026-06-12,193.84751865574285,192.92623941958888
2026-06-15,196.1436100819287,195.17331721080208
2026-06-16,199.05025309189583,198.08544941555823
2026-06-17,198.89891979335178,197.91414752116083
2026-06-18,197.81349475551843,196.8359532446594
2026-06-19,199.4311955330585,198.46835953244658
2026-06-22,199.89563220790063,198.92180572349858
2026-06-23,199.53034493555288,198.56912535268037
2026-06-24,196.40452956217712,195.42523176138653
2026-06-25,196.50889735427648,195.5360741636437
2026-06-26,196.88462140583417,195.90890769850867
2026-06-29,195.95052966654492,194.9919387343813
2026-06-30,198.38751761206493,197.4304715840387
2026-07-01,200.2609194802484,199.30471584038693
2026-07-02,199.6921150133069,198.6900443369609
2026-07-03,198.34577049522517,197.37001209189845
2026-07-06,199.61383916923236,198.61950826279727
2026-07-07,201.0749882586234,200.0906892382104
2026-07-08,199.85910348066588,198.8714228133817
2026-07-09,199.1389657151803,198.17613865376865
2026-07-10,200.04174711683973,199.093107617896
2026-07-13,200.55314929812658,199.5969367190649
2026-07-14,199.32682774095915,198.34744054816608
2026-07-15,200.0469655064447,199.093107617896
2026-07-16,201.04367792099362,200.04030632809352
2026-07-17,200.0626206752596,199.04272470777912
2026-07-21,197.84480509314827,196.87625957275293
2026-07-22,200.4539998956322,199.4961708988311
2026-07-23,200.44878150602722,199.47601773478436
2026-07-24,199.56687366278766,198.559048770657
2026-07-27,199.1337473255753,198.13583232567512
2026-07-28,199.25377028648958,198.25675130995566
2026-07-29,198.77367844283253,197.81338170092704
2026-07-30,196.34712727652246,195.37484885126966
2026-07-31,195.79919636800082,194.92140266021764
2026-08-03,192.1619788133382,191.1628375654978
2026-08-04,195.7417940823462,194.7601773478436
2026-08-05,198.7945520012524,197.86376461104393
2026-08-06,199.4833794291082,198.48851269649336
2026-08-07,199.87475864948075,198.89157597742846
2026-08-10,200.3600688827428,199.39540507859735
2026-08-12,201.82643636173876,200.83635630794038
2026-08-13,202.46307989354486,201.49133413945987
2026-08-14,203.61634399624276,202.61991132607818
2026-08-17,203.13625215258574,202.13623538895607
2026-08-18,202.8283671658926,201.84401451027813
2026-08-19,201.03845953138858,200.0
2026-08-20,200.16698846735898,199.21402660217655
2026-08-21,200.28701142827322,199.29463925836356
2026-08-24,201.04889631059856,200.02015316404677
2026-08-25,200.7566664927203,199.74808544941556
2026-08-26,201.45593069978608,200.47359935509874
2026-08-27,201.58117205030527,200.57436517533253
2026-08-28,202.69268903616342,201.68278919790404
2026-08-31,203.02144758127642,202.0052398226522
2026-09-01,202.2282523613213,201.2293430068521
2026-09-02,201.34634451808174,200.34260378879486
2026-09-03,199.78604602619632,198.80088673921804
2026-09-04,198.01179356050721,197.02740830310358
2026-09-07,198.30924176799041,197.31962918178155
2026-09-08,195.8513802640505,194.87101975010077
2026-09-09,194.94859886239107,193.97420395002015
2026-09-10,193.98841517507697,193.0068520757759
2026-09-11,193.7222773052236,192.7347843611447
