date,rakuten-sp_start_100,rakuten-nasdaq_start_100
2024-01-30,100.0,100.0
2024-01-31,100.05183137525916,100.0
2024-02-01,97.97857636489287,100.0
2024-02-02,98.97201105736005,100.91000000000001
2024-02-05,101.58085694540429,104.22
2024-02-06,101.2007601935038,104.03
2024-02-07,100.89841050449205,103.25999999999999
2024-02-08,101.91776088458882,104.50999999999999
2024-02-09,102.93711126468557,105.67999999999999
2024-02-13,103.35176226675881,106.21000000000001
2024-02-14,102.83344851416724,105.44
2024-02-15,103.68002764340014,106.46
2024-02-16,104.16378714581893,106.61
2024-02-19,103.50725639253628,105.47999999999999
2024-02-20,103.75777470628887,105.72999999999999
2024-02-21,103.0062197650311,104.78
2024-02-22,103.38631651693157,104.63
2024-02-26,105.47684865238425,107.25
2024-02-27,105.28680027643401,107.4
2024-02-28,105.35590877677954,107.54999999999998
2024-02-29,105.32135452660678,107.09
2024-03-01,105.62370421561853,107.87
2024-03-04,106.33206634416032,109.25
2024-03-05,106.44436765722183,109.05
2024-03-06,105.10539046302696,106.82000000000001
2024-03-07,104.9326192121631,106.79
2024-03-08,105.1917760884589,107.61
2024-03-11,103.78369039391846,105.24
2024-03-12,103.69730476848653,104.86999999999999
2024-03-13,105.33863165169315,106.91999999999999
2024-03-14,105.25224602626122,106.16000000000001
2024-03-15,105.63234277816171,106.50999999999999
2024-03-18,105.42501727712508,105.80000000000001
2024-03-19,106.07290946786453,106.81
2024-03-21,108.72494816862475,109.43
2024-03-22,109.64927436074636,110.5
2024-03-25,109.38147892190739,110.5
2024-03-26,108.97546648237733,110.05
2024-03-27,108.85452660677264,109.83000000000001
2024-03-28,109.77021423635107,110.22000000000001
2024-03-29,109.80476848652386,109.98000000000002
2024-04-01,109.82204561161022,110.00000000000001
2024-04-02,109.83932273669662,110.47
2024-04-03,108.94091223220457,109.33
2024-04-04,109.17415342087075,109.67
2024-04-05,107.29958534899792,107.45
2024-04-08,109.06185210780926,109.39000000000001
2024-04-09,109.15687629578439,109.48
2024-04-10,109.20870767104354,109.79
2024-04-11,109.0272978576365,109.68
2024-04-12,109.89115411195579,111.53999999999999
2024-04-15,108.57809260539047,109.96
2024-04-16,107.93883897719418,108.82000000000001
2024-04-17,107.97339322736697,109.11999999999999
2024-04-18,107.1181755355909,107.53999999999999
2024-04-19,107.09225984796129,107.13999999999999
2024-04-22,106.19384934346925,104.96000000000001
2024-04-23,107.16136834830685,106.06
2024-04-24,108.44851416724256,107.66
2024-04-25,108.93227366966136,108.47
2024-04-26,108.60400829302004,108.04
2024-04-30,110.86731167933657,111.03
2024-05-01,109.86523842432618,109.64
2024-05-02,108.22391154111956,107.61
2024-05-07,110.27988942639946,110.96
2024-05-08,111.03144436765722,111.55999999999999
2024-05-09,111.5324809951624,112.02000000000001
2024-05-10,112.16309606081548,112.25
2024-05-13,112.56046993780235,112.75999999999999
2024-05-14,112.81098825155493,113.27000000000001
2024-05-15,113.49343469246718,114.16999999999999
2024-05-16,112.94056668970282,113.97999999999999
2024-05-17,113.92536281962681,114.97
2024-05-20,114.31409813407049,115.13
2024-05-21,114.85832757429164,116.36
2024-05-22,115.0224602626123,116.49000000000001
2024-05-23,115.143400138217,116.88000000000001
2024-05-24,114.46959225984796,116.55
2024-05-27,115.05701451278507,117.48
2024-05-28,115.10884588804421,117.53
2024-05-29,115.48030407740153,118.27000000000001
2024-05-30,114.7892190739461,117.6
2024-05-31,113.47615756738078,115.71000000000001
2024-06-03,114.72874913614375,116.03000000000002
2024-06-04,114.34001382170007,115.9
2024-06-05,113.66620594333104,115.36999999999999
2024-06-06,115.37664132688322,118.09
2024-06-07,115.37664132688322,118.03999999999999
2024-06-10,116.14547339322736,118.83999999999999
2024-06-11,116.69834139599172,119.55
2024-06-12,116.91430545957154,120.30000000000001
2024-06-13,117.6744989633725,121.64999999999999
2024-06-14,118.25328265376642,122.66
2024-06-17,118.40877677954389,123.39
2024-06-18,119.49723565998617,125.07999999999998
2024-06-19,119.9637180373186,125.28999999999999
2024-06-20,120.11057360055287,125.44999999999999
2024-06-21,120.51658604008293,125.2
2024-06-24,120.922598479613,125.49
2024-06-25,120.32653766413269,123.82
2024-06-26,120.95715272978576,125.42
2024-06-27,121.89875604699378,126.52000000000001
2024-06-28,122.23565998617829,126.99000000000001
2024-07-01,121.8728403593642,126.44
2024-07-02,122.56392536281963,127.64999999999999
2024-07-03,123.24637180373186,128.85999999999999
2024-07-04,123.76468555632343,129.88
2024-07-05,123.53144436765722,129.63
2024-07-08,123.9201796821009,130.64
2024-07-09,124.17933655839668,131.09
2024-07-10,124.74948168624739,131.67
2024-07-11,126.16620594333104,133.25
2024-07-12,123.04768486523842,128.16
2024-07-16,123.57463718037319,128.72
2024-07-17,124.43849343469246,128.88
2024-07-18,120.62024879060125,122.96000000000001
2024-07-19,120.922598479613,123.66
2024-07-22,120.11057360055287,122.56
2024-07-23,120.7930200414651,123.8
2024-07-24,119.92916378714582,122.69000000000001
2024-07-25,115.28161713890808,116.31
2024-07-26,115.26434001382171,115.64000000000001
2024-07-29,116.26641326883207,116.55
2024-07-30,116.60331720801658,117.02
2024-07-31,114.7805805114029,114.16999999999999
2024-08-01,114.4436765722184,115.44000000000001
2024-08-02,112.80234968901175,112.55
2024-08-05,107.73151347615757,106.89999999999999
2024-08-06,104.16378714581893,103.39
2024-08-07,106.72944022114721,105.91999999999999
2024-08-08,105.31271596406357,104.10999999999999
2024-08-09,108.81133379405668,108.35999999999999
2024-08-13,109.11368348306843,108.89999999999999
2024-08-14,110.78092605390464,111.46000000000001
2024-08-15,111.4029025570145,111.75
2024-08-16,114.58189357290946,115.87
2024-08-19,113.89944713199725,115.07000000000001
2024-08-20,113.85625431928128,115.41999999999999
2024-08-21,112.98375950241879,114.49000000000001
2024-08-22,113.30338631651694,114.94
2024-08-23,112.97512093987561,113.69
2024-08-26,112.1458189357291,112.88
2024-08-27,112.80234968901175,112.72999999999999
2024-08-28,112.52591568762958,112.63000000000001
2024-08-29,112.05943331029718,111.52
2024-08-30,112.275397373877,111.57
2024-09-02,114.5473393227367,114.14
2024-09-03,115.26434001382171,114.86000000000001
2024-09-04,111.48928818244643,109.92
2024-09-05,110.08120248790601,108.49
2024-09-06,109.33828610919143,108.13
2024-09-09,107.1181755355909,104.91
2024-09-10,108.94091223220457,106.83
2024-09-11,108.34485141672425,106.74
2024-09-12,110.06392536281963,109.61000000000001
2024-09-13,109.88251554941257,109.66
2024-09-17,110.04664823773325,109.08
2024-09-18,110.74637180373186,109.79
2024-09-19,111.99896337249481,110.84
2024-09-20,113.19972356599861,112.99999999999999
2024-09-24,114.0722183828611,113.84
2024-09-25,114.03766413268832,114.04
2024-09-26,114.83241188666207,115.21
2024-09-27,116.04181064270904,116.78
2024-09-30,113.65756738078782,113.92
2024-10-01,115.24706288873531,115.31
2024-10-02,114.0463026952315,113.53
2024-10-03,116.5946786454734,116.24000000000001
2024-10-04,116.08500345542501,115.87
2024-10-07,118.53835521769179,118.67000000000002
2024-10-08,116.96613683483068,116.84
2024-10-09,118.37422252937111,118.93
2024-10-10,120.14512785072564,120.83
2024-10-11,119.28127159640636,120.02999999999999
2024-10-15,121.79509329647547,122.05999999999999
2024-10-16,120.5597788527989,120.09
2024-10-17,121.40635798203179,120.44999999999999
2024-10-18,121.79509329647547,120.94
2024-10-21,121.70006910850036,121.17
2024-10-22,122.55528680027643,122.46
2024-10-23,123.00449205252247,123.10000000000001
2024-10-24,123.01313061506565,122.32000000000001
2024-10-25,122.77988942639946,122.83
2024-10-28,123.78196268140982,124.6
2024-10-29,123.69557705597789,124.18
2024-10-30,124.19661368348306,125.72000000000001
2024-10-31,124.058396682792,124.99
2024-11-01,120.49067035245335,120.67000000000002
2024-11-05,120.95715272978576,121.41999999999999
2024-11-06,122.77988942639946,123.36
2024-11-07,127.34968901174844,128.22
2024-11-08,127.05597788527989,128.94
2024-11-11,127.56565307532826,129.06
2024-11-12,128.2653766413269,129.58
2024-11-13,128.8441603317208,130.32
2024-11-14,129.55252246026262,130.78
2024-11-15,129.65618521078093,130.8
2024-11-18,125.93296475466482,125.64
2024-11-19,126.55494125777471,126.64999999999999
2024-11-20,127.40152038700761,127.89999999999999
2024-11-21,127.59156876295785,127.97
2024-11-22,127.78161713890808,127.94000000000001
2024-11-25,128.0062197650311,127.93
2024-11-26,128.38631651693157,128.1
2024-11-27,127.98030407740153,127.69
2024-11-28,126.5722183828611,125.69
2024-11-29,125.717000691085,124.83999999999999
2024-12-02,126.00207325501036,125.52000000000001
2024-12-03,126.0970974429855,126.69999999999999
2024-12-04,126.03662750518313,126.98
2024-12-05,127.2805805114029,129.03
2024-12-06,126.78818244644093,128.36
2024-12-09,126.926399447132,129.37
2024-12-10,127.59156876295785,129.75
2024-12-11,127.47926744989633,129.58
2024-12-12,128.9823773324119,132.45
2024-12-13,128.80096751900481,132.07999999999998
2024-12-16,129.569799585349,133.88
2024-12-17,130.3818244644091,136.13
2024-12-18,129.41430545957152,135.08
2024-12-19,126.58085694540429,131.23
2024-12-20,128.92190739460955,133.16
2024-12-23,129.3192812715964,133.23000000000002
2024-12-24,130.8742225293711,135.21
2024-12-25,132.25639253628196,137.0
2024-12-26,132.29958534899794,137.03
2024-12-27,132.88700760193504,137.5
2024-12-30,131.42709053213545,135.63
2025-01-06,130.45093296475468,134.32999999999998
2025-01-07,131.5912232204561,136.23000000000002
2025-01-08,130.0276434001382,133.68
2025-01-09,130.49412577747063,134.02
2025-01-10,130.2954388389772,133.81
2025-01-14,128.0148583275743,130.79000000000002
2025-01-15,128.585003455425,131.05
2025-01-16,129.60435383552178,132.71
2025-01-17,128.33448514167242,130.77
2025-01-20,130.3040774015204,133.65
2025-01-21,130.32135452660677,133.66
2025-01-22,131.003800967519,133.97
2025-01-23,132.61921216309608,136.56
2025-01-24,133.1807187284036,136.71
2025-01-27,132.18728403593641,135.29
2025-01-28,129.88078783690392,130.88
2025-01-29,131.52211472011058,133.4
2025-01-30,130.13130615065654,132.29999999999998
2025-01-31,130.54595715272978,132.61
2025-02-03,130.96060815480303,133.51999999999998
2025-02-04,129.67346233586733,132.1
2025-02-05,129.53524533517623,132.66
2025-02-06,128.80960608154803,131.97
2025-02-07,128.17899101589495,131.53
2025-02-10,127.5138217000691,130.4
2025-02-12,129.53524533517623,132.77
2025-02-13,130.24360746371804,134.0
2025-02-14,130.15722183828612,134.43
2025-02-17,129.39702833448513,134.17
2025-02-18,129.19834139599172,133.95
2025-02-19,129.9412577747063,134.67
2025-02-20,129.37975120939876,133.84
2025-02-21,127.7557014512785,132.1
2025-02-25,125.27643400138217,128.14000000000001
2025-02-26,123.59191430545957,125.44
2025-02-27,123.87698686938494,125.98
2025-02-28,122.27021423635107,122.86999999999999
2025-03-03,124.95680718728404,125.61
2025-03-04,121.70870767104354,121.8
2025-03-05,120.71527297857637,121.85999999999999
2025-03-06,121.56185210780926,123.0
2025-03-07,118.45196959225986,118.63
2025-03-10,118.56427090532135,118.97
2025-03-11,114.83241188666207,113.89
2025-03-12,115.05701451278507,114.67
2025-03-13,115.79129232895646,116.14
2025-03-14,114.23635107118176,113.99
2025-03-17,117.06116102280582,117.21999999999998
2025-03-18,118.37422252937111,118.41
2025-03-19,117.23393227366967,116.57
2025-03-21,117.76088458880443,117.24000000000001
2025-03-24,118.43469246717346,118.28
2025-03-25,121.44955079474775,121.75
2025-03-26,121.04353835521768,121.78999999999999
2025-03-27,119.99827228749136,119.87
2025-03-28,120.01554941257776,119.57
2025-03-31,116.40463026952315,115.21999999999998
2025-04-01,117.30304077401522,115.44000000000001
2025-04-02,117.76088458880443,116.41
2025-04-03,116.9574982722875,115.71000000000001
2025-04-04,109.95162404975811,108.13
2025-04-07,103.22218382861092,101.39
2025-04-08,104.37975120939875,102.97
2025-04-09,101.08845888044229,99.33
2025-04-10,111.86074637180371,112.43
2025-04-11,105.52868002764339,105.25
2025-04-14,107.21319972356599,107.0
2025-04-15,108.37076710435383,107.91999999999999
2025-04-16,107.66240497581204,107.58000000000001
2025-04-17,104.94989633724947,104.02
2025-04-18,105.04492052522461,103.97000000000001
2025-04-21,104.13787145818935,103.08
2025-04-22,101.48583275742918,100.34
2025-04-23,104.88078783690393,103.81
2025-04-24,107.27366966136836,106.81
2025-04-25,109.56288873531443,109.91
2025-04-28,110.78956461644782,111.57999999999998
2025-04-30,110.65998617829993,111.36999999999999
2025-05-01,111.21285418106427,111.91
2025-05-02,114.201796821009,115.46000000000001
2025-05-07,111.95577055977886,113.14999999999999
2025-05-08,112.92328956461645,114.07000000000001
2025-05-09,115.29889426399447,116.94
2025-05-12,115.34208707671043,117.04
2025-05-13,120.70663441603318,123.38
2025-05-14,121.11264685556324,124.85
2025-05-15,120.37836903939186,124.66999999999999
2025-05-16,119.91188666205943,123.76
2025-05-19,120.63752591568763,124.2
2025-05-20,121.07809260539047,124.64
2025-05-21,119.74775397373878,123.29
2025-05-22,117.069799585349,120.85
2025-05-23,117.46717346233586,121.50000000000001
2025-05-26,115.73946095369732,119.39999999999999
2025-05-27,115.43711126468557,119.09
2025-05-28,119.21216309606082,123.37
2025-05-29,120.1796821008984,124.51
2025-05-30,118.8579820317899,122.91000000000001
2025-06-02,118.65929509329646,122.58
2025-06-03,118.503800967519,122.76
2025-06-04,120.16240497581204,124.75
2025-06-05,119.11713890808568,124.00999999999999
2025-06-06,119.3590186592951,123.91000000000001
2025-06-09,121.55321354526608,126.14000000000001
2025-06-10,121.5100207325501,126.19
2025-06-11,122.37387698686939,127.22
2025-06-12,121.34588804422944,126.03999999999999
2025-06-13,120.93123704215618,125.42999999999999
2025-06-16,120.70663441603318,124.99
2025-06-17,122.40843123704215,127.34
2025-06-18,121.6309606081548,126.30999999999999
2025-06-19,121.22494816862475,125.93
2025-06-20,121.58776779543882,126.29999999999998
2025-06-23,122.27885279889425,126.77000000000001
2025-06-24,122.79716655148583,127.42999999999999
2025-06-25,123.60919143054596,128.79
2025-06-26,123.38458880442293,128.84
2025-06-27,124.18797512093988,129.85
2025-06-30,125.03455425017277,130.56
2025-07-01,124.71492743607465,130.39000000000001
2025-07-02,124.59398756046993,129.24
2025-07-03,125.12957843814789,130.14
2025-07-04,127.06461644782307,132.34
2025-07-07,126.86592950932965,132.14
2025-07-08,127.34105044920526,132.62
2025-07-09,127.94574982722875,133.45
2025-07-10,127.84208707671043,133.48
2025-07-11,128.88735314443676,133.98000000000002
2025-07-14,128.77505183137527,134.02
2025-07-15,129.55252246026262,135.08
2025-07-16,130.22633033863164,136.49
2025-07-17,130.17449896337249,136.13
2025-07-18,131.02971665514858,137.32
2025-07-22,130.13994471319972,136.79
2025-07-23,129.345196959226,135.19
2025-07-24,130.3818244644091,135.78
2025-07-25,131.28887353144435,136.97
2025-07-28,132.12681409813408,137.61
2025-07-29,132.84381478921907,138.81
2025-07-30,132.18728403593641,138.27
2025-07-31,133.0425017277125,139.54999999999998
2025-08-01,133.80269523151347,140.1
2025-08-04,128.91326883206636,134.48
2025-08-05,130.23496890117485,136.38
2025-08-06,130.17449896337249,135.99
2025-08-07,131.15929509329646,137.76999999999998
2025-08-08,130.70145127850725,137.83
2025-08-12,132.4723565998618,139.78
2025-08-13,133.422598479613,141.05
2025-08-14,132.8092605390463,140.01
2025-08-15,133.73358673116792,140.83
2025-08-18,133.23255010366276,139.98999999999998
2025-08-19,133.58673116793364,140.37
2025-08-20,132.66240497581202,138.27
2025-08-21,132.12681409813408,137.25
2025-08-22,132.53282653766414,137.6
2025-08-25,133.57809260539045,138.7
2025-08-26,132.74879060124397,138.01000000000002
2025-08-27,133.6558396682792,138.95
2025-08-28,133.85452660677265,139.07
2025-08-29,133.82861091914307,139.41
2025-09-01,133.3102971665515,138.06
2025-09-02,133.36212854181065,138.12
2025-09-03,133.7681409813407,138.38
2025-09-04,133.7595024187975,138.76
2025-09-05,135.08984105044922,140.28
2025-09-08,134.88251554941257,140.61999999999998
2025-09-09,134.16551485832758,140.23000000000002
2025-09-10,134.66655148583274,140.82
2025-09-11,135.1071181755356,140.92
2025-09-12,136.01416724257084,141.52
2025-09-16,136.83483068417414,143.53
2025-09-17,135.75501036627503,142.45000000000002
2025-09-18,136.02280580511405,142.57999999999998
2025-09-19,137.67277125086386,144.98
2025-09-22,138.5625431928127,146.23999999999998
2025-09-24,138.0010366275052,145.54
2025-09-25,138.4675190048376,146.0
2025-09-26,138.7266758811334,146.35
2025-09-29,139.00310988251553,146.42
2025-09-30,139.0635798203179,146.74
2025-10-01,138.96855563234277,146.45
2025-10-02,138.52798894263992,146.2
2025-10-03,138.8217000691085,146.96
2025-10-06,141.085003455425,148.70000000000002
2025-10-07,142.25984796129924,150.54000000000002
2025-10-08,143.45196959225984,151.54000000000002
2025-10-09,144.6959225984796,153.78
2025-10-10,144.62681409813408,153.9
2025-10-14,142.3462335867312,151.16
2025-10-15,141.3700760193504,149.31
2025-10-16,141.07636489288183,149.39
2025-10-17,139.6682791983414,148.31
2025-10-20,141.18002764340014,150.09
2025-10-21,142.26848652384243,151.59
2025-10-22,143.35694540428472,152.67
2025-10-23,143.11506565307533,151.70999999999998
2025-10-24,144.3590186592951,153.48
2025-10-27,145.80165860400828,155.39000000000001
2025-10-28,147.17519004837595,157.78
2025-10-29,146.57049067035246,157.94
2025-10-30,147.7280580511403,159.84
2025-10-31,147.50345542501728,158.82
2025-11-04,148.4277816171389,160.59
2025-11-05,145.84485141672425,156.37
2025-11-06,146.90739460953696,158.06
2025-11-07,144.50587422252937,154.23
2025-11-10,145.35245335176225,154.5
2025-11-11,148.02176917760886,158.35
2025-11-12,148.25501036627503,157.79000000000002
2025-11-13,149.06703524533518,158.46
2025-11-14,146.32861091914307,154.91
2025-11-17,146.2508638562543,154.98000000000002
2025-11-18,145.51658604008293,154.32
2025-11-19,144.51451278507255,152.68
2025-11-20,146.69143054595713,155.27
2025-11-21,144.60953697304768,151.79
2025-11-25,147.7107809260539,156.34
2025-11-26,148.59191430545957,156.76000000000002
2025-11-27,149.1706979958535,157.66
2025-11-28,149.86178299930893,158.39000000000001
2025-12-01,149.93953006219763,158.85
2025-12-02,148.99792674498963,158.10999999999999
2025-12-03,149.4989633724948,159.58
2025-12-04,149.42121630960608,159.35
2025-12-05,149.42121630960608,159.02
2025-12-08,149.84450587422253,159.84
2025-12-09,150.0950241879751,160.26
2025-12-10,150.77747062888736,161.4
2025-12-11,150.82066344160333,161.03
2025-12-12,150.9934346924672,160.3
2025-12-15,149.68037318590186,157.56
2025-12-16,148.60055286800275,155.85
2025-12-17,147.8317208016586,155.82
2025-12-18,146.9937802349689,153.73000000000002
2025-12-19,148.39322736696613,156.29
2025-12-22,151.39944713199725,160.12
2025-12-23,151.53766413268832,159.97
2025-12-24,151.71907394609536,160.22
2025-12-25,151.90912232204562,160.34
2025-12-26,152.48790601243954,160.94
2025-12-29,152.41015894955078,160.82
2025-12-30,151.96959225984796,160.17
2026-01-05,151.6758811333794,158.92
2026-01-06,152.07325501036627,159.56
2026-01-07,152.98030407740154,161.0
2026-01-08,152.63476157567382,161.29
2026-01-09,152.93711126468557,160.66
2026-01-13,155.3040774015204,163.61
2026-01-14,155.96060815480303,164.32
2026-01-15,154.4747753973739,161.88
2026-01-16,155.05355908776778,162.59
2026-01-19,153.77505183137527,161.23000000000002
2026-01-20,154.40566689702834,161.88
2026-01-21,151.27850725639254,158.5
2026-01-22,153.05805114029025,160.67000000000002
2026-01-23,154.23289564616448,162.24
2026-01-26,150.6219765031099,158.92
2026-01-27,150.87249481686246,159.06
2026-01-28,149.66309606081546,158.51999999999998
2026-01-29,150.31962681409814,159.75
2026-01-30,150.6219765031099,159.42000000000002
2026-02-02,151.5722183828611,159.06
2026-02-03,152.69523151347616,160.54
2026-02-04,151.86592950932965,158.51999999999998
2026-02-05,151.85729094678646,156.49
2026-02-06,149.9654457498272,154.31
2026-02-09,153.06668970283346,157.77
2026-02-10,153.02349689011749,158.18
2026-02-12,149.74084312370422,154.89
2026-02-13,147.04561161022806,151.37
2026-02-16,147.27021423635108,151.79
2026-02-17,147.51209398756046,152.04
2026-02-18,147.581202487906,151.75
2026-02-19,149.91361437456808,154.51
2026-02-20,149.85314443676572,154.26
2026-02-24,149.04975812024878,153.42
2026-02-25,151.14892881824466,156.06
2026-02-26,152.69523151347616,158.6
2026-02-27,151.5463026952315,156.4
2026-03-02,151.60677263303387,156.67
2026-03-03,152.60020732550103,157.85
2026-03-04,151.34761575673807,156.31
2026-03-05,151.46855563234277,157.59
2026-03-06,151.43400138217,157.98000000000002
2026-03-09,150.64789219073947,156.86
2026-03-10,150.9675190048376,157.95
2026-03-11,151.14029025570147,158.39000000000001
2026-03-12,151.84001382170007,159.3
2026-03-13,149.68901174844507,156.72
2026-03-16,148.96337249481687,155.92
2026-03-17,150.43192812715964,157.62
2026-03-18,150.6392536281963,158.24
2026-03-19,149.23116793365585,156.66
2026-03-23,146.24222529371113,152.93
2026-03-24,146.95922598479615,153.79
2026-03-25,146.57912923289564,152.78
2026-03-26,148.17726330338633,154.64
2026-03-27,145.6720801658604,151.02
2026-03-30,143.59018659295094,148.48
2026-03-31,142.9336558396683,147.23
2026-04-01,146.17311679336558,151.31
2026-04-02,147.08880442294404,152.96
2026-04-03,148.16862474084311,154.07999999999998
2026-04-06,148.22909467864548,154.14000000000001
2026-04-07,148.98064961990326,155.17000000000002
2026-04-08,147.9612992398065,154.06
2026-04-09,151.9350380096752,158.79000000000002
2026-04-10,153.2480995162405,160.32
2026-04-13,153.64547339322735,161.12
2026-04-14,154.57843814789217,162.17
2026-04-15,156.09018659295094,164.76999999999998
2026-04-16,157.25639253628196,166.98999999999998
2026-04-17,158.25846579129234,168.42999999999998
2026-04-20,159.75293711126469,170.16
2026-04-21,159.3814789219074,169.64
2026-04-22,158.5608154803041,169.14000000000001
2026-04-23,160.38355217691776,172.23999999999998
2026-04-24,160.20214236351072,171.76
2026-04-27,161.19557705597788,174.78
2026-04-28,161.36834830684174,174.78
2026-04-30,161.37698686938492,174.95000000000002
2026-05-01,159.7270214236351,173.06
2026-05-07,162.41361437456808,179.44
2026-05-08,162.4827228749136,179.99
2026-05-11,163.83033863165167,184.17
2026-05-12,164.58189357290948,185.21
2026-05-13,164.72011057360055,184.04
2026-05-14,165.77401520387008,186.06
2026-05-15,167.75224602626122,188.21
2026-05-18,166.16275051831374,185.84
2026-05-19,166.1022805805114,185.07
2026-05-20,164.99654457498272,183.95999999999998
2026-05-21,166.69834139599172,186.91
2026-05-22,167.25120939875603,187.57999999999998
2026-05-25,167.58811333794057,188.04000000000002
2026-05-26,167.70041465100206,188.17
2026-05-27,169.06530753282652,191.86
2026-05-28,169.45404284727022,192.08
2026-05-29,170.13648928818245,193.35999999999999
2026-06-01,170.58569454042848,194.15
2026-06-02,171.37180373185902,195.67000000000002
2026-06-03,171.84692467173463,196.89000000000001
2026-06-04,170.5770559778853,196.32
2026-06-05,171.34588804422944,195.38
2026-06-08,167.1907394609537,186.46
2026-06-09,167.63130615065654,189.34
2026-06-10,167.33759502418798,187.35999999999999
2026-06-11,164.79785763648928,183.83
2026-06-12,167.23393227366967,189.38
2026-06-15,168.08051140290257,190.6
2026-06-16,171.00034554250172,196.58
2026-06-17,170.22287491361436,193.09
2026-06-18,168.52971665514858,191.59
2026-06-19,170.73255010366276,196.77
2026-06-22,171.1817553559088,197.3
2026-06-23,170.59433310297166,196.96
2026-06-24,168.17553559087767,190.51
2026-06-25,168.18417415342086,189.87
2026-06-26,168.25328265376643,191.39
2026-06-29,168.011402902557,189.12
2026-06-30,170.6634416033172,194.14000000000001
2026-07-01,172.39115411195579,197.84
2026-07-02,171.93331029716654,194.70000000000002
2026-07-03,170.48203178991014,189.92
2026-07-06,170.8102971665515,190.29
2026-07-07,172.65894955079474,193.37
2026-07-08,172.13199723565998,190.22
2026-07-09,171.82964754664823,190.94
2026-07-10,172.80580511402903,193.56
2026-07-13,173.53144436765723,194.18
2026-07-14,172.38251554941257,190.78
2026-07-15,172.848997926745,192.68
2026-07-16,173.57463718037317,192.19
2026-07-17,172.99585348997925,189.42000000000002
2026-07-21,170.97442985487214,186.71
2026-07-22,173.17726330338633,191.07
2026-07-23,172.85763648928818,189.94
2026-07-24,171.69143054595713,187.39
2026-07-27,171.45818935729096,184.88
2026-07-28,171.6309606081548,184.44
2026-07-29,171.84692467173463,182.49
2026-07-30,169.05666897028334,178.54000000000002
2026-07-31,168.93572909467863,181.39000000000001
2026-08-03,164.91015894955078,176.89
2026-08-04,169.1085003455425,181.91
2026-08-05,172.28749136143747,188.13
2026-08-06,172.25293711126469,186.84
2026-08-07,172.87491361437458,187.12
2026-08-10,173.22909467864548,188.54999999999998
2026-08-12,174.11886662059433,188.98999999999998
2026-08-13,174.59398756046994,190.39
2026-08-14,175.76019350380096,192.6
2026-08-17,175.13821700069107,191.98
2026-08-18,174.67173462335867,192.13
2026-08-19,173.4018659295093,188.82000000000002
2026-08-20,172.7366966136835,187.29
2026-08-21,171.96786454733933,186.73
2026-08-24,172.36523842432618,186.95999999999998
2026-08-25,172.3393227366966,185.63
2026-08-26,172.78852798894263,186.7
2026-08-27,172.8144436765722,186.86
2026-08-28,174.2916378714582,189.78
2026-08-31,174.54215618521079,189.19
2026-09-01,173.73013130615064,189.08
2026-09-02,173.03904630269523,187.21
2026-09-03,172.1233586731168,185.79000000000002
2026-09-04,170.63752591568763,184.38000000000002
2026-09-07,170.3092605390463,185.10999999999999
2026-09-08,167.8991015894955,182.48
2026-09-09,166.9229440221147,182.26
2026-09-10,166.11091914305462,181.70999999999998
2026-09-11,166.13683483068417,180.85
