date,rakuten-sp_start_100,fang_start_100
2023-10-27,100.0,100.0
2023-10-30,99.17071197411003,100.9810966172894
2023-10-31,100.13147249190939,102.06444837497237
2023-11-01,102.0529935275081,103.56511165155871
2023-11-02,102.52831715210355,105.21501216007074
2023-11-06,104.81391585760518,107.68848109661728
2023-11-07,105.33980582524272,108.31030289630776
2023-11-08,106.0275080906149,110.82522661950034
2023-11-09,106.38147249190939,111.64603139509175
2023-11-10,105.78478964401295,110.97722750386912
2023-11-13,107.65574433656957,114.19688260004422
2023-11-14,107.59506472491908,114.0559363254477
2023-11-15,108.8794498381877,115.87165598054389
2023-11-16,109.57726537216827,116.41609551182843
2023-11-17,109.3042071197411,116.05958434667257
2023-11-20,108.84911003236246,115.54830864470485
2023-11-21,108.40412621359224,115.95732920627901
2023-11-22,108.29288025889967,115.6146363033385
2023-11-24,109.64805825242718,116.83340703073182
2023-11-27,109.63794498381878,116.47965951801902
2023-11-28,108.44457928802589,115.07019677205395
2023-11-29,107.62540453074433,114.81041344240548
2023-11-30,107.64563106796116,114.3571744417422
2023-12-01,108.66707119741102,114.67223082025204
2023-12-04,108.22208737864078,113.06654875082909
2023-12-05,108.20186084142395,112.15730709705947
2023-12-06,108.23220064724919,112.95323900066327
2023-12-07,107.7467637540453,111.73999557815608
2023-12-08,105.71399676375404,110.89155427813398
2023-12-11,107.7467637540453,113.64415211143046
2023-12-12,108.53559870550163,114.26321025867787
2023-12-13,108.84911003236246,115.41012602255141
2023-12-14,107.95914239482201,114.2604466062348
2023-12-15,108.29288025889967,114.53957550298475
2023-12-18,107.96925566343043,115.1448153880168
2023-12-19,108.88956310679612,117.15122706168472
2023-12-20,110.56836569579286,118.90061905814724
2023-12-21,108.55582524271846,116.65929692681848
2023-12-22,108.79854368932038,117.22031837276144
2023-12-25,108.89967637540454,116.75326110988283
2023-12-26,108.9401294498382,116.78918859164271
2023-12-27,109.7997572815534,117.91675878841477
2023-12-28,109.24352750809061,117.33639177537032
2023-12-29,109.28398058252426,117.10148131770947
2024-01-04,108.69741100323624,113.43687817820032
2024-01-05,109.54692556634305,114.09462745965067
2024-01-09,110.48745954692556,117.02686270174662
2024-01-10,110.8717637540453,117.92228609330091
2024-01-11,112.25728155339804,119.89000663276586
2024-01-12,111.9336569579288,119.93698872429803
2024-01-15,111.90331715210355,119.50862259562238
2024-01-16,112.47977346278317,120.10280787088217
2024-01-17,113.24838187702267,120.98994030510724
2024-01-18,113.23826860841424,120.96230378067654
2024-01-19,114.16868932038835,122.52653106345346
2024-01-22,115.59466019417475,125.19621932345788
2024-01-23,115.81715210355988,125.48916648242316
2024-01-24,116.17111650485437,126.65542781339818
2024-01-25,116.02953074433657,128.65078487729383
2024-01-26,116.52508090614886,128.12016360822463
2024-01-29,116.86893203883496,128.23347335839046
2024-01-30,117.07119741100325,129.57937209816492
2024-01-31,117.13187702265373,128.5651116515587
2024-02-01,114.70469255663431,124.30355958434667
2024-02-02,115.86771844660196,125.91476895865577
2024-02-05,118.92192556634305,134.0564890559363
2024-02-06,118.47694174757282,133.76077824452796
2024-02-07,118.12297734627832,132.34855184611982
2024-02-08,119.3163430420712,134.94638514260447
2024-02-09,120.50970873786409,136.57417643157197
2024-02-13,120.99514563106797,137.7293831527747
2024-02-14,120.3883495145631,136.9223966393986
2024-02-15,121.3794498381877,139.4898297590095
2024-02-16,121.9457928802589,139.58103028963077
2024-02-19,121.17718446601941,137.9670572628786
2024-02-20,121.47046925566343,138.29040459871766
2024-02-21,120.5906148867314,135.63729825337165
2024-02-22,121.03559870550163,135.4383152774707
2024-02-26,123.48300970873787,141.26685827990272
2024-02-27,123.26051779935274,141.45755029847447
2024-02-28,123.34142394822007,141.93013486623923
2024-02-29,123.3009708737864,141.05405704178642
2024-03-01,123.65493527508092,139.65012160070748
2024-03-04,124.48422330097087,142.08766305549415
2024-03-05,124.61569579288026,140.98496573070972
2024-03-06,123.04813915857605,137.419854079151
2024-03-07,122.84587378640776,136.92792394428477
2024-03-08,123.1492718446602,139.21899181958878
2024-03-11,121.50080906148868,135.07904045987175
2024-03-12,121.39967637540454,133.73590537254034
2024-03-13,123.32119741100325,137.28167145699757
2024-03-14,123.22006472491908,136.36137519345567
2024-03-15,123.66504854368931,136.83672341366352
2024-03-18,123.42233009708738,135.79759009506964
2024-03-19,124.18082524271846,138.0582577934999
2024-03-21,127.28559870550163,142.4635197877515
2024-03-22,128.36771844660194,142.925049745744
2024-03-25,128.05420711974108,143.75138182622155
2024-03-26,127.57888349514563,143.29814282555827
2024-03-27,127.43729773462785,142.9858500994915
2024-03-28,128.50930420711975,142.79239442847665
2024-03-29,128.5497572815534,142.0904267079372
2024-04-01,128.56998381877023,142.10148131770947
2024-04-02,128.59021035598707,143.37552509396417
2024-04-03,127.53843042071198,141.7090426707937
2024-04-04,127.81148867313917,142.7537032942737
2024-04-05,125.61690938511327,140.19179747954897
2024-04-08,127.68001618122977,143.02730488613753
2024-04-09,127.79126213592234,143.48883484413
2024-04-10,127.85194174757282,143.48330753924387
2024-04-11,127.63956310679612,143.90061905814724
2024-04-12,128.65088996763754,147.65642272827768
2024-04-15,127.11367313915858,145.87939420738448
2024-04-16,126.36529126213591,142.8974132213133
2024-04-17,126.40574433656957,143.06046871545433
2024-04-18,125.40453074433657,140.91863807207605
2024-04-19,125.37419093851132,140.2139066990935
2024-04-22,124.32241100323624,134.98231262436434
2024-04-23,125.45509708737863,136.0739553393765
2024-04-24,126.96197411003236,139.0476453681185
2024-04-25,127.52831715210355,140.5869997789078
2024-04-26,127.14401294498381,140.03150563785098
2024-04-30,129.79368932038835,146.5233252266195
2024-05-01,128.6205501618123,143.89785540570418
2024-05-02,126.6990291262136,141.67035153659074
2024-05-07,129.1059870550162,147.73656864912667
2024-05-08,129.98584142394822,147.74762325889895
2024-05-09,130.57241100323625,148.2754808755251
2024-05-10,131.31067961165047,147.97424275923058
2024-05-13,131.77588996763754,148.21191686933452
2024-05-14,132.06917475728156,149.33672341366352
2024-05-15,132.86812297734627,151.12757019677204
2024-05-16,132.22087378640776,150.60800353747513
2024-05-17,133.37378640776697,151.6277912889675
2024-05-20,133.82888349514565,151.85717444174222
2024-05-21,134.46601941747574,153.6894760114968
2024-05-22,134.6581715210356,154.6788635861154
2024-05-23,134.7997572815534,154.2118063232368
2024-05-24,134.0109223300971,153.44903824894982
2024-05-27,134.69862459546925,155.47755914216228
2024-05-28,134.75930420711975,155.54112314835288
2024-05-29,135.19417475728156,156.90636745522883
2024-05-30,134.38511326860842,156.63552951580812
2024-05-31,132.84789644012943,152.94052619942516
2024-06-03,134.31432038834953,152.06721202741542
2024-06-04,133.85922330097085,152.51768737563566
2024-06-05,133.07038834951456,151.7604466062348
2024-06-06,135.0728155339806,155.5908688923281
2024-06-07,135.0728155339806,155.56323236789743
2024-06-10,135.97289644012943,156.3785098386027
2024-06-11,136.62014563106797,156.99204068096395
2024-06-12,136.87297734627833,158.62259562237452
2024-06-13,137.76294498381878,161.07119168693345
2024-06-14,138.4405339805825,163.89564448374972
2024-06-17,138.62257281553397,165.2857616626133
2024-06-18,139.89684466019418,168.4280344903825
2024-06-19,140.44296116504856,168.0190139288083
2024-06-20,140.61488673139158,168.22905151448154
2024-06-21,141.09021035598707,167.16504532390007
2024-06-24,141.5655339805825,167.1263541896971
2024-06-25,140.86771844660194,164.05869997789077
2024-06-26,141.6059870550162,166.73391554278135
2024-06-27,142.70833333333331,170.66106566438205
2024-06-28,143.1027508090615,172.35794826442628
2024-07-01,142.6779935275081,170.8351757682954
2024-07-02,143.48705501618122,175.21832854300243
2024-07-03,144.28600323624596,178.06489055936325
2024-07-04,144.8927993527508,180.91421622816713
2024-07-05,144.61974110032364,180.5742869776697
2024-07-08,145.07483818770226,182.56964404156534
2024-07-09,145.3782362459547,182.80731815166925
2024-07-10,146.04571197411002,183.90172451912449
2024-07-11,147.70428802588998,185.57373424718108
2024-07-12,144.05339805825244,176.15244306875968
2024-07-16,144.6703074433657,175.9810966172894
2024-07-17,145.68163430420714,175.7517134645147
2024-07-18,141.211569579288,167.12359053725402
2024-07-19,141.5655339805825,168.21799690470925
2024-07-22,140.61488673139158,166.2972584567765
2024-07-23,141.41383495145632,168.96141941189475
2024-07-24,140.4025080906149,168.31472474021666
2024-07-25,134.961569579288,156.47800132655317
2024-07-26,134.9413430420712,156.36192792394428
2024-07-29,136.11448220064725,156.99480433340702
2024-07-30,136.5088996763754,158.440194561132
2024-07-31,134.375,153.9630776033606
2024-08-01,133.98058252427185,156.31494583241212
2024-08-02,132.05906148867314,152.01470263099714
2024-08-05,126.12257281553399,143.64083572849879
2024-08-06,121.9457928802589,137.50552730488613
2024-08-07,124.94943365695792,141.2862038470042
2024-08-08,123.29085760517799,138.65520672120275
2024-08-09,127.38673139158576,144.97015255361484
2024-08-13,127.74069579288026,146.24695998231263
2024-08-14,129.69255663430422,150.5748397081583
2024-08-15,130.42071197411002,150.72131328764095
2024-08-16,134.14239482200648,156.3425823568428
2024-08-19,133.34344660194176,155.5742869776697
2024-08-20,133.29288025889966,156.67422065001105
2024-08-21,132.27144012944984,155.62956002653107
2024-08-22,132.64563106796118,156.27901835065222
2024-08-23,132.26132686084142,151.6637187707274
2024-08-26,131.29045307443366,150.96175105018793
2024-08-27,132.05906148867314,150.74618615962856
2024-08-28,131.73543689320388,149.70428918859164
2024-08-29,131.18932038834953,147.7255140393544
2024-08-30,131.44215210355986,147.91620605792616
2024-09-02,134.10194174757282,151.8046650453239
2024-09-03,134.9413430420712,152.75812513818263
2024-09-04,130.52184466019418,145.72186601812956
2024-09-05,128.87338187702267,144.45058589431795
2024-09-06,128.00364077669903,145.63342913995137
2024-09-09,125.40453074433657,139.06975458766306
2024-09-10,127.53843042071198,141.79471589652886
2024-09-11,126.8406148867314,142.5685385805881
2024-09-12,128.85315533980582,146.97932787972584
2024-09-13,128.64077669902915,147.81671456997566
2024-09-17,128.83292880258898,146.7001989829759
2024-09-18,129.65210355987057,148.01569754587663
2024-09-19,131.1185275080906,149.46385142604467
2024-09-20,132.5242718446602,153.41311076718992
2024-09-24,133.54571197411002,154.70373645810304
2024-09-25,133.50525889967636,155.04090205615742
2024-09-26,134.43567961165047,156.11596285651117
2024-09-27,135.8515372168285,156.87873093079813
2024-09-30,133.06027508090614,152.84656201636082
2024-10-01,134.92111650485435,154.8750829095733
2024-10-02,133.51537216828478,152.15564890559364
2024-10-03,136.49878640776697,156.3674552288304
2024-10-04,135.90210355987057,156.83451249170903
2024-10-07,138.7742718446602,161.59628565111652
2024-10-08,136.9336569579288,158.5369223966394
2024-10-09,138.58211974110034,162.20981649347777
2024-10-10,140.65533980582526,164.91819588768516
2024-10-11,139.6440129449838,165.29405261994253
2024-10-15,142.58697411003237,166.75326110988283
2024-10-16,141.14077669902915,164.0200088436878
2024-10-17,142.13187702265373,164.41244749060357
2024-10-18,142.58697411003237,165.3382710590316
2024-10-21,142.4757281553398,166.7283882378952
2024-10-22,143.47694174757282,169.22673004642937
2024-10-23,144.00283171521036,170.2409904930356
2024-10-24,144.01294498381878,167.9582135750608
2024-10-25,143.73988673139158,168.690581472474
2024-10-28,144.91302588996763,170.83241211585232
2024-10-29,144.8118932038835,170.2492814503648
2024-10-30,145.3984627831715,173.593300906478
2024-10-31,145.2366504854369,173.40260888790627
2024-11-01,141.0598705501618,166.3221313287641
2024-11-05,141.6059870550162,167.75646694671678
2024-11-06,143.73988673139158,171.2137961529958
2024-11-07,149.0898058252427,177.69179747954897
2024-11-08,148.74595469255664,180.01050187928368
2024-11-11,149.34263754045307,179.01005969489276
2024-11-12,150.16181229773463,179.98562900729604
2024-11-13,150.83940129449837,182.65808091974353
2024-11-14,151.66868932038835,183.7055051956666
2024-11-15,151.79004854368932,184.19467167808975
2024-11-18,147.4312297734628,176.34037143488834
2024-11-19,148.1593851132686,177.56190581472472
2024-11-20,149.1504854368932,181.30112757019677
2024-11-21,149.37297734627833,181.0330532832191
2024-11-22,149.59546925566343,180.29515808091975
2024-11-25,149.85841423948222,180.19566659296927
2024-11-26,150.30339805825244,179.12889674994472
2024-11-27,149.82807443365695,179.5987176652664
2024-11-28,148.17961165048544,175.67433119610877
2024-11-29,147.17839805825244,174.48043334070306
2024-12-02,147.5121359223301,175.25978332964846
2024-12-03,147.62338187702267,177.1584125580367
2024-12-04,147.55258899676375,178.83594959097942
2024-12-05,149.0088996763754,183.52034048198098
2024-12-06,148.43244336569578,183.39044881715677
2024-12-09,148.59425566343043,185.2531505637851
2024-12-10,149.37297734627833,185.60413442405485
2024-12-11,149.24150485436894,185.51569754587663
2024-12-12,151.00121359223303,191.65376962193235
2024-12-13,150.78883495145632,191.46031395091754
2024-12-16,151.68891585760517,195.25480875525093
2024-12-17,152.63956310679612,200.9092416537696
2024-12-18,151.50687702265373,197.88027857616626
2024-12-19,148.18972491909386,190.97943842582356
2024-12-20,150.9304207119741,195.37640946274598
2024-12-23,151.39563106796118,196.23590537254034
2024-12-24,153.21601941747574,199.72087110325006
2024-12-25,154.834142394822,202.51216007074947
2024-12-26,154.8847087378641,202.57019677205395
2024-12-27,155.57241100323625,203.31085562679635
2024-12-30,153.86326860841424,199.9557815609109
2025-01-06,152.72046925566343,197.99358832633206
2025-01-07,154.0554207119741,202.20815830201192
2025-01-08,152.22491909385113,197.6039133318594
2025-01-09,152.7710355987055,197.5956223745302
2025-01-10,152.538430420712,197.2833296484634
2025-01-14,149.8685275080906,191.01536590758346
2025-01-15,150.53600323624596,190.93521998673447
2025-01-16,151.72936893203882,194.21291178421401
2025-01-17,150.24271844660194,190.9324563342914
2025-01-20,152.54854368932038,194.6468052177758
2025-01-21,152.5687702265372,194.6661507848773
2025-01-22,153.36771844660194,196.05074065885475
2025-01-23,155.2588996763754,202.7221976564227
2025-01-24,155.91626213592232,203.6894760114968
2025-01-27,154.7532362459547,202.30764978996243
2025-01-28,152.0529935275081,194.2764757904046
2025-01-29,153.9745145631068,201.6968826000442
2025-01-30,152.3462783171521,198.4882821136414
2025-01-31,152.83171521035598,195.90150342692903
2025-02-03,153.31715210355986,198.09584346672563
2025-02-04,151.81027508090614,196.03968604908246
2025-02-05,151.6484627831715,197.36623922175548
2025-02-06,150.79894822006472,196.38514260446607
2025-02-07,150.06067961165047,196.04521335396862
2025-02-10,149.2819579288026,194.22673004642937
2025-02-12,151.6484627831715,198.5490824673889
2025-02-13,152.4777508090615,200.01381826221535
2025-02-14,152.37661812297733,200.76276807428698
2025-02-17,151.4866504854369,200.17134645147027
2025-02-18,151.25404530744336,199.8507627680743
2025-02-19,152.12378640776697,199.16261330975016
2025-02-20,151.46642394822007,197.5320583683396
2025-02-21,149.5651294498382,193.8674552288304
2025-02-25,146.6626213592233,184.9353305328322
2025-02-26,144.6905339805825,180.46097722750386
2025-02-27,145.0242718446602,183.68063232367896
2025-02-28,143.14320388349515,177.80787088215786
2025-03-03,146.288430420712,182.00862259562237
2025-03-04,142.48584142394822,175.04145478664603
2025-03-05,141.3228155339806,176.00873314172009
2025-03-06,142.31391585760517,176.66095511828433
2025-03-07,138.67313915857605,168.0383594959098
2025-03-10,138.80461165048544,167.5602476232589
2025-03-11,134.43567961165047,158.84921512270617
2025-03-12,134.69862459546925,162.92007517134647
2025-03-13,135.55825242718447,167.2341366349768
2025-03-14,133.7378640776699,162.68240106124253
2025-03-17,137.04490291262138,168.49712580145922
2025-03-18,138.58211974110034,169.76011496794163
2025-03-19,137.24716828478964,166.53769621932346
2025-03-21,137.8640776699029,167.8504311297811
2025-03-24,138.6529126213592,169.5777139066991
2025-03-25,142.18244336569578,174.44726951138625
2025-03-26,141.70711974110034,175.51403935441078
2025-03-27,140.48341423948222,170.78266637187707
2025-03-28,140.50364077669903,169.76011496794163
2025-03-31,136.27629449838187,162.3562900729604
2025-04-01,137.32807443365695,162.07992482865353
2025-04-02,137.8640776699029,164.20517355737343
2025-04-03,136.92354368932038,163.44793278797258
2025-04-04,128.72168284789643,150.7544771169578
2025-04-07,120.84344660194175,141.95500773822684
2025-04-08,122.19862459546927,145.83241211585232
2025-04-09,118.34546925566343,141.78089763431353
2025-04-10,130.95671521035598,162.79571081140836
2025-04-11,123.54368932038835,151.87928366128676
2025-04-14,125.51577669902913,154.73690028741987
2025-04-15,126.87095469255662,155.3089763431351
2025-04-16,126.04166666666667,155.59363254477117
2025-04-17,122.8661003236246,150.12160070749502
2025-04-18,122.97734627831716,148.5407915100597
2025-04-21,121.91545307443366,147.2584567764758
2025-04-22,118.81067961165049,143.46672562458545
2025-04-23,122.78519417475728,148.60711916869334
2025-04-24,125.58656957928802,154.65675436657088
2025-04-25,128.26658576051778,162.76254698209155
2025-04-28,129.70266990291262,166.16183948706612
2025-04-30,129.5509708737864,165.27747070528412
2025-05-01,130.19822006472492,165.79427371213797
2025-05-02,133.69741100323625,172.9383152774707
2025-05-07,131.06796116504856,170.0198982975901
2025-05-08,132.20064724919095,170.6002653106345
2025-05-09,134.98179611650485,174.29526862701746
2025-05-12,135.03236245954693,173.49657307097058
2025-05-13,141.31270226537217,183.55903161618394
2025-05-14,141.78802588996763,187.12967057262878
2025-05-15,140.92839805825244,187.06334291399514
2025-05-16,140.38228155339806,184.91322131328764
2025-05-19,141.23179611650485,185.31395091753262
2025-05-20,141.74757281553397,186.02144594295822
2025-05-21,140.1901294498382,183.74695998231263
2025-05-22,137.05501618122977,181.21269069201858
2025-05-23,137.52022653721681,182.88193676763208
2025-05-26,135.49757281553397,179.93035595843466
2025-05-27,135.14360841423948,179.4577713906699
2025-05-28,139.5631067961165,186.4636303338492
2025-05-29,140.69579288025892,188.6856068980765
2025-05-30,139.1484627831715,185.82246296705728
2025-06-02,138.915857605178,185.92471810745081
2025-06-03,138.73381877022655,186.93897855405703
2025-06-04,140.67556634304208,189.7468494362149
2025-06-05,139.45186084142395,188.61098828211365
2025-06-06,139.73503236245955,189.951359717002
2025-06-09,142.30380258899675,192.68184833075392
2025-06-10,142.2532362459547,192.1539907141278
2025-06-11,143.26456310679612,192.6763210258678
2025-06-12,142.06108414239483,191.74220650011057
2025-06-13,141.57564724919095,191.21711253592747
2025-06-16,141.31270226537217,190.61739995578156
2025-06-17,143.30501618122977,194.07472916206058
2025-06-18,142.39482200647248,194.0194561131992
2025-06-19,141.91949838187702,192.7205394649569
2025-06-20,142.34425566343043,193.28985186822905
2025-06-23,143.15331715210357,192.98861375193454
2025-06-24,143.76011326860842,194.0194561131992
2025-06-25,144.71076051779934,195.85728498783993
2025-06-26,144.4478155339806,197.3551846119832
2025-06-27,145.3883495145631,200.0331638293168
2025-06-30,146.3794498381877,202.14735794826444
2025-07-01,146.00525889967636,201.82401061242538
2025-07-02,145.86367313915858,198.25337165598054
2025-07-03,146.49069579288025,199.57716117621047
2025-07-04,148.75606796116506,204.2007517134645
2025-07-07,148.5234627831715,203.88016803006855
2025-07-08,149.0796925566343,204.6456997567986
2025-07-09,149.7876213592233,204.8198098607119
2025-07-10,149.66626213592232,205.80643378288747
2025-07-11,150.88996763754045,204.28918859164273
2025-07-14,150.75849514563106,204.01835065222195
2025-07-15,151.66868932038835,205.60468715454343
2025-07-16,152.45752427184468,208.56732257351314
2025-07-17,152.39684466019418,207.5088436878178
2025-07-18,153.39805825242718,208.96805217775812
2025-07-22,152.35639158576052,208.7055051956666
2025-07-23,151.4259708737864,204.64846340924163
2025-07-24,152.63956310679612,205.05748397081584
2025-07-25,153.70145631067962,208.7745965067433
2025-07-28,154.68244336569578,209.14216228167146
2025-07-29,155.52184466019418,211.56035816935662
2025-07-30,154.7532362459547,210.41896971036925
2025-07-31,155.7544498381877,212.49447269511387
2025-08-01,156.64441747572815,214.91819588768516
2025-08-04,150.9203074433657,204.89719212911783
2025-08-05,152.46763754045307,207.92062790183508
2025-08-06,152.39684466019418,206.40061905814724
2025-08-07,153.5497572815534,210.4383152774707
2025-08-08,153.01375404530745,208.76630554941408
2025-08-12,155.08697411003237,212.19323457881939
2025-08-13,156.19943365695792,214.108445721866
2025-08-14,155.48139158576052,211.49126685827991
2025-08-15,156.56351132686083,213.78233473358392
2025-08-18,155.97694174757282,213.49491487950476
2025-08-19,156.39158576051778,214.0586999778908
2025-08-20,155.3094660194175,209.84965730709706
2025-08-21,154.68244336569578,207.9095732920628
2025-08-22,155.15776699029126,208.06986513376077
2025-08-25,156.3814724919094,209.9159849657307
2025-08-26,155.41059870550163,209.74740216670352
2025-08-27,156.4724919093851,210.70915321689142
2025-08-28,156.70509708737862,211.48573955339378
2025-08-29,156.6747572815534,214.03382710590316
2025-09-01,156.06796116504856,210.89984523546318
2025-09-02,156.12864077669903,210.97999115631217
2025-09-03,156.6039644012945,211.28675657749284
2025-09-04,156.5938511326861,214.0144815388017
2025-09-05,158.15129449838187,216.49347778023434
2025-09-08,157.90857605177993,218.2787972584568
2025-09-09,157.06917475728156,218.8011275701968
2025-09-10,157.65574433656957,219.52796816272385
2025-09-11,158.17152103559872,220.83793942073845
2025-09-12,159.23341423948222,219.97844351094406
2025-09-16,160.19417475728156,224.38923281008178
2025-09-17,158.93001618122977,222.3358390448817
2025-09-18,159.2435275080906,221.72230820252045
2025-09-19,161.17516181229774,226.19113420296264
2025-09-22,162.2168284789644,228.53747512712803
2025-09-24,161.5594660194175,224.36988724298033
2025-09-25,162.10558252427185,224.61585231041346
2025-09-26,162.40898058252426,225.23214680521778
2025-09-29,162.73260517799352,225.32058368339597
2025-09-30,162.80339805825244,225.2984744638514
2025-10-01,162.69215210355986,224.0189033827106
2025-10-02,162.17637540453075,222.54034932566879
2025-10-03,162.52022653721681,223.5159186380721
2025-10-06,165.16990291262138,225.85949590979436
2025-10-07,166.5453074433657,228.05936325447712
2025-10-08,167.94093851132686,229.9110103913332
2025-10-09,169.3972491909385,234.26099933672342
2025-10-10,169.3163430420712,235.49635197877515
2025-10-14,166.64644012944984,232.61938978554056
2025-10-15,165.50364077669903,227.6005969489277
2025-10-16,165.15978964401293,227.04233915542778
2025-10-17,163.51132686084142,225.25978332964846
2025-10-20,165.2811488673139,227.7000884368782
2025-10-21,166.5554207119741,231.1297811187265
2025-10-22,167.8296925566343,233.0145920848994
2025-10-23,167.54652103559872,230.32832191023655
2025-10-24,169.00283171521036,233.22462967057263
2025-10-27,170.69174757281553,236.09882821136412
2025-10-28,172.2997572815534,239.6141941189476
2025-10-29,171.5918284789644,241.479659518019
2025-10-30,172.9470064724919,245.11938978554056
2025-10-31,172.68406148867314,242.78410347114746
2025-11-04,173.76618122977345,245.04753482202076
2025-11-05,170.7423139158576,238.71877072739332
2025-11-06,171.98624595469255,240.1641609551183
2025-11-07,169.1747572815534,235.4383152774707
2025-11-10,170.165857605178,236.19555604687156
2025-11-11,173.290857605178,242.56577492814503
2025-11-12,173.56391585760517,242.04344461640503
2025-11-13,174.51456310679612,241.8969710369224
2025-11-14,171.3086569579288,236.41664824231702
2025-11-17,171.21763754045307,236.3420296263542
2025-11-18,170.35800970873788,235.68980764978997
2025-11-19,169.1848705501618,232.6912447490604
2025-11-20,171.73341423948222,236.90581472474022
2025-11-21,169.29611650485435,232.09429582135752
2025-11-25,172.92677993527508,239.63630333849216
2025-11-26,173.95833333333331,240.4847446385143
2025-11-27,174.6359223300971,240.1365244306876
2025-11-28,175.44498381877023,241.23922175547202
2025-12-01,175.53600323624596,242.16780897634314
2025-12-02,174.4336569579288,240.95180190139288
2025-12-03,175.02022653721681,242.60999336723415
2025-12-04,174.92920711974108,240.20285208932125
2025-12-05,174.92920711974108,239.83804996683617
2025-12-08,175.4247572815534,240.915874419633
2025-12-09,175.7180420711974,241.90526199425162
2025-12-10,176.51699029126212,243.7652000884369
2025-12-11,176.56755663430422,241.7726066769843
2025-12-12,176.76982200647248,240.52343577271725
2025-12-15,175.23260517799352,235.3332964846341
2025-12-16,173.96844660194176,228.2445279681627
2025-12-17,173.06836569579286,228.7502763652443
2025-12-18,172.0873786407767,225.67433119610877
2025-12-19,173.7257281553398,228.5098386026973
2025-12-22,177.24514563106797,233.85197877514923
2025-12-23,177.4069579288026,232.8819367676321
2025-12-24,177.61933656957927,234.28034490382487
2025-12-25,177.8418284789644,234.0343798363918
2025-12-26,178.51941747572815,234.9159849657307
2025-12-29,178.42839805825244,234.70318372761443
2025-12-30,177.9126213592233,233.22186601812956
2026-01-05,177.5687702265372,228.69776696882602
2026-01-06,178.03398058252426,229.2532611098828
2026-01-07,179.09587378640776,230.26752155648907
2026-01-08,178.6913430420712,232.3236789741322
2026-01-09,179.0453074433657,230.35872208711035
2026-01-13,181.8163430420712,233.9873977448596
2026-01-14,182.58495145631068,235.1840592527084
2026-01-15,180.84546925566343,230.13762989166483
2026-01-16,181.52305825242718,230.4222860933009
2026-01-19,180.02629449838187,228.0869997789078
2026-01-20,180.76456310679612,229.00729604244972
2026-01-21,177.10355987055016,222.63154985629006
2026-01-22,179.1868932038835,222.78631439310192
2026-01-23,180.56229773462783,225.34822020782664
2026-01-26,176.33495145631068,222.32478443510945
2026-01-27,176.6282362459547,223.71213796152998
2026-01-28,175.2123786407767,223.391554278134
2026-01-29,175.9809870550162,222.89686049082468
2026-01-30,176.33495145631068,221.7278355074066
2026-02-02,177.44741100323625,222.11751050187928
2026-02-03,178.7621359223301,222.67300464293612
2026-02-04,177.79126213592232,219.8402608887906
2026-02-05,177.7811488673139,215.55107229714793
2026-02-06,175.5663430420712,210.33053283219104
2026-02-09,179.1970064724919,214.12502763652444
2026-02-10,179.14644012944984,216.5349325668804
2026-02-12,175.30339805825244,209.44892770285207
2026-02-13,172.14805825242718,203.41311076718992
2026-02-16,172.41100323624596,202.84103471147466
2026-02-17,172.69417475728156,203.16990935219988
2026-02-18,172.77508090614887,203.70882157859828
2026-02-19,175.50566343042073,207.58622595622373
2026-02-20,175.4348705501618,207.7934998894539
2026-02-24,174.49433656957927,203.67289409683838
2026-02-25,176.95186084142395,206.10214459429582
2026-02-26,178.7621359223301,211.32821136413887
2026-02-27,177.41707119741102,209.606455892107
2026-03-02,177.4878640776699,210.9882821136414
2026-03-03,178.65088996763754,214.71368560689808
2026-03-04,177.1844660194175,215.05914216228166
2026-03-05,177.32605177993528,217.16228167145698
2026-03-06,177.28559870550163,220.24651779792174
2026-03-09,176.3652912621359,220.13597170019898
2026-03-10,176.73948220064725,221.41277912889677
2026-03-11,176.94174757281553,221.5399071412779
2026-03-12,177.7609223300971,222.6204952465178
2026-03-13,175.24271844660194,220.29073623701083
2026-03-16,174.39320388349515,217.1512270616847
2026-03-17,176.11245954692555,218.5966172894097
2026-03-18,176.35517799352752,219.1631660402388
2026-03-19,174.70671521035598,217.6569754587663
2026-03-23,171.20752427184468,211.04631881494583
2026-03-24,172.04692556634305,213.10523988503206
2026-03-25,171.60194174757282,209.10899845235465
2026-03-26,173.47289644012943,210.96340924165378
2026-03-27,170.54004854368932,204.36933451249172
2026-03-30,168.1027508090615,200.31229272606677
2026-03-31,167.334142394822,197.22529294715895
2026-04-01,171.12661812297733,205.15421180632325
2026-04-02,172.19862459546925,207.98419190802565
2026-04-03,173.46278317152104,210.33882378952023
2026-04-06,173.53357605177993,210.42449701525533
2026-04-07,174.413430420712,211.8643599380942
2026-04-08,173.2200647249191,211.99148795047535
2026-04-09,177.87216828478964,217.65144815388018
2026-04-10,179.4093851132686,220.52841034711474
2026-04-13,179.87459546925567,223.19257130223303
2026-04-14,180.9668284789644,225.11330975016583
2026-04-15,182.7366504854369,231.79858500994914
2026-04-16,184.10194174757282,236.051846119832
2026-04-17,185.27508090614887,237.6243643599381
2026-04-20,187.02467637540454,237.59396418306434
2026-04-21,186.5898058252427,235.03758567322572
2026-04-22,185.62904530744336,234.2527083793942
2026-04-23,187.76294498381878,241.45755029847447
2026-04-24,187.55056634304208,238.14669467167812
2026-04-27,188.7135922330097,241.93842582356842
2026-04-28,188.915857605178,243.6187265089542
2026-04-30,188.9259708737864,242.31704620826883
2026-05-01,186.99433656957927,237.34799911563124
2026-05-07,190.13956310679612,246.30499668361705
2026-05-08,190.22046925566343,246.5564890559363
2026-05-11,191.79813915857605,252.95710811408355
2026-05-12,192.6779935275081,253.88845898739777
2026-05-13,192.8398058252427,252.71943400397964
2026-05-14,194.07362459546925,256.35363696661506
2026-05-15,196.38956310679612,259.1089984523546
2026-05-18,194.5287216828479,255.2896307760336
2026-05-19,194.45792880258898,253.3080919743533
2026-05-20,193.163430420712,251.42051735573733
2026-05-21,195.15574433656957,254.87784656201637
2026-05-22,195.8029935275081,256.79582135750604
2026-05-25,196.19741100323625,254.89719212911783
2026-05-26,196.32888349514565,255.0685385805881
2026-05-27,197.92677993527508,262.8012381162945
2026-05-28,198.38187702265373,265.4460535043113
2026-05-29,199.18082524271844,267.8531947822242
2026-06-01,199.70671521035598,273.1151890338271
2026-06-02,200.62702265372167,277.3960866681406
2026-06-03,201.18325242718447,276.7411010391333
2026-06-04,199.69660194174756,273.311408357285
2026-06-05,200.59668284789643,267.3363917753703
2026-06-08,195.7322006472492,253.71158523104134
2026-06-09,196.24797734627833,257.5530621269069
2026-06-10,195.90412621359224,254.34446164050408
2026-06-11,192.93082524271844,248.14006190581472
2026-06-12,195.78276699029126,254.1316604023878
2026-06-15,196.77386731391587,251.98430245412337
2026-06-16,200.19215210355986,263.4976785319478
2026-06-17,199.2819579288026,258.36281229272606
2026-06-18,197.2997572815534,256.1380720760557
2026-06-19,199.87864077669903,264.3599380941853
2026-06-22,200.40453074433654,265.0480875525094
2026-06-23,199.7168284789644,258.1389564448375
2026-06-24,196.88511326860842,251.79913774043777
2026-06-25,196.89522653721681,250.04145478664603
2026-06-26,196.97613268608413,248.06820694229495
2026-06-29,196.69296116504856,249.24275923059915
2026-06-30,199.79773462783172,253.94649568870219
2026-07-01,201.82038834951456,256.16570860048637
2026-07-02,201.28438511326863,259.0150342692903
2026-07-03,199.58535598705504,256.6438204731373
2026-07-06,199.96966019417474,257.1274596506743
2026-07-07,202.1338996763754,260.852863143931
2026-07-08,201.51699029126212,261.35308423612645
2026-07-09,201.16302588996763,262.0301790846783
2026-07-10,202.30582524271844,264.19411894760117
2026-07-13,203.15533980582524,265.0480875525094
2026-07-14,201.81027508090614,263.0416758788415
2026-07-15,202.35639158576052,266.00707495025426
2026-07-16,203.2059061488673,269.01392880831304
2026-07-17,202.52831715210357,264.99005085120496
2026-07-21,200.16181229773463,261.3199204068097
2026-07-22,202.74069579288025,265.08954233915546
2026-07-23,202.36650485436894,262.1711253592748
2026-07-24,201.001213592233,258.57284987839927
2026-07-27,200.72815533980582,256.16018129560024
2026-07-28,200.9304207119741,257.6470263099713
2026-07-29,201.18325242718447,255.4222860933009
2026-07-30,197.91666666666669,250.82633208047756
2026-07-31,197.77508090614887,253.71711253592747
2026-08-03,193.06229773462783,250.08843687817821
2026-08-04,197.97734627831716,259.88558478885693
2026-08-05,201.6990291262136,271.53990714127787
2026-08-06,201.65857605177996,270.498010170241
2026-08-07,202.38673139158573,271.75547203183726
2026-08-10,202.80137540453075,275.0497457439752
2026-08-12,203.8430420711974,275.37032942737125
2026-08-13,204.3992718446602,273.83373866902497
2026-08-14,205.7645631067961,279.2283882378952
2026-08-17,205.0364077669903,275.9976785319478
2026-08-18,204.49029126213594,274.33395976122046
2026-08-19,203.00364077669903,270.52841034711474
2026-08-20,202.22491909385113,270.5173557373425
2026-08-21,201.32483818770228,270.7550298474464
2026-08-24,201.79004854368935,271.28288746407253
2026-08-25,201.75970873786406,269.9204068096396
2026-08-26,202.28559870550163,271.42383373866903
2026-08-27,202.31593851132686,272.27227503869113
2026-08-28,204.0453074433657,276.9345567101481
2026-08-31,204.3385922330097,279.98286535485295
2026-09-01,203.38794498381878,278.374419632987
2026-09-02,202.57888349514565,276.5227724961309
2026-09-03,201.5068770226537,274.14879504753486
2026-09-04,199.76739482200648,274.0078487729383
2026-09-07,199.38309061488673,271.7167808976343
2026-09-08,196.56148867313917,267.86424939199645
2026-09-09,195.41868932038835,265.34103471147466
2026-09-10,194.4680420711974,265.6063453460093
2026-09-11,194.49838187702267,265.1171788635861
