date,rakuten-orcan_start_100,rakuten-sp_start_100
2023-10-27,100.0,100.0
2023-10-30,99.18379685610641,99.17071197411003
2023-10-31,100.0,100.13147249190939
2023-11-01,101.72309552599759,102.0529935275081
2023-11-02,102.21684804514308,102.52831715210355
2023-11-06,104.67553405884725,104.81391585760518
2023-11-07,105.02821442966545,105.33980582524272
2023-11-08,105.39097138250706,106.0275080906149
2023-11-09,105.73357517130188,106.38147249190939
2023-11-10,105.40104796453042,105.78478964401295
2023-11-13,106.590084643289,107.65574433656957
2023-11-14,106.78153970173317,107.59506472491908
2023-11-15,108.29302700523982,108.8794498381877
2023-11-16,109.04877065699314,109.57726537216827
2023-11-17,108.56509471987101,109.3042071197411
2023-11-20,108.36356307940346,108.84911003236246
2023-11-21,107.92019347037484,108.40412621359224
2023-11-22,107.76904474002419,108.29288025889967
2023-11-24,109.00846432889963,109.64805825242718
2023-11-27,109.04877065699314,109.63794498381878
2023-11-28,107.92019347037484,108.44457928802589
2023-11-29,107.23498589278518,107.62540453074433
2023-11-30,107.3055219669488,107.64563106796116
2023-12-01,108.17210802095929,108.66707119741102
2023-12-04,107.75896815800081,108.22208737864078
2023-12-05,107.66827891979041,108.20186084142395
2023-12-06,107.7186618299073,108.23220064724919
2023-12-07,107.36598145908907,107.7467637540453
2023-12-08,105.15920999596938,105.71399676375404
2023-12-11,107.0838371624345,107.7467637540453
2023-12-12,107.78919790407093,108.53559870550163
2023-12-13,107.95042321644499,108.84911003236246
2023-12-14,106.96291817815397,107.95914239482201
2023-12-15,107.6783555018138,108.29288025889967
2023-12-18,107.19467956469167,107.96925566343043
2023-12-19,107.91011688835148,108.88956310679612
2023-12-20,109.63321241434905,110.56836569579286
2023-12-21,107.83958081418783,108.55582524271846
2023-12-22,108.07134220072552,108.79854368932038
2023-12-25,108.08141878274888,108.89967637540454
2023-12-26,108.16203143893593,108.9401294498382
2023-12-27,109.03869407496978,109.7997572815534
2023-12-28,108.74647319629183,109.24352750809061
2023-12-29,108.73639661426844,109.28398058252426
2024-01-04,108.04111245465538,108.69741100323624
2024-01-05,109.10923014913341,109.54692556634305
2024-01-09,109.62313583232569,110.48745954692556
2024-01-10,109.84482063683998,110.8717637540453
2024-01-11,111.04393389762193,112.25728155339804
2024-01-12,110.75171301894397,111.9336569579288
2024-01-15,110.89278516727126,111.90331715210355
2024-01-16,111.2353889560661,112.47977346278317
2024-01-17,111.55783958081417,113.24838187702267
2024-01-18,111.3260781942765,113.23826860841424
2024-01-19,112.14228133817011,114.16868932038835
2024-01-22,113.32124143490528,115.59466019417475
2024-01-23,113.47239016525594,115.81715210355988
2024-01-24,113.70415155179363,116.17111650485437
2024-01-25,113.86537686416767,116.02953074433657
2024-01-26,114.0769850866586,116.52508090614886
2024-01-29,114.74203950020154,116.86893203883496
2024-01-30,114.78234582829505,117.07119741100325
2024-01-31,114.85288190245868,117.13187702265373
2024-02-01,112.96856106408706,114.70469255663431
2024-02-02,113.75453446191052,115.86771844660196
2024-02-05,116.02176541717049,118.92192556634305
2024-02-06,115.57839580814189,118.47694174757282
2024-02-07,115.64893188230552,118.12297734627832
2024-02-08,116.50544135429261,119.3163430420712
2024-02-09,117.50302297460702,120.50970873786409
2024-02-13,118.1882305521967,120.99514563106797
2024-02-14,117.39218057234986,120.3883495145631
2024-02-15,118.38976219266424,121.3794498381877
2024-02-16,119.07496977025393,121.9457928802589
2024-02-19,118.80290205562274,121.17718446601941
2024-02-20,119.02458686013703,121.47046925566343
2024-02-21,118.47037484885128,120.5906148867314
2024-02-22,118.94397420395002,121.03559870550163
2024-02-26,120.85852478839179,123.48300970873787
2024-02-27,120.73760580411124,123.26051779935274
2024-02-28,120.81821846029828,123.34142394822007
2024-02-29,120.53607416364369,123.3009708737864
2024-03-01,120.76783555018137,123.65493527508092
2024-03-04,121.61426844014511,124.48422330097087
2024-03-05,121.77549375251915,124.61569579288026
2024-03-06,120.53607416364369,123.04813915857605
2024-03-07,120.53607416364369,122.84587378640776
2024-03-08,120.91898428053204,123.1492718446602
2024-03-11,119.43772672309552,121.50080906148868
2024-03-12,119.23619508262797,121.39967637540454
2024-03-13,120.8988311164853,123.32119741100325
2024-03-14,120.96936719064892,123.22006472491908
2024-03-15,121.19105199516325,123.66504854368931
2024-03-18,121.2515114873035,123.42233009708738
2024-03-19,121.73518742442565,124.18082524271846
2024-03-21,124.46594115276098,127.28559870550163
2024-03-22,125.50382910116889,128.36771844660194
2024-03-25,124.9093107617896,128.05420711974108
2024-03-26,124.71785570334542,127.57888349514563
2024-03-27,124.71785570334542,127.43729773462785
2024-03-28,125.36275695284161,128.50930420711975
2024-03-29,125.45344619105198,128.5497572815534
2024-04-01,125.37283353486497,128.56998381877023
2024-04-02,125.34260378879485,128.59021035598707
2024-04-03,124.54655380894802,127.53843042071198
2024-04-04,125.06045949214027,127.81148867313917
2024-04-05,123.38774687625957,125.61690938511327
2024-04-08,124.78839177750906,127.68001618122977
2024-04-09,125.24183796856106,127.79126213592234
2024-04-10,125.21160822249094,127.85194174757282
2024-04-11,124.92946392583634,127.63956310679612
2024-04-12,125.5844417573559,128.65088996763754
2024-04-15,124.17372027408302,127.11367313915858
2024-04-16,123.61950826279727,126.36529126213591
2024-04-17,123.12575574365174,126.40574433656957
2024-04-18,122.53123740427247,125.40453074433657
2024-04-19,122.53123740427247,125.37419093851132
2024-04-22,121.90648931882306,124.32241100323624
2024-04-23,122.98468359532447,125.45509708737863
2024-04-24,124.57678355501814,126.96197411003236
2024-04-25,124.9093107617896,127.52831715210355
2024-04-26,124.76823861346232,127.14401294498381
2024-04-30,127.40830310358726,129.79368932038835
2024-05-01,126.39056831922613,128.6205501618123
2024-05-02,124.82869810560257,126.6990291262136
2024-05-07,126.83393792825473,129.1059870550162
2024-05-08,127.55945183393793,129.98584142394822
2024-05-09,128.1640467553406,130.57241100323625
2024-05-10,128.84925433293026,131.31067961165047
2024-05-13,129.36316001612255,131.77588996763754
2024-05-14,129.81660620717452,132.06917475728156
2024-05-15,130.54212011285773,132.86812297734627
2024-05-16,129.9677549375252,132.22087378640776
2024-05-17,131.0862555421201,133.37378640776697
2024-05-20,131.62031438935912,133.82888349514565
2024-05-21,132.15437323659816,134.46601941747574
2024-05-22,132.01330108827085,134.6581715210356
2024-05-23,132.06368399838775,134.7997572815534
2024-05-24,131.4087061668682,134.0109223300971
2024-05-27,131.9125352680371,134.69862459546925
2024-05-28,132.1342200725514,134.75930420711975
2024-05-29,132.23498589278518,135.19417475728156
2024-05-30,131.0963321241435,134.38511326860842
2024-05-31,130.1894397420395,132.84789644012943
2024-06-03,131.28778718258766,134.31432038834953
2024-06-04,131.07617896009674,133.85922330097085
2024-06-05,129.76622329705765,133.07038834951456
2024-06-06,131.64046755340587,135.0728155339806
2024-06-07,131.88230552196697,135.0728155339806
2024-06-10,132.3559048770657,135.97289644012943
2024-06-11,132.81942765014108,136.62014563106797
2024-06-12,132.56751309955663,136.87297734627833
2024-06-13,133.484482063684,137.76294498381878
2024-06-14,133.57517130189441,138.4405339805825
2024-06-17,133.33333333333331,138.62257281553397
2024-06-18,134.391374445788,139.89684466019418
2024-06-19,135.12696493349458,140.44296116504856
2024-06-20,135.27811366384523,140.61488673139158
2024-06-21,135.8726320032245,141.09021035598707
2024-06-24,136.1850060459492,141.5655339805825
2024-06-25,136.0540104796453,140.86771844660194
2024-06-26,136.51753325272068,141.6059870550162
2024-06-27,137.20274083031038,142.70833333333331
2024-06-28,137.57557436517533,143.1027508090615
2024-07-01,137.46473196291817,142.6779935275081
2024-07-02,138.24062877871825,143.48705501618122
2024-07-03,138.78476420798066,144.28600323624596
2024-07-04,139.73196291817814,144.8927993527508
2024-07-05,139.6614268440145,144.61974110032364
2024-07-08,139.78234582829506,145.07483818770226
2024-07-09,140.0644901249496,145.3782362459547
2024-07-10,140.528012898025,146.04571197411002
2024-07-11,142.0092704554615,147.70428802588998
2024-07-12,139.28859330914952,144.05339805825244
2024-07-16,139.5707376058041,144.6703074433657
2024-07-17,140.32648125755745,145.68163430420714
2024-07-18,136.36638452237003,141.211569579288
2024-07-19,136.66868198307134,141.5655339805825
2024-07-22,135.71140669085048,140.61488673139158
2024-07-23,136.30592503022973,141.41383495145632
2024-07-24,135.1571946795647,140.4025080906149
2024-07-25,130.48166062071743,134.961569579288
2024-07-26,130.44135429262394,134.9413430420712
2024-07-29,131.63039097138252,136.11448220064725
2024-07-30,131.7613865376864,136.5088996763754
2024-07-31,130.11890366787586,134.375
2024-08-01,129.47400241837968,133.98058252427185
2024-08-02,127.15638855300281,132.05906148867314
2024-08-05,121.01975010076582,126.12257281553399
2024-08-06,118.08746473196292,121.9457928802589
2024-08-07,120.63683998387746,124.94943365695792
2024-08-08,119.68964127367995,123.29085760517799
2024-08-09,123.05521966948811,127.38673139158576
2024-08-13,123.65981459089078,127.74069579288026
2024-08-14,125.31237404272471,129.69255663430422
2024-08-15,125.96735187424426,130.42071197411002
2024-08-16,129.35308343409915,134.14239482200648
2024-08-19,128.80894800483676,133.34344660194176
2024-08-20,128.85933091495366,133.29288025889966
2024-08-21,127.86174929463925,132.27144012944984
2024-08-22,128.26481257557435,132.64563106796118
2024-08-23,128.1136638452237,132.26132686084142
2024-08-26,127.28738411930674,131.29045307443366
2024-08-27,127.99274486094316,132.05906148867314
2024-08-28,127.76098347440548,131.73543689320388
2024-08-29,127.32769044740024,131.18932038834953
2024-08-30,127.72067714631197,131.44215210355986
2024-09-02,129.81660620717452,134.10194174757282
2024-09-03,130.61265618702137,134.9413430420712
2024-09-04,126.55179363160016,130.52184466019418
2024-09-05,124.87908101571948,128.87338187702267
2024-09-06,124.11326078194276,128.00364077669903
2024-09-09,121.77549375251915,125.40453074433657
2024-09-10,123.48851269649334,127.53843042071198
2024-09-11,122.4304715840387,126.8406148867314
2024-09-12,124.1434905280129,128.85315533980582
2024-09-13,124.09310761789601,128.64077669902915
2024-09-17,124.30471584038693,128.83292880258898
2024-09-18,125.16122531237403,129.65210355987057
2024-09-19,126.51148730350666,131.1185275080906
2024-09-20,128.0128980249899,132.5242718446602
2024-09-24,128.78879484079,133.54571197411002
2024-09-25,129.39338976219267,133.50525889967636
2024-09-26,130.16928657799275,134.43567961165047
2024-09-27,132.29544538492544,135.8515372168285
2024-09-30,129.59492140266022,133.06027508090614
2024-10-01,130.85449415558244,134.92111650485435
2024-10-02,129.695687222894,133.51537216828478
2024-10-03,132.72873841193066,136.49878640776697
2024-10-04,131.90245868601372,135.90210355987057
2024-10-07,134.37122128174124,138.7742718446602
2024-10-08,133.1217251108424,136.9336569579288
2024-10-09,133.73639661426844,138.58211974110034
2024-10-10,135.3284965739621,140.65533980582526
2024-10-11,134.56267634018542,139.6440129449838
2024-10-15,136.97097944377268,142.58697411003237
2024-10-16,135.39903264812577,141.14077669902915
2024-10-17,136.08424022571543,142.13187702265373
2024-10-18,136.58806932688432,142.58697411003237
2024-10-21,136.62837565497782,142.4757281553398
2024-10-22,137.19266424828697,143.47694174757282
2024-10-23,137.47480854494157,144.00283171521036
2024-10-24,137.6864167674325,144.01294498381878
2024-10-25,137.33373639661426,143.73988673139158
2024-10-28,138.42200725513908,144.91302588996763
2024-10-29,138.48246674727932,144.8118932038835
2024-10-30,138.86537686416767,145.3984627831715
2024-10-31,138.4522370012092,145.2366504854369
2024-11-01,135.01612253123741,141.0598705501618
2024-11-05,135.80209592906087,141.6059870550162
2024-11-06,137.5957275292221,143.73988673139158
2024-11-07,141.062071745264,149.0898058252427
2024-11-08,141.062071745264,148.74595469255664
2024-11-11,140.91092301491335,149.34263754045307
2024-11-12,141.68681983071343,150.16181229773463
2024-11-13,141.58605401047964,150.83940129449837
2024-11-14,142.049576783555,151.66868932038835
2024-11-15,142.43248690044337,151.79004854368932
2024-11-18,138.87545344619105,147.4312297734628
2024-11-19,139.68158000806125,148.1593851132686
2024-11-20,140.45747682386133,149.1504854368932
2024-11-21,140.49778315195485,149.37297734627833
2024-11-22,140.5179363160016,149.59546925566343
2024-11-25,140.99153567110037,149.85841423948222
2024-11-26,141.08222490931078,150.30339805825244
2024-11-27,140.2559451833938,149.82807443365695
2024-11-28,139.1273679967755,148.17961165048544
2024-11-29,138.2305521966949,147.17839805825244
2024-12-02,138.4522370012092,147.5121359223301
2024-12-03,138.69407496977027,147.62338187702267
2024-12-04,138.84522370012093,147.55258899676375
2024-12-05,140.10479645304312,149.0088996763754
2024-12-06,139.82265215638856,148.43244336569578
2024-12-09,139.88311164852882,148.59425566343043
2024-12-10,140.95122934300684,149.37297734627833
2024-12-11,140.66908504635228,149.24150485436894
2024-12-12,142.02942361950826,151.00121359223303
2024-12-13,141.85812172511086,150.78883495145632
2024-12-16,142.503022974607,151.68891585760517
2024-12-17,143.10761789600969,152.63956310679612
2024-12-18,141.97904070939137,151.50687702265373
2024-12-19,139.621120515921,148.18972491909386
2024-12-20,141.60620717452642,150.9304207119741
2024-12-23,141.57597742845627,151.39563106796118
2024-12-24,142.99677549375252,153.21601941747574
2024-12-25,144.1354292623942,154.834142394822
2024-12-26,144.26642482869812,154.8847087378641
2024-12-27,144.9415558242644,155.57241100323625
2024-12-30,143.94397420395,153.86326860841424
2025-01-06,142.84562676340184,152.72046925566343
2025-01-07,144.37726723095525,154.0554207119741
2025-01-08,143.04715840386942,152.22491909385113
2025-01-09,143.2285368802902,152.7710355987055
2025-01-10,142.97662232970575,152.538430420712
2025-01-14,140.23579201934703,149.8685275080906
2025-01-15,141.1124546553809,150.53600323624596
2025-01-16,141.82789197904071,151.72936893203882
2025-01-17,140.90084643288995,150.24271844660194
2025-01-20,142.83555018137847,152.54854368932038
2025-01-21,143.2285368802902,152.5687702265372
2025-01-22,143.94397420395,153.36771844660194
2025-01-23,145.42523176138653,155.2588996763754
2025-01-24,145.90890769850867,155.91626213592232
2025-01-27,145.23377670294235,154.7532362459547
2025-01-28,143.15800080612658,152.0529935275081
2025-01-29,144.6795646916566,153.9745145631068
2025-01-30,143.57114066908505,152.3462783171521
2025-01-31,144.0447400241838,152.83171521035598
2025-02-03,144.0850463522773,153.31715210355986
2025-02-04,142.92623941958888,151.81027508090614
2025-02-05,142.97662232970575,151.6484627831715
2025-02-06,142.26118500604593,150.79894822006472
2025-02-07,141.68681983071343,150.06067961165047
2025-02-10,141.19306731156792,149.2819579288026
2025-02-12,143.28899637243046,151.6484627831715
2025-02-13,144.43772672309552,152.4777508090615
2025-02-14,144.397420395002,152.37661812297733
2025-02-17,143.7726723095526,151.4866504854369
2025-02-18,143.71221281741234,151.25404530744336
2025-02-19,144.47803305118904,152.12378640776697
2025-02-20,143.37968561064088,151.46642394822007
2025-02-21,141.8782748891576,149.5651294498382
2025-02-25,139.88311164852882,146.6626213592233
2025-02-26,138.26078194276502,144.6905339805825
2025-02-27,138.89560661023782,145.0242718446602
2025-02-28,137.15235792019348,143.14320388349515
2025-03-03,139.23821039903265,146.288430420712
2025-03-04,136.74929463925835,142.48584142394822
2025-03-05,135.9633212414349,141.3228155339806
2025-03-06,137.44457879887142,142.31391585760517
2025-03-07,134.71382507053607,138.67313915857605
2025-03-10,134.53244659411527,138.80461165048544
2025-03-11,130.80411124546555,134.43567961165047
2025-03-12,131.1870213623539,134.69862459546925
2025-03-13,132.05360741636437,135.55825242718447
2025-03-14,130.66303909713827,133.7378640776699
2025-03-17,133.50463522773074,137.04490291262138
2025-03-18,135.27811366384523,138.58211974110034
2025-03-19,134.7541313986296,137.24716828478964
2025-03-21,134.79443772672312,137.8640776699029
2025-03-24,135.1975010076582,138.6529126213592
2025-03-25,137.84764207980652,142.18244336569578
2025-03-26,137.44457879887142,141.70711974110034
2025-03-27,136.52760983474406,140.48341423948222
2025-03-28,136.5477629987908,140.50364077669903
2025-03-31,132.93027005239824,136.27629449838187
2025-04-01,133.04111245465538,137.32807443365695
2025-04-02,133.73639661426844,137.8640776699029
2025-04-03,132.60781942765016,136.92354368932038
2025-04-04,126.22934300685206,128.72168284789643
2025-04-07,118.87343812978636,120.84344660194175
2025-04-08,118.62152357920192,122.19862459546927
2025-04-09,115.8806932688432,118.34546925566343
2025-04-10,124.44578798871422,130.95671521035598
2025-04-11,120.17331721080208,123.54368932038835
2025-04-14,121.78557033454251,125.51577669902913
2025-04-15,123.5086658605401,126.87095469255662
2025-04-16,123.16606207174527,126.04166666666667
2025-04-17,121.1608222490931,122.8661003236246
2025-04-18,121.40266021765417,122.97734627831716
2025-04-21,120.49576783555018,121.91545307443366
2025-04-22,118.49052801289804,118.81067961165049
2025-04-23,121.50342603788795,122.78519417475728
2025-04-24,124.1031841999194,125.58656957928802
2025-04-25,126.13865376864169,128.26658576051778
2025-04-28,127.37807335751714,129.70266990291262
2025-04-30,127.40830310358726,129.5509708737864
2025-05-01,128.09351068117692,130.19822006472492
2025-05-02,131.00564288593307,133.69741100323625
2025-05-07,129.5143087464732,131.06796116504856
2025-05-08,130.21966948810964,132.20064724919095
2025-05-09,132.55743651753323,134.98179611650485
2025-05-12,132.86981056025795,135.03236245954693
2025-05-13,137.77710600564288,141.31270226537217
2025-05-14,138.19024586860138,141.78802588996763
2025-05-15,137.42442563482467,140.92839805825244
2025-05-16,136.9105199516324,140.38228155339806
2025-05-19,137.5050382910117,141.23179611650485
2025-05-20,138.01894397420395,141.74757281553397
2025-05-21,137.0515920999597,140.1901294498382
2025-05-22,134.8347440548166,137.05501618122977
2025-05-23,135.04635227730753,137.52022653721681
2025-05-26,133.57517130189441,135.49757281553397
2025-05-27,133.5348649738009,135.14360841423948
2025-05-28,136.70898831116486,139.5631067961165
2025-05-29,137.77710600564288,140.69579288025892
2025-05-30,136.4268440145103,139.1484627831715
2025-06-02,136.07416364369206,138.915857605178
2025-06-03,135.82224909310762,138.73381877022655
2025-06-04,137.44457879887142,140.67556634304208
2025-06-05,136.63845223700122,139.45186084142395
2025-06-06,137.38411930673115,139.73503236245955
2025-06-09,139.33897621926644,142.30380258899675
2025-06-10,139.3893591293833,142.2532362459547
2025-06-11,140.1652559451834,143.26456310679612
2025-06-12,139.41958887545346,142.06108414239483
2025-06-13,138.66384522370012,141.57564724919095
2025-06-16,138.51269649334944,141.31270226537217
2025-06-17,140.28617492946393,143.30501618122977
2025-06-18,139.4296654574768,142.39482200647248
2025-06-19,138.8553002821443,141.91949838187702
2025-06-20,138.90568319226117,142.34425566343043
2025-06-23,139.73196291817814,143.15331715210357
2025-06-24,140.10479645304312,143.76011326860842
2025-06-25,141.2434502216848,144.71076051779934
2025-06-26,141.08222490931078,144.4478155339806
2025-06-27,141.89842805320436,145.3883495145631
2025-06-30,142.8657799274486,146.3794498381877
2025-07-01,142.36195082627972,146.00525889967636
2025-07-02,142.21080209592907,145.86367313915858
2025-07-03,142.75493752519145,146.49069579288025
2025-07-04,144.58887545344618,148.75606796116506
2025-07-07,144.1757355904877,148.5234627831715
2025-07-08,144.97178557033453,149.0796925566343
2025-07-09,145.77791213220473,149.7876213592233
2025-07-10,145.52599758162032,149.66626213592232
2025-07-11,146.56388553002822,150.88996763754045
2025-07-14,146.3522773075373,150.75849514563106
2025-07-15,147.13825070536075,151.66868932038835
2025-07-16,147.95445384925435,152.45752427184468
2025-07-17,147.71261588069328,152.39684466019418
2025-07-18,148.70012091898428,153.39805825242718
2025-07-22,147.94437726723095,152.35639158576052
2025-07-23,147.31962918178155,151.4259708737864
2025-07-24,148.72027408303103,152.63956310679612
2025-07-25,149.5969367190649,153.70145631067962
2025-07-28,150.10076582023376,154.68244336569578
2025-07-29,150.3627569528416,155.52184466019418
2025-07-30,149.84885126964934,154.7532362459547
2025-07-31,150.54413542926238,155.7544498381877
2025-08-01,151.19911326078196,156.64441747572815
2025-08-04,146.16082224909312,150.9203074433657
2025-08-05,147.3901652559452,152.46763754045307
2025-08-06,147.85368802902056,152.39684466019418
2025-08-07,148.8613462313583,153.5497572815534
2025-08-08,148.94195888754533,153.01375404530745
2025-08-12,150.53405884723904,155.08697411003237
2025-08-13,151.38049173720273,156.19943365695792
2025-08-14,150.91696896412736,155.48139158576052
2025-08-15,151.87424425634825,156.56351132686083
2025-08-18,151.66263603385732,155.97694174757282
2025-08-19,151.96493349455864,156.39158576051778
2025-08-20,151.14873035066506,155.3094660194175
2025-08-21,150.6348246674728,154.68244336569578
2025-08-22,151.27972591696897,155.15776699029126
2025-08-25,152.2067714631197,156.3814724919094
2025-08-26,151.38049173720273,155.41059870550163
2025-08-27,151.8540910923015,156.4724919093851
2025-08-28,152.01531640467553,156.70509708737862
2025-08-29,151.8440145102781,156.6747572815534
2025-09-01,151.39056831922613,156.06796116504856
2025-09-02,151.63240628778718,156.12864077669903
2025-09-03,151.8037081821846,156.6039644012945
2025-09-04,151.83393792825473,156.5938511326861
2025-09-05,153.0632809351068,158.15129449838187
2025-09-08,153.36557839580814,157.90857605177993
2025-09-09,152.85167271261588,157.06917475728156
2025-09-10,153.34542523176137,157.65574433656957
2025-09-11,153.869407496977,158.17152103559872
2025-09-12,154.79645304312777,159.23341423948222
2025-09-16,155.84441757355904,160.19417475728156
2025-09-17,154.7863764611044,158.93001618122977
2025-09-18,155.14913341394598,159.2435275080906
2025-09-19,156.7613865376864,161.17516181229774
2025-09-22,157.3962112051592,162.2168284789644
2025-09-24,157.07376058041112,161.5594660194175
2025-09-25,157.56751309955663,162.10558252427185
2025-09-26,157.64812575574365,162.40898058252426
2025-09-29,157.7186618299073,162.73260517799352
2025-09-30,157.9806529625151,162.80339805825244
2025-10-01,157.7488915759774,162.69215210355986
2025-10-02,157.42644095122935,162.17637540453075
2025-10-03,158.20233776702943,162.52022653721681
2025-10-06,161.09431680773883,165.16990291262138
2025-10-07,162.1825876662636,166.5453074433657
2025-10-08,163.46231358323257,167.94093851132686
2025-10-09,164.75211608222492,169.3972491909385
2025-10-10,164.39943571140668,169.3163430420712
2025-10-14,161.7795243853285,166.64644012944984
2025-10-15,160.82224909310762,165.50364077669903
2025-10-16,160.98347440548167,165.15978964401293
2025-10-17,160.03627569528416,163.51132686084142
2025-10-20,161.10439338976218,165.2811488673139
2025-10-21,162.34381297863766,166.5554207119741
2025-10-22,163.43208383716242,167.8296925566343
2025-10-23,163.24062877871825,167.54652103559872
2025-10-24,164.5908907698509,169.00283171521036
2025-10-27,166.09230149133413,170.69174757281553
2025-10-28,167.27126158806934,172.2997572815534
2025-10-29,166.434905280129,171.5918284789644
2025-10-30,167.72470777912133,172.9470064724919
2025-10-31,167.81539701733172,172.68406148867314
2025-11-04,168.34945586457073,173.76618122977345
2025-11-05,165.46755340588473,170.7423139158576
2025-11-06,166.6968964127368,171.98624595469255
2025-11-07,164.58081418782749,169.1747572815534
2025-11-10,165.28617492946393,170.165857605178
2025-11-11,168.06731156791616,173.290857605178
2025-11-12,168.7222893994357,173.56391585760517
2025-11-13,169.9113260781943,174.51456310679612
2025-11-14,167.4727932285369,171.3086569579288
2025-11-17,166.80773881499397,171.21763754045307
2025-11-18,165.92099959693672,170.35800970873788
2025-11-19,164.51027811366384,169.1848705501618
2025-11-20,166.6465135026199,171.73341423948222
2025-11-21,165.21563885530028,169.29611650485435
2025-11-25,167.0092704554615,172.92677993527508
2025-11-26,168.1882305521967,173.95833333333331
2025-11-27,169.16565900846433,174.6359223300971
2025-11-28,169.9012494961709,175.44498381877023
2025-12-01,169.72994760177346,175.53600323624596
2025-12-02,168.8935912938331,174.4336569579288
2025-12-03,169.5384925433293,175.02022653721681
2025-12-04,169.64933494558645,174.92920711974108
2025-12-05,169.68964127367997,174.92920711974108
2025-12-08,170.20354695687223,175.4247572815534
2025-12-09,170.59653365578396,175.7180420711974
2025-12-10,171.24143490528013,176.51699029126212
2025-12-11,171.1708988311165,176.56755663430422
2025-12-12,171.5739621120516,176.76982200647248
2025-12-15,170.69729947601772,175.23260517799352
2025-12-16,169.36719064893188,173.96844660194176
2025-12-17,168.25876662636034,173.06836569579286
2025-12-18,167.875856509472,172.0873786407767
2025-12-19,169.316807738815,173.7257281553398
2025-12-22,172.50100765820233,177.24514563106797
2025-12-23,172.7428456267634,177.4069579288026
2025-12-24,172.95445384925435,177.61933656957927
2025-12-25,172.99476017734784,177.8418284789644
2025-12-26,173.63966142684401,178.51941747572815
2025-12-29,173.6497380088674,178.42839805825244
2025-12-30,173.31721080209593,177.9126213592233
2026-01-05,174.0628778718259,177.5687702265372
2026-01-06,175.0,178.03398058252426
2026-01-07,175.87666263603384,179.09587378640776
2026-01-08,175.41313986295847,178.6913430420712
2026-01-09,175.5844417573559,179.0453074433657
2026-01-13,178.55703345425232,181.8163430420712
2026-01-14,179.49415558242646,182.58495145631068
2026-01-15,178.39580814187826,180.84546925566343
2026-01-16,178.88956066102378,181.52305825242718
2026-01-19,177.69044740024185,180.02629449838187
2026-01-20,177.9826682789198,180.76456310679612
2026-01-21,175.42321644498188,177.10355987055016
2026-01-22,176.7936316001612,179.1868932038835
2026-01-23,178.48649738008868,180.56229773462783
2026-01-26,174.73800886739218,176.33495145631068
2026-01-27,174.82869810560257,176.6282362459547
2026-01-28,174.15356711003628,175.2123786407767
2026-01-29,174.97984683595325,175.9809870550162
2026-01-30,175.21160822249092,176.33495145631068
2026-02-02,175.66505441354292,177.44741100323625
2026-02-03,176.81378476420798,178.7621359223301
2026-02-04,176.82386134623135,177.79126213592232
2026-02-05,176.98508665860538,177.7811488673139
2026-02-06,174.92946392583636,175.5663430420712
2026-02-09,178.03305118903668,179.1970064724919
2026-02-10,178.84925433293026,179.14644012944984
2026-02-12,175.87666263603384,175.30339805825244
2026-02-13,173.2869810560258,172.14805825242718
2026-02-16,173.34744054816608,172.41100323624596
2026-02-17,173.52881902458685,172.69417475728156
2026-02-18,173.7908101571947,172.77508090614887
2026-02-19,176.43087464731963,175.50566343042073
2026-02-20,176.37041515517936,175.4348705501618
2026-02-24,176.00765820233778,174.49433656957927
2026-02-25,178.22450624748086,176.95186084142395
2026-02-26,180.27005239822654,178.7621359223301
2026-02-27,179.39338976219267,177.41707119741102
2026-03-02,179.41354292623942,177.4878640776699
2026-03-03,179.36316001612255,178.65088996763754
2026-03-04,176.15880693268844,177.1844660194175
2026-03-05,175.84643288996372,177.32605177993528
2026-03-06,176.00765820233778,177.28559870550163
2026-03-09,174.8690044336961,176.3652912621359
2026-03-10,174.6372430471584,176.73948220064725
2026-03-11,176.1285771866183,176.94174757281553
2026-03-12,176.65255945183392,177.7609223300971
2026-03-13,174.39540507859735,175.24271844660194
2026-03-16,173.21644498186214,174.39320388349515
2026-03-17,174.82869810560257,176.11245954692555
2026-03-18,175.67513099556632,176.35517799352752
2026-03-19,174.31479242241033,174.70671521035598
2026-03-23,169.88109633212414,171.20752427184468
2026-03-24,170.10278113663847,172.04692556634305
2026-03-25,170.55622732769044,171.60194174757282
2026-03-26,172.64207980652964,173.47289644012943
2026-03-27,170.00201531640468,170.54004854368932
2026-03-30,167.93631600161225,168.1027508090615
2026-03-31,167.1100362756953,167.334142394822
2026-04-01,170.14308746473196,171.12661812297733
2026-04-02,172.0576380491737,172.19862459546925
2026-04-03,172.78315195485692,173.46278317152104
2026-04-06,172.85368802902056,173.53357605177993
2026-04-07,173.67996775493754,174.413430420712
2026-04-08,173.26682789197903,173.2200647249191
2026-04-09,178.22450624748086,177.87216828478964
2026-04-10,179.242241031842,179.4093851132686
2026-04-13,179.9576783555018,179.87459546925567
2026-04-14,180.76380491737203,180.9668284789644
2026-04-15,182.6178960096735,182.7366504854369
2026-04-16,183.74647319629182,184.10194174757282
2026-04-17,184.6533655783958,185.27508090614887
2026-04-20,186.0640870616687,187.02467637540454
2026-04-21,185.7920193470375,186.5898058252427
2026-04-22,184.925433293027,185.62904530744336
2026-04-23,186.0137041515518,187.76294498381878
2026-04-24,185.77186618299072,187.55056634304208
2026-04-27,186.60822249093107,188.7135922330097
2026-04-28,186.90044336960904,188.915857605178
2026-04-30,186.4268440145103,188.9259708737864
2026-05-01,184.6231358323257,186.99433656957927
2026-05-07,188.55300282144296,190.13956310679612
2026-05-08,188.6235388956066,190.22046925566343
2026-05-11,189.3591293833132,191.79813915857605
2026-05-12,190.31640467553405,192.6779935275081
2026-05-13,190.00403063280936,192.8398058252427
2026-05-14,191.00161225312374,194.07362459546925
2026-05-15,192.875856509472,196.38956310679612
2026-05-18,190.49778315195485,194.5287216828479
2026-05-19,190.71946795646917,194.45792880258898
2026-05-20,189.4397420395002,193.163430420712
2026-05-21,191.42482869810559,195.15574433656957
2026-05-22,192.5534058847239,195.8029935275081
2026-05-25,193.3091495364772,196.19741100323625
2026-05-26,194.1354292623942,196.32888349514565
2026-05-27,195.15316404675534,197.92677993527508
2026-05-28,195.58645707376058,198.38187702265373
2026-05-29,196.01975010076583,199.18082524271844
2026-06-01,196.7855703345425,199.70671521035598
2026-06-02,197.45062474808546,200.62702265372167
2026-06-03,198.76058041112455,201.18325242718447
2026-06-04,197.25916968964128,199.69660194174756
2026-06-05,197.68238613462316,200.59668284789643
2026-06-08,193.2789197904071,195.7322006472492
2026-06-09,192.9665457476824,196.24797734627833
2026-06-10,193.1378476420798,195.90412621359224
2026-06-11,190.63885530028216,192.93082524271844
2026-06-12,192.92623941958888,195.78276699029126
2026-06-15,195.17331721080208,196.77386731391587
2026-06-16,198.08544941555823,200.19215210355986
2026-06-17,197.91414752116083,199.2819579288026
2026-06-18,196.8359532446594,197.2997572815534
2026-06-19,198.46835953244658,199.87864077669903
2026-06-22,198.92180572349858,200.40453074433654
2026-06-23,198.56912535268037,199.7168284789644
2026-06-24,195.42523176138653,196.88511326860842
2026-06-25,195.5360741636437,196.89522653721681
2026-06-26,195.90890769850867,196.97613268608413
2026-06-29,194.9919387343813,196.69296116504856
2026-06-30,197.4304715840387,199.79773462783172
2026-07-01,199.30471584038693,201.82038834951456
2026-07-02,198.6900443369609,201.28438511326863
2026-07-03,197.37001209189845,199.58535598705504
2026-07-06,198.61950826279727,199.96966019417474
2026-07-07,200.0906892382104,202.1338996763754
2026-07-08,198.8714228133817,201.51699029126212
2026-07-09,198.17613865376865,201.16302588996763
2026-07-10,199.093107617896,202.30582524271844
2026-07-13,199.5969367190649,203.15533980582524
2026-07-14,198.34744054816608,201.81027508090614
2026-07-15,199.093107617896,202.35639158576052
2026-07-16,200.04030632809352,203.2059061488673
2026-07-17,199.04272470777912,202.52831715210357
2026-07-21,196.87625957275293,200.16181229773463
2026-07-22,199.4961708988311,202.74069579288025
2026-07-23,199.47601773478436,202.36650485436894
2026-07-24,198.559048770657,201.001213592233
2026-07-27,198.13583232567512,200.72815533980582
2026-07-28,198.25675130995566,200.9304207119741
2026-07-29,197.81338170092704,201.18325242718447
2026-07-30,195.37484885126966,197.91666666666669
2026-07-31,194.92140266021764,197.77508090614887
2026-08-03,191.1628375654978,193.06229773462783
2026-08-04,194.7601773478436,197.97734627831716
2026-08-05,197.86376461104393,201.6990291262136
2026-08-06,198.48851269649336,201.65857605177996
2026-08-07,198.89157597742846,202.38673139158573
2026-08-10,199.39540507859735,202.80137540453075
2026-08-12,200.83635630794038,203.8430420711974
2026-08-13,201.49133413945987,204.3992718446602
2026-08-14,202.61991132607818,205.7645631067961
2026-08-17,202.13623538895607,205.0364077669903
2026-08-18,201.84401451027813,204.49029126213594
2026-08-19,200.0,203.00364077669903
2026-08-20,199.21402660217655,202.22491909385113
2026-08-21,199.29463925836356,201.32483818770228
2026-08-24,200.02015316404677,201.79004854368935
2026-08-25,199.74808544941556,201.75970873786406
2026-08-26,200.47359935509874,202.28559870550163
2026-08-27,200.57436517533253,202.31593851132686
2026-08-28,201.68278919790404,204.0453074433657
2026-08-31,202.0052398226522,204.3385922330097
2026-09-01,201.2293430068521,203.38794498381878
2026-09-02,200.34260378879486,202.57888349514565
2026-09-03,198.80088673921804,201.5068770226537
2026-09-04,197.02740830310358,199.76739482200648
2026-09-07,197.31962918178155,199.38309061488673
2026-09-08,194.87101975010077,196.56148867313917
2026-09-09,193.97420395002015,195.41868932038835
2026-09-10,193.0068520757759,194.4680420711974
2026-09-11,192.7347843611447,194.49838187702267
