date,rakuten-vti_start_100,rakuten-nasdaq_start_100
2024-01-30,100.0,100.0
2024-01-31,99.9773985761103,100.0
2024-02-01,97.83026330658832,100.0
2024-02-02,98.9038309413493,100.91000000000001
2024-02-05,101.28828116171317,104.22
2024-02-06,100.75714770030513,104.03
2024-02-07,100.55373488529777,103.25999999999999
2024-02-08,101.53312992051833,104.50999999999999
2024-02-09,102.72723848269108,105.67999999999999
2024-02-13,103.35254454363958,106.21000000000001
2024-02-14,102.57656232342637,105.44
2024-02-15,103.574791878555,106.46
2024-02-16,104.21139865144838,106.61
2024-02-19,103.5069876068859,105.47999999999999
2024-02-20,103.74430255772779,105.72999999999999
2024-02-21,102.94195200964327,104.78
2024-02-22,103.23200361622781,104.63
2024-02-26,105.20962820657702,107.25
2024-02-27,105.0966210871285,107.4
2024-02-28,105.27743247824613,107.54999999999998
2024-02-29,105.21716201454025,107.09
2024-03-01,105.41304102158435,107.87
2024-03-04,106.21915847365051,109.25
2024-03-05,106.3510001130071,109.05
2024-03-06,104.96477944777187,106.82000000000001
2024-03-07,104.86683994424982,106.79
2024-03-08,105.06648585527556,107.61
2024-03-11,103.72546803781972,105.24
2024-03-12,103.57855878253663,104.86999999999999
2024-03-13,105.08532037518363,106.91999999999999
2024-03-14,105.0589520473123,106.16000000000001
2024-03-15,105.29626699815422,106.50999999999999
2024-03-18,105.1832598787057,105.80000000000001
2024-03-19,105.68802501224243,106.81
2024-03-21,108.45293253474968,109.43
2024-03-22,109.47376351376803,110.5
2024-03-25,109.01420122801069,110.5
2024-03-26,108.69778129355483,110.05
2024-03-27,108.67517986966513,109.83000000000001
2024-03-28,109.59430444117979,110.22000000000001
2024-03-29,109.58300372923495,109.98000000000002
2024-04-01,109.59807134516142,110.00000000000001
2024-04-02,109.75251440840772,110.47
2024-04-03,108.6262101179041,109.33
2024-04-04,108.89366030059892,109.67
2024-04-05,107.05917806155121,107.45
2024-04-08,108.7128489094813,109.39000000000001
2024-04-09,108.96899838023128,109.48
2024-04-10,109.00666742004745,109.79
2024-04-11,108.63751082984894,109.68
2024-04-12,109.43232756997023,111.53999999999999
2024-04-15,108.11391117640412,109.96
2024-04-16,107.45470297962105,108.82000000000001
2024-04-17,107.38689870795193,109.11999999999999
2024-04-18,106.53181150412476,107.53999999999999
2024-04-19,106.51674388819829,107.13999999999999
2024-04-22,105.70685953215053,104.96000000000001
2024-04-23,106.7766602629299,106.06
2024-04-24,108.05364071269823,107.66
2024-04-25,108.54710513429013,108.47
2024-04-26,108.19301616001809,108.04
2024-04-30,110.43055712509889,111.03
2024-05-01,109.35322258635627,109.64
2024-05-02,107.8125588578747,107.61
2024-05-07,109.95216031943346,110.96
2024-05-08,110.65280446001431,111.55999999999999
2024-05-09,111.07469770595549,112.02000000000001
2024-05-10,111.76404113459148,112.25
2024-05-13,112.0691603571025,112.75999999999999
2024-05-14,112.40064790748482,113.27000000000001
2024-05-15,113.07115681621276,114.16999999999999
2024-05-16,112.56639168267601,113.97999999999999
2024-05-17,113.45914792631935,114.97
2024-05-20,113.86220665235243,115.13
2024-05-21,114.40087392172373,116.36
2024-05-22,114.5214148491355,116.49000000000001
2024-05-23,114.55908388895166,116.88000000000001
2024-05-24,113.76050024484876,116.55
2024-05-27,114.3707386898708,117.48
2024-05-28,114.41970844163183,117.53
2024-05-29,114.75496289599579,118.27000000000001
2024-05-30,113.97144686781935,117.6
2024-05-31,112.78110520962821,115.71000000000001
2024-06-03,113.96767996383772,116.03000000000002
2024-06-04,113.4892831581723,115.9
2024-06-05,112.63042905036352,115.36999999999999
2024-06-06,114.35943797792594,118.09
2024-06-07,114.28033299431198,118.03999999999999
2024-06-10,114.94330809507665,118.83999999999999
2024-06-11,115.56484725204355,119.55
2024-06-12,115.67032056352883,120.30000000000001
2024-06-13,116.5216408633744,121.64999999999999
2024-06-14,116.89079745357292,122.66
2024-06-17,116.96236862922365,123.39
2024-06-18,118.0095679361133,125.07999999999998
2024-06-19,118.47289712585227,125.28999999999999
2024-06-20,118.62357328511696,125.44999999999999
2024-06-21,119.03039891513166,125.2
2024-06-24,119.4259238332015,125.49
2024-06-25,118.98519606735225,123.82
2024-06-26,119.54269785663163,125.42
2024-06-27,120.28854484499189,126.52000000000001
2024-06-28,120.78954307454704,126.99000000000001
2024-07-01,120.45428862018308,126.44
2024-07-02,121.05699325724186,127.64999999999999
2024-07-03,121.68229931819039,128.85999999999999
2024-07-04,122.07782423626021,129.88
2024-07-05,121.84804309338155,129.63
2024-07-08,122.1795306437639,130.64
2024-07-09,122.4808829622933,131.09
2024-07-10,122.90654311221607,131.67
2024-07-11,124.23626021772705,133.25
2024-07-12,121.67099860624553,128.16
2024-07-16,122.48464986627492,128.72
2024-07-17,123.57328511696237,128.88
2024-07-18,119.75741138358383,122.96000000000001
2024-07-19,119.95705729460957,123.66
2024-07-22,119.24134553810224,122.56
2024-07-23,119.87418540701398,123.8
2024-07-24,119.12080461069048,122.69000000000001
2024-07-25,114.56285079293329,116.31
2024-07-26,114.69469243228988,115.64000000000001
2024-07-29,115.78332768297737,116.55
2024-07-30,116.03571024974573,117.02
2024-07-31,114.31800203412814,114.16999999999999
2024-08-01,113.86597355633405,115.44000000000001
2024-08-02,112.01265679737824,112.55
2024-08-05,106.78419407089312,106.89999999999999
2024-08-06,103.29980788789695,103.39
2024-08-07,105.8311673635439,105.91999999999999
2024-08-08,104.41857837043733,104.10999999999999
2024-08-09,107.93309978528647,108.35999999999999
2024-08-13,108.09130975251439,108.89999999999999
2024-08-14,109.72614608053641,111.46000000000001
2024-08-15,110.23844502203639,111.75
2024-08-16,113.47044863826422,115.87
2024-08-19,112.82630805740762,115.07000000000001
2024-08-20,112.75096997777527,115.41999999999999
2024-08-21,111.82431159829736,114.49000000000001
2024-08-22,112.23867103627529,114.94
2024-08-23,111.94861942969074,113.69
2024-08-26,111.25927600105474,112.88
2024-08-27,111.98252156552529,112.72999999999999
2024-08-28,111.62843259125326,112.63000000000001
2024-08-29,111.14626888160622,111.52
2024-08-30,111.46268881606207,111.57
2024-09-02,113.65502693336347,114.14
2024-09-03,114.3707386898708,114.86000000000001
2024-09-04,110.56993257241874,109.92
2024-09-05,109.10460692356952,108.49
2024-09-06,108.35122612724601,108.13
2024-09-09,106.20785776170565,104.91
2024-09-10,107.90296455343353,106.83
2024-09-11,107.26259087655856,106.74
2024-09-12,108.88989339661732,109.61000000000001
2024-09-13,108.78442008513203,109.66
2024-09-17,109.15734357931217,109.08
2024-09-18,109.92579199156214,109.79
2024-09-19,111.21407315327532,110.84
2024-09-20,112.40441481146645,112.99999999999999
2024-09-24,113.21806607149585,113.84
2024-09-25,113.18039703167966,114.04
2024-09-26,113.81700380457302,115.21
2024-09-27,115.04878140656194,116.78
2024-09-30,112.68693261008778,113.92
2024-10-01,114.21629562662447,115.31
2024-10-02,113.04102158435983,113.53
2024-10-03,115.57238106000678,116.24000000000001
2024-10-04,115.0148792707274,115.87
2024-10-07,117.50856970655819,118.67000000000002
2024-10-08,115.9867404979847,116.84
2024-10-09,117.24488642784496,118.93
2024-10-10,118.98519606735225,120.83
2024-10-11,118.10750743963536,120.02999999999999
2024-10-15,120.79707688251027,122.05999999999999
2024-10-16,119.66323878404339,120.09
2024-10-17,120.55222812370512,120.44999999999999
2024-10-18,120.92138471390363,120.94
2024-10-21,120.8272121143632,121.17
2024-10-22,121.50525483105437,122.46
2024-10-23,121.87441142125289,123.10000000000001
2024-10-24,121.90077974912418,122.32000000000001
2024-10-25,121.72373526198817,122.83
2024-10-28,122.63909292952123,124.6
2024-10-29,122.71819791313519,124.18
2024-10-30,123.18529400685576,125.72000000000001
2024-10-31,123.14385806305796,124.99
2024-11-01,119.59543451237428,120.67000000000002
2024-11-05,120.18683843748823,121.41999999999999
2024-11-06,122.04768900440727,123.36
2024-11-07,126.91829585263872,128.22
2024-11-08,126.5679737823483,128.94
2024-11-11,127.16314461144384,129.06
2024-11-12,128.08980299092175,129.58
2024-11-13,128.53429766075263,130.32
2024-11-14,129.13700229781142,130.78
2024-11-15,129.0654311221607,130.8
2024-11-18,125.40023354804686,125.64
2024-11-19,126.01423889705052,126.64999999999999
2024-11-20,126.94466418051005,127.89999999999999
2024-11-21,127.1970467472784,127.97
2024-11-22,127.58127095340339,127.94000000000001
2024-11-25,127.98432967943647,127.93
2024-11-26,128.59833502844015,128.1
2024-11-27,127.93535992767544,127.69
2024-11-28,126.63954495799902,125.69
2024-11-29,125.78069085019024,124.83999999999999
2024-12-02,126.04437412890346,125.52000000000001
2024-12-03,126.06697555279315,126.69999999999999
2024-12-04,125.9464346253814,126.98
2024-12-05,127.26861792292914,129.03
2024-12-06,126.64707876596226,128.36
2024-12-09,126.82035634911666,129.37
2024-12-10,127.4305947941387,129.75
2024-12-11,127.22341507514973,129.58
2024-12-12,128.70380833992542,132.45
2024-12-13,128.4890948129732,132.07999999999998
2024-12-16,129.17843824160923,133.88
2024-12-17,129.9958564056202,136.13
2024-12-18,128.9109880589144,135.08
2024-12-19,125.89746487362036,131.23
2024-12-20,128.1613741665725,133.16
2024-12-23,128.609635740385,133.23000000000002
2024-12-24,129.90168380607977,135.21
2024-12-25,131.22386710362753,137.0
2024-12-26,131.2653030474253,137.03
2024-12-27,131.95841338004294,137.5
2024-12-30,130.53075677100992,135.63
2025-01-06,129.70203789505405,134.32999999999998
2025-01-07,130.83587599352094,136.23000000000002
2025-01-08,129.26884393716804,133.68
2025-01-09,129.66436885523788,134.02
2025-01-10,129.46472294421216,133.81
2025-01-14,127.23094888311297,130.79000000000002
2025-01-15,127.92782611971221,131.05
2025-01-16,128.94112329076734,132.71
2025-01-17,127.84495423211662,130.77
2025-01-20,129.71710551098053,133.65
2025-01-21,129.72840622292537,133.66
2025-01-22,130.5533581948996,133.97
2025-01-23,131.9923155158775,136.56
2025-01-24,132.54228349719367,136.71
2025-01-27,131.53652013410178,135.29
2025-01-28,129.31404678494744,130.88
2025-01-29,130.88484574528195,133.4
2025-01-30,129.55512863977097,132.29999999999998
2025-01-31,130.08626210117905,132.61
2025-02-03,130.44788488341433,133.51999999999998
2025-02-04,129.19350585753568,132.1
2025-02-05,129.05789731419745,132.66
2025-02-06,128.42505744528572,131.97
2025-02-07,127.63777451312765,131.53
2025-02-10,127.04637058801372,130.4
2025-02-12,128.88838663502466,132.77
2025-02-13,129.50992579199158,134.0
2025-02-14,129.41952009643273,134.43
2025-02-17,128.6397709722379,134.17
2025-02-18,128.4363581572306,133.95
2025-02-19,129.19727276151733,134.67
2025-02-20,128.5229969488078,133.84
2025-02-21,126.76008588541079,132.1
2025-02-25,124.08935096244397,128.14000000000001
2025-02-26,122.39424417071609,125.44
2025-02-27,122.69559648924549,125.98
2025-02-28,121.14739895280069,122.86999999999999
2025-03-03,123.74279579613517,125.61
2025-03-04,120.47689004407277,121.8
2025-03-05,119.45982596903606,121.85999999999999
2025-03-06,120.31868007684483,123.0
2025-03-07,117.1469469243229,118.63
2025-03-10,117.15448073228613,118.97
2025-03-11,113.42147888650318,113.89
2025-03-12,113.70022978114287,114.67
2025-03-13,114.4347760575583,116.14
2025-03-14,112.8639770972238,113.99
2025-03-17,115.65525294760238,117.21999999999998
2025-03-18,117.15448073228613,118.41
2025-03-19,116.01310882585602,116.57
2025-03-21,116.55554299920897,117.24000000000001
2025-03-24,117.18084906015747,118.28
2025-03-25,120.2621765171206,121.75
2025-03-26,119.86665159905074,121.78999999999999
2025-03-27,118.7629487324368,119.87
2025-03-28,118.63864090104343,119.57
2025-03-31,115.04878140656194,115.21999999999998
2025-04-01,115.87373337853617,115.44000000000001
2025-04-02,116.28055900855088,116.41
2025-04-03,115.62511771574941,115.71000000000001
2025-04-04,108.47176705465778,108.13
2025-04-07,101.93242174256977,101.39
2025-04-08,102.98338795344107,102.97
2025-04-09,99.7212491053603,99.33
2025-04-10,110.98052510641503,112.43
2025-04-11,103.98161750856971,105.25
2025-04-14,105.49591290917995,107.0
2025-04-15,106.76912645496665,107.91999999999999
2025-04-16,106.05718160244095,107.58000000000001
2025-04-17,103.55972426262854,104.02
2025-04-18,103.7217011338381,103.97000000000001
2025-04-21,102.83271179417636,103.08
2025-04-22,100.18834519908089,100.34
2025-04-23,103.5710249745734,103.81
2025-04-24,105.97054281086375,106.81
2025-04-25,108.31355708742984,109.91
2025-04-28,109.39842543413569,111.57999999999998
2025-04-30,109.37205710626436,111.36999999999999
2025-05-01,109.81655177609522,111.91
2025-05-02,112.76227068972011,115.46000000000001
2025-05-07,110.65657136399594,113.14999999999999
2025-05-08,111.58699664745546,114.07000000000001
2025-05-09,114.16732587486345,116.94
2025-05-12,114.14849135495537,117.04
2025-05-13,119.53516404866839,123.38
2025-05-14,119.88171921497721,124.85
2025-05-15,119.10573699476402,124.66999999999999
2025-05-16,118.6122725731721,123.76
2025-05-19,119.30538290578974,124.2
2025-05-20,119.71597543978605,124.64
2025-05-21,118.46536331788901,123.29
2025-05-22,115.6665536595472,120.85
2025-05-23,116.08468000150675,121.50000000000001
2025-05-26,114.46867819339286,119.39999999999999
2025-05-27,114.16732587486345,119.09
2025-05-28,117.89656081666477,123.37
2025-05-29,118.82321919614269,124.51
2025-05-30,117.42569781896259,122.91000000000001
2025-06-02,117.13187930839644,122.58
2025-06-03,117.07537574867217,122.76
2025-06-04,118.8458206200324,124.75
2025-06-05,117.78732060119788,124.00999999999999
2025-06-06,117.97943270426036,123.91000000000001
2025-06-09,120.29984555693676,126.14000000000001
2025-06-10,120.23957509323087,126.19
2025-06-11,121.06452706520511,127.22
2025-06-12,120.05876370211324,126.03999999999999
2025-06-13,119.57659999246619,125.42999999999999
2025-06-16,119.27148076995518,124.99
2025-06-17,120.996722793536,127.34
2025-06-18,120.22074057332279,126.30999999999999
2025-06-19,119.9005537348853,125.93
2025-06-20,120.25087580517572,126.29999999999998
2025-06-23,120.92138471390363,126.77000000000001
2025-06-24,121.43368365540364,127.42999999999999
2025-06-25,122.29630466719404,128.79
2025-06-26,121.93844878894038,128.84
2025-06-27,122.79730289674917,129.85
2025-06-30,123.55068369307267,130.56
2025-07-01,123.17776019889253,130.39000000000001
2025-07-02,123.18529400685576,129.24
2025-07-03,123.7729310279881,130.14
2025-07-04,125.65638301879684,132.34
2025-07-07,125.46427091573436,132.14
2025-07-08,125.92006629751008,132.62
2025-07-09,126.60187591818284,133.45
2025-07-10,126.5265378385505,133.48
2025-07-11,127.536068105624,133.98000000000002
2025-07-14,127.30628696274533,134.02
2025-07-15,128.1802086864806,135.08
2025-07-16,128.6774400120541,136.49
2025-07-17,128.69627453196216,136.13
2025-07-18,129.6907371831092,137.32
2025-07-22,128.7000414359438,136.79
2025-07-23,127.98056277545487,135.19
2025-07-24,129.07673183410554,135.78
2025-07-25,129.84141334237393,136.97
2025-07-28,130.726635778054,137.61
2025-07-29,131.3707763589106,138.81
2025-07-30,130.7002674501827,138.27
2025-07-31,131.55158775002823,139.54999999999998
2025-08-01,132.2070290428297,140.1
2025-08-04,127.3025200587637,134.48
2025-08-05,128.71510905187026,136.38
2025-08-06,128.71510905187026,135.99
2025-08-07,129.61916600745846,137.76999999999998
2025-08-08,129.18597204957246,137.83
2025-08-12,130.75677100990694,139.78
2025-08-13,131.800203412815,141.05
2025-08-14,131.40467849474518,140.01
2025-08-15,132.0827212114363,140.83
2025-08-18,131.63822654160546,139.98999999999998
2025-08-19,132.04128526763853,140.37
2025-08-20,131.09202546427093,138.27
2025-08-21,130.54205748295476,137.25
2025-08-22,130.99785286473048,137.6
2025-08-25,132.29743473838852,138.7
2025-08-26,131.39714468678193,138.01000000000002
2025-08-27,132.34640449014955,138.95
2025-08-28,132.58371944099144,139.07
2025-08-29,132.61008776886277,139.41
2025-09-01,132.1429916751422,138.06
2025-09-02,132.19949523486648,138.12
2025-09-03,132.5724187290466,138.38
2025-09-04,132.44811089765324,138.76
2025-09-05,133.82679775492522,140.28
2025-09-08,133.77406109918257,140.61999999999998
2025-09-09,133.20525859795833,140.23000000000002
2025-09-10,133.51414472445097,140.82
2025-09-11,133.8908351226127,140.92
2025-09-12,134.88906467774135,141.52
2025-09-16,135.56334049045088,143.53
2025-09-17,134.47847214374505,142.45000000000002
2025-09-18,134.75345613440314,142.57999999999998
2025-09-19,136.58793837345087,144.98
2025-09-22,137.32248464986628,146.23999999999998
2025-09-24,136.7687497645685,145.54
2025-09-25,137.1153049308773,146.0
2025-09-26,137.31871774588467,146.35
2025-09-29,137.64267148830376,146.42
2025-09-30,137.650205296267,146.74
2025-10-01,137.43925867329642,146.45
2025-10-02,137.00229781142878,146.2
2025-10-03,137.39782272949864,146.96
2025-10-06,139.68810035032206,148.70000000000002
2025-10-07,140.86337439258673,150.54000000000002
2025-10-08,141.89927298753156,151.54000000000002
2025-10-09,143.244057708969,153.78
2025-10-10,143.0745470297962,153.9
2025-10-14,140.90481033638454,151.16
2025-10-15,140.1024597883,149.31
2025-10-16,139.89151316532943,149.39
2025-10-17,138.27174445323388,148.31
2025-10-20,139.68056654235883,150.09
2025-10-21,140.82570535277054,151.59
2025-10-22,141.88420537160508,152.67
2025-10-23,141.53388330131463,151.70999999999998
2025-10-24,142.84099898293593,153.48
2025-10-27,144.29879082382192,155.39000000000001
2025-10-28,145.49666628997628,157.78
2025-10-29,144.7960221493954,157.94
2025-10-30,145.83945455230347,159.84
2025-10-31,145.5004331939579,158.82
2025-11-04,146.5099634610314,160.59
2025-11-05,143.90703280973366,156.37
2025-11-06,145.03710400421895,158.06
2025-11-07,142.64511997589182,154.23
2025-11-10,143.5943797792594,154.5
2025-11-11,146.10313783101668,158.35
2025-11-12,146.385655629638,157.79000000000002
2025-11-13,147.15033713790635,158.46
2025-11-14,144.27618939993218,154.91
2025-11-17,144.2121520322447,154.98000000000002
2025-11-18,143.3043281726749,154.32
2025-11-19,142.5132783365352,152.68
2025-11-20,144.58884243040643,155.27
2025-11-21,142.4680754887558,151.79
2025-11-25,145.68877839303875,156.34
2025-11-26,146.78494745168948,156.76000000000002
2025-11-27,147.34998304893207,157.66
2025-11-28,148.02802576562323,158.39000000000001
2025-12-01,148.1297321731269,158.85
2025-12-02,147.24450973744678,158.10999999999999
2025-12-03,147.55339586393944,159.58
2025-12-04,147.70030511922252,159.35
2025-12-05,147.7605755829284,159.02
2025-12-08,148.07699551738426,159.84
2025-12-09,148.39341545184013,160.26
2025-12-10,149.05262364862318,161.4
2025-12-11,149.18823219196142,161.03
2025-12-12,149.53478735827025,160.3
2025-12-15,148.12219836516368,157.56
2025-12-16,146.97705955475195,155.85
2025-12-17,146.1483406787961,155.82
2025-12-18,145.41002749839907,153.73000000000002
2025-12-19,146.7548122198365,156.29
2025-12-22,149.7419670772592,160.12
2025-12-23,149.90394394846876,159.97
2025-12-24,149.8964101405055,160.22
2025-12-25,150.11865747542095,160.34
2025-12-26,150.68369307266357,160.94
2025-12-29,150.55185143330695,160.82
2025-12-30,150.07345462764155,160.17
2026-01-05,149.83990658078125,158.92
2026-01-06,150.4049421780239,159.56
2026-01-07,151.41070554111576,161.0
2026-01-08,151.0792179907334,161.29
2026-01-09,151.39940482917092,160.66
2026-01-13,153.7876219535164,163.61
2026-01-14,154.42799563039137,164.32
2026-01-15,153.1623158925679,161.88
2026-01-16,153.81775718536935,162.59
2026-01-19,152.54831054356424,161.23000000000002
2026-01-20,153.16608279654952,161.88
2026-01-21,150.19776245903492,158.5
2026-01-22,151.99457565826646,160.67000000000002
2026-01-23,153.13594756469658,162.24
2026-01-26,149.36150977511585,158.92
2026-01-27,149.50088522243567,159.06
2026-01-28,148.2352054846122,158.51999999999998
2026-01-29,148.8153086977813,159.75
2026-01-30,148.965984857046,159.42000000000002
2026-02-02,149.79093682902024,159.06
2026-02-03,150.93230873545033,160.54
2026-02-04,150.22413078690624,158.51999999999998
2026-02-05,150.2617998267224,156.49
2026-02-06,148.2992428522997,154.31
2026-02-09,151.56891550834368,157.77
2026-02-10,151.54631408445397,158.18
2026-02-12,148.28417523637322,154.89
2026-02-13,145.54940294571892,151.37
2026-02-16,145.9562285757336,151.79
2026-02-17,146.1935435265755,152.04
2026-02-18,146.28018231815273,151.75
2026-02-19,148.52902399517836,154.51
2026-02-20,148.59306136286585,154.26
2026-02-24,147.55716276792103,153.42
2026-02-25,149.69299732549817,156.06
2026-02-26,151.16962368629223,158.6
2026-02-27,150.2354314988511,156.4
2026-03-02,150.17892793912685,156.67
2026-03-03,151.2524955738878,157.85
2026-03-04,149.91901156439522,156.31
2026-03-05,149.97551512411948,157.59
2026-03-06,149.81353825290992,157.98000000000002
2026-03-09,148.95091724111953,156.86
2026-03-10,149.30877311937317,157.95
2026-03-11,149.4406147587298,158.39000000000001
2026-03-12,150.12619128338417,159.3
2026-03-13,147.89241722228502,156.72
2026-03-16,147.23697592948355,155.92
2026-03-17,148.68346705842467,157.62
2026-03-18,149.01495460880702,158.24
2026-03-19,147.60236561570045,156.66
2026-03-23,144.69808264587337,152.93
2026-03-24,145.47406486608656,153.79
2026-03-25,145.19531397144686,152.78
2026-03-26,146.86781933928503,154.64
2026-03-27,144.41179794327044,151.02
2026-03-30,142.23452744189552,148.48
2026-03-31,141.49998116548008,147.23
2026-04-01,144.72068406976305,151.31
2026-04-02,145.6774776810939,152.96
2026-04-03,146.81131577956077,154.07999999999998
2026-04-06,146.87535314724826,154.14000000000001
2026-04-07,147.60613251968206,155.17000000000002
2026-04-08,146.5966022526086,154.06
2026-04-09,150.57821976117827,158.79000000000002
2026-04-10,151.73089237955324,160.32
2026-04-13,152.10004896975175,161.12
2026-04-14,153.11711304478848,162.17
2026-04-15,154.6050401175274,164.76999999999998
2026-04-16,155.68237465627,166.98999999999998
2026-04-17,156.627867555656,168.42999999999998
2026-04-20,158.25517007571477,170.16
2026-04-21,158.10826082043167,169.64
2026-04-22,157.23433909669643,169.14000000000001
2026-04-23,158.92191208046108,172.23999999999998
2026-04-24,158.74863449730668,171.76
2026-04-27,159.4869476777037,174.78
2026-04-28,159.68659358872944,174.78
2026-04-30,159.47941386974045,174.95000000000002
2026-05-01,158.01785512487288,173.06
2026-05-07,160.65845481598674,179.44
2026-05-08,160.6094850642257,179.99
2026-05-11,161.75839077861903,184.17
2026-05-12,162.5193053829058,185.21
2026-05-13,162.53813990281387,184.04
2026-05-14,163.4911666101631,186.06
2026-05-15,165.39345312087994,188.21
2026-05-18,163.73601536896825,185.84
2026-05-19,163.6192413455381,185.07
2026-05-20,162.57957584661168,183.95999999999998
2026-05-21,164.35755452593511,186.91
2026-05-22,164.99792820281013,187.57999999999998
2026-05-25,165.47255810449394,188.04000000000002
2026-05-26,165.58933212792405,188.17
2026-05-27,167.11492824047914,191.86
2026-05-28,167.41628055900856,192.08
2026-05-29,168.17342825931368,193.35999999999999
2026-06-01,168.64429125701585,194.15
2026-06-02,169.34870230157833,195.67000000000002
2026-06-03,170.02674501826948,196.89000000000001
2026-06-04,168.79873432026218,196.32
2026-06-05,169.63498700418128,195.38
2026-06-08,165.43865596865936,186.46
2026-06-09,165.87561683052698,189.34
2026-06-10,165.6383018796851,187.35999999999999
2026-06-11,163.23878404339473,183.83
2026-06-12,165.64583568764832,189.38
2026-06-15,166.57626097110784,190.6
2026-06-16,169.48807774889818,196.58
2026-06-17,168.6970279127585,193.09
2026-06-18,166.95671827325123,191.59
2026-06-19,169.26583041398274,196.77
2026-06-22,169.71785889177684,197.3
2026-06-23,169.20555995027686,196.96
2026-06-24,166.8926809055637,190.51
2026-06-25,167.02828944890194,189.87
2026-06-26,167.26183749576222,191.39
2026-06-29,166.7344709383358,189.12
2026-06-30,169.6462877161261,194.14000000000001
2026-07-01,171.35269521979885,197.84
2026-07-02,170.91573435793123,194.70000000000002
2026-07-03,169.22816137416658,189.92
2026-07-06,169.5558820205673,190.29
2026-07-07,171.48453685915547,193.37
2026-07-08,170.77259200662976,190.22
2026-07-09,170.3280973367989,190.94
2026-07-10,171.38283045165178,193.56
2026-07-13,171.9440991449128,194.18
2026-07-14,170.82156175839077,190.78
2026-07-15,171.2773571401665,192.68
2026-07-16,171.91019700907825,192.19
2026-07-17,171.36776283572533,189.42000000000002
2026-07-21,169.4052058613026,186.71
2026-07-22,171.57494255471428,191.07
2026-07-23,171.213319772479,189.94
2026-07-24,170.19625569744227,187.39
2026-07-27,169.90997099483934,184.88
2026-07-28,170.2226240253136,184.44
2026-07-29,170.4637058801371,182.49
2026-07-30,167.68373074170339,178.54000000000002
2026-07-31,167.4953855426225,181.39000000000001
2026-08-03,163.21618261950505,176.89
2026-08-04,167.4464157908615,181.91
2026-08-05,170.72362225486873,188.13
2026-08-06,170.44863826421064,186.84
2026-08-07,171.1040795570121,187.12
2026-08-10,171.60884469054884,188.54999999999998
2026-08-12,172.62214186160395,188.98999999999998
2026-08-13,173.16834293893848,190.39
2026-08-14,174.3097148453686,192.6
2026-08-17,173.76351376803404,191.98
2026-08-18,173.409424793762,192.13
2026-08-19,171.93279843296793,188.82000000000002
2026-08-20,171.33386069989075,187.29
2026-08-21,170.5051418239349,186.73
2026-08-24,170.90066674200474,186.95999999999998
2026-08-25,170.82156175839077,185.63
2026-08-26,171.19825215655254,186.7
2026-08-27,171.28865785211136,186.86
2026-08-28,172.6146080536407,189.78
2026-08-31,172.70501374919954,189.19
2026-09-01,171.9214977210231,189.08
2026-09-02,171.0890119410856,187.21
2026-09-03,170.17742117753417,185.79000000000002
2026-09-04,168.7196293366482,184.38000000000002
2026-09-07,168.4785474818247,185.10999999999999
2026-09-08,166.0903303574792,182.48
2026-09-09,165.15613817003805,182.26
2026-09-10,164.25584811843146,181.70999999999998
2026-09-11,164.2181790786153,180.85
