date,sbi-sp_start_100,rakuten-vti_start_100
2023-09-11,100.0,100.0
2023-09-12,100.486322,100.45723394437687
2023-09-13,100.35538932729722,100.37333780779396
2023-09-14,100.36941800717129,100.28944167121104
2023-09-15,101.54313798134716,101.45140316288435
2023-09-19,100.46761743420186,100.33977935316078
2023-09-20,100.34136078404848,100.15940265950753
2023-09-21,99.79892441837237,99.6686102604975
2023-09-22,97.67594082080086,97.46214186836696
2023-09-25,97.97989174372526,97.7977264146986
2023-09-26,98.68599461136449,98.48567473467847
2023-09-27,97.32522724770763,97.15172616301018
2023-09-28,97.72270250253499,97.62154452787449
2023-09-29,98.19967235504448,98.21720709761316
2023-10-02,98.10147268268943,98.07038885859306
2023-10-03,98.1809672490484,98.02424598347245
2023-10-04,96.47416378733944,96.20789462645246
2023-10-05,96.89969588793919,96.627375309367
2023-10-06,96.74070577391714,96.4973362976635
2023-10-10,98.43815689370861,98.1668694156634
2023-10-11,98.9805934666004,98.80867486052267
2023-10-12,99.79892443133892,99.59729854440204
2023-10-13,99.64928692203581,99.24493477075382
2023-10-16,98.9057746940173,98.4605058937036
2023-10-17,99.92518068886459,99.59729854440204
2023-10-18,100.10287563917997,99.89512982927137
2023-10-19,98.7888702369585,98.43953185955787
2023-10-20,98.00794915717886,97.56281723226645
2023-10-23,96.74538233383083,96.30856999035194
2023-10-24,96.49754485063713,95.96459583036201
2023-10-25,97.36263762041949,96.83711565082427
2023-10-26,96.18424106565115,95.58286840890977
2023-10-27,95.0713114872863,94.64742648601032
2023-10-30,94.3231230829961,93.8168547338395
2023-10-31,95.23030118649005,94.67679013381434
2023-11-01,97.05400906936194,96.53089475229666
2023-11-02,97.56838852364893,96.95037543521121
2023-11-06,99.69604773692586,99.36658416879902
2023-11-07,100.17301755635077,99.68958429464323
2023-11-08,100.83235836136704,100.36075338730652
2023-11-09,101.19242365481038,100.62083141071354
2023-11-10,100.65933994314837,99.9916103863417
2023-11-13,102.41758179877031,101.66533831117077
2023-11-14,102.35679184309365,101.64436427702503
2023-11-15,103.5538923957116,103.14191031502999
2023-11-16,104.24596584044848,103.85922228281387
2023-11-17,103.99345187985283,103.39359872477874
2023-11-20,103.59130088195727,103.09576743990941
2023-11-21,103.13771186826351,102.65531272284912
2023-11-22,102.98807451899943,102.49171525651244
2023-11-24,104.32078448814732,103.81307940769327
2023-11-27,104.3020797714886,103.84663786232645
2023-11-28,103.17044496982066,102.7643777004069
2023-11-29,102.42693271428335,101.99672805067325
2023-11-30,102.45031371021405,102.12676706237677
2023-12-01,103.41360585838375,103.10835186039682
2023-12-04,102.98339801906047,102.94055958723101
2023-12-05,102.98339801906047,103.09157263308025
2023-12-06,103.03015969059899,102.96992323503503
2023-12-07,102.53916122218065,102.4707412223667
2023-12-08,100.59387233758564,100.55790930827635
2023-12-11,102.53448506141851,102.54205293846219
2023-12-12,103.26864427859648,103.30131297453752
2023-12-13,103.60065296995215,103.51524812282393
2023-12-14,102.74958914590194,102.86924787113554
2023-12-15,103.05821705932358,103.47749486136163
2023-12-18,102.68412294547342,103.12093628088425
2023-12-19,103.6146813802071,103.92214438525107
2023-12-20,105.21860970815557,105.65879441251731
2023-12-21,103.27799765377004,103.68723520281891
2023-12-22,103.4463397571657,103.95570283988422
2023-12-25,103.60065376557166,104.10671588573346
2023-12-26,103.63806292563986,104.14446914719578
2023-12-27,104.44236476782562,105.03796300180377
2023-12-28,103.9373378906854,104.53878098913545
2023-12-29,103.94669017234881,104.47585888669826
2024-01-04,103.40425372488653,103.54880657745711
2024-01-05,104.20855579333706,104.42132639791937
2024-01-09,105.07364832968324,105.31062544569822
2024-01-10,105.33083814943629,105.62943076471329
2024-01-11,106.72433775213541,106.87528839296951
2024-01-12,106.4437669388887,106.56487268761275
2024-01-15,106.3829769035899,106.47258693737155
2024-01-16,106.92073753268869,107.00952221150214
2024-01-17,107.67827737335205,107.62615881538655
2024-01-18,107.67360090576572,107.57162632660766
2024-01-19,108.5761027240457,108.4693149880448
2024-01-22,109.9088124966048,109.79487394605478
2024-01-23,110.1145639917747,110.23532866311507
2024-01-24,110.45592464587742,110.44926381140148
2024-01-25,110.32031569807117,110.2017702084819
2024-01-26,110.8206668707008,110.69256260749192
2024-01-29,111.16202777086261,111.00717311967784
2024-01-30,111.31166519968554,111.35953689332607
2024-01-31,111.36310343329097,111.3343680523512
2024-02-01,109.03436841840777,108.94332815973824
2024-02-02,110.19406014159333,110.1388481060447
2024-02-05,113.04185041739716,112.79416082889382
2024-02-06,112.56955704467926,112.20269306598432
2024-02-07,112.31236712630815,111.97617349721045
2024-02-08,113.43932514178489,113.0668232727883
2024-02-09,114.57095954881531,114.39657703762742
2024-02-13,115.05260555137215,115.09291497126557
2024-02-14,114.41664537103063,114.2287847644616
2024-02-15,115.35655637359102,115.34040857418515
2024-02-16,115.95510693764666,116.04933092831075
2024-02-19,115.19288995680488,115.26490205126055
2024-02-20,115.45943248101813,115.5291748814967
2024-02-21,114.65980663542759,114.6356810268887
2024-02-22,115.07131036205953,114.95868115273291
2024-02-26,117.38601694922961,117.16095473803432
2024-02-27,117.18961723041168,117.03511053315995
2024-02-28,117.27846453871493,117.23646126095892
2024-02-29,117.23170326933405,117.1693443516926
2024-03-01,117.38134133233812,117.38747430680819
2024-03-04,118.33060541350615,118.28516296824532
2024-03-05,118.45218537734429,118.43198120726541
2024-03-06,116.98854279394769,116.88829229413986
2024-03-07,116.80149566230158,116.77922731658208
2024-03-08,117.03998095614487,117.00155207852679
2024-03-11,115.51554807858899,115.50820084735098
2024-03-12,115.44072981325397,115.34460338101431
2024-03-13,117.20832363593559,117.02252611267252
2024-03-14,117.14753353888182,116.99316246486848
2024-03-15,117.61047481897006,117.25743529510466
2024-03-18,117.37666637113469,117.1315910902303
2024-03-19,118.07341661024708,117.69369520533579
2024-03-21,120.97264559546672,120.77268341792859
2024-03-22,122.01543221995257,121.90947606862703
2024-03-25,121.68810019978176,121.3977096354713
2024-03-26,121.29997722107558,121.04534586182308
2024-03-27,121.1503391431761,121.0201770208482
2024-03-28,122.16039253917718,122.0437098871597
2024-03-29,122.05751638620424,122.03112546667225
2024-04-01,122.07622048001525,122.04790469398885
2024-04-02,122.17909655253818,122.2198917739838
2024-04-03,121.25321358453532,120.9656445320693
2024-04-04,121.47299352188223,121.26347581693864
2024-04-05,119.39209554743589,119.22060489114476
2024-04-08,121.29997526467913,121.06212508913966
2024-04-09,121.49169836658322,121.34737195352155
2024-04-10,121.51507944393384,121.38932002181299
2024-04-11,121.28127106442498,120.97822895255675
2024-04-12,122.21650611717136,121.86333319350643
2024-04-15,120.84171097233522,120.39515080330551
2024-04-16,120.06078954143318,119.66105960820504
2024-04-17,120.1356078236517,119.58555308528042
2024-04-18,119.15828783502118,118.6333319350644
2024-04-19,119.12087809055538,118.6165527077478
2024-04-22,118.152910173653,117.71466923948152
2024-04-23,119.21440182629861,118.90599437895885
2024-04-24,120.72012979141356,120.3280338940392
2024-04-25,121.15501440137673,120.87755358865724
2024-04-26,120.8323580016734,120.48324174671757
2024-04-30,123.34813965318216,122.97495700323
2024-05-01,122.23053396600334,121.77524225009438
2024-05-02,120.43488308297432,120.05956625697387
2024-05-07,122.68412375508314,122.44221653592852
2024-05-08,123.52115949938569,123.22245060614958
2024-05-09,124.08230006924069,123.69226897101389
2024-05-10,124.83048779972918,124.45991862074752
2024-05-13,125.20925845225015,124.79969797390831
2024-05-14,125.52256206711971,125.1688409748731
2024-05-15,126.25204522315214,125.91551659046101
2024-05-16,125.67219987993307,125.35341247535553
2024-05-17,126.76642521084362,126.34758169386299
2024-05-20,127.22469090863784,126.79642602458156
2024-05-21,127.81856558782407,127.39628340114936
2024-05-22,128.02899329235132,127.53051721968203
2024-05-23,128.14122094729152,127.57246528797349
2024-05-24,127.38368080294416,126.68316624019465
2024-05-27,128.0102887718347,127.36272494651621
2024-05-28,128.07107957786954,127.41725743529511
2024-05-29,128.54337370158285,127.79059524308907
2024-05-30,127.82324287169686,126.91807542262679
2024-05-31,126.26140006639346,125.59251646461679
2024-06-03,127.71569023588418,126.91388061579765
2024-06-04,127.27612986764242,126.38114014849616
2024-06-05,126.48117970638602,125.42472419145099
2024-06-06,128.37970648219178,127.35014052602878
2024-06-07,128.37970648219178,127.26204958261671
2024-06-10,129.19336037251406,128.00033558454632
2024-06-11,129.876081393469,128.69247871135534
2024-06-12,130.07248130251304,128.8099333025714
2024-06-13,130.88613540132798,129.75795964595832
2024-06-14,131.48468555168634,130.16905071521455
2024-06-17,131.76993237306274,130.24875204496834
2024-06-18,132.99041447608718,131.41490834347078
2024-06-19,133.52349857308968,131.9308695834557
2024-06-20,133.6918409943857,132.0986618566215
2024-06-21,134.11269622524398,132.5517009941692
2024-06-24,134.4727619920695,132.9921557112295
2024-06-25,133.84615388410458,132.50136331221947
2024-06-26,134.58499000739099,133.12219472293302
2024-06-27,135.57166352368287,133.9527664751038
2024-06-28,136.02525241691723,134.51067578338018
2024-07-01,135.59036880292015,134.13733797558623
2024-07-02,136.30114707522193,134.80850706824953
2024-07-03,137.09142112596408,135.50484500188767
2024-07-04,137.59177191113278,135.94529971894792
2024-07-05,137.33458261924105,135.68941650237008
2024-07-08,137.8068762488686,136.05855950333486
2024-07-09,138.09212270201613,136.39414404966652
2024-07-10,138.75614005495,136.86815722135998
2024-07-11,140.23848716233246,138.34892403204833
2024-07-12,136.79682292725317,135.49226058140022
2024-07-16,137.47954440721384,136.39833885649566
2024-07-17,138.34931286929242,137.6106380301187
2024-07-18,134.11269858451436,133.3612987121943
2024-07-19,134.50082073421794,133.58362347413902
2024-07-22,133.64508078242778,132.78661017660136
2024-07-23,134.3465076337587,133.4913377238978
2024-07-24,133.38321496125803,132.6523763580687
2024-07-25,128.26280273557836,127.57666009480263
2024-07-26,128.2581262737906,127.72347833382274
2024-07-29,129.37573167386506,128.93577750744578
2024-07-30,129.74047291162933,129.21682956499853
2024-07-31,127.68763222310464,127.30399765090819
2024-08-01,127.29951034244667,126.8006208314107
2024-08-02,125.48983068737924,124.73677587147111
2024-08-05,119.88309689496228,118.91438399261713
2024-08-06,115.91302428156934,115.03418767565753
2024-08-07,118.71872917169104,117.85309786484332
2024-08-08,117.22702952683603,116.28004530391377
2024-08-09,121.14566419083144,120.19380007550653
2024-08-13,121.45896747319185,120.36998196233064
2024-08-14,123.28735246922888,122.19052812617979
2024-08-15,123.9046078595954,122.76102185494358
2024-08-16,127.50993829438902,126.36016611435043
2024-08-19,126.7523979256839,125.64285414656655
2024-08-20,126.68693157967925,125.55895800998364
2024-08-21,125.74702096438057,124.52703553001385
2024-08-22,126.02759148996694,124.98846428121986
2024-08-23,125.74234442021628,124.66546415537564
2024-08-26,124.75567190686661,123.89781450564202
2024-08-27,125.56932590392975,124.70321741683796
2024-08-28,125.22796569145993,124.30890557489826
2024-08-29,124.73696687445823,123.77197030076765
2024-08-30,124.99415703697798,124.12433407441587
2024-09-02,127.41173902495811,126.56571164897856
2024-09-03,128.21136490613964,127.36272494651621
2024-09-04,124.12906376298218,123.13016485590838
2024-09-05,122.4549934206708,121.49838499937078
2024-09-06,121.68342409992611,120.65942363354168
2024-09-09,119.284546125712,118.27257854775787
2024-09-10,121.2485399350717,120.16024162087335
2024-09-11,120.56114195016158,119.44712445991863
2024-09-12,122.41290683800219,121.25928101010948
2024-09-13,122.3334118963016,121.14182641889342
2024-09-17,122.49707809807529,121.55711229497881
2024-09-18,123.29202778627588,122.41285288812452
2024-09-19,124.6387663325098,123.84747682369226
2024-09-20,126.02758993161206,125.17303578170225
2024-09-24,126.95347304573494,126.07911405679768
2024-09-25,126.95347304573494,126.03716598850623
2024-09-26,127.82324144584909,126.74608834263181
2024-09-27,129.14659929923522,128.11779017576242
2024-09-30,126.4624744953696,125.48764629388816
2024-10-01,128.23006832313578,127.19073786652125
2024-10-02,126.8880060165624,125.88195813582786
2024-10-03,129.7124150246455,128.70086832501363
2024-10-04,129.1185410008208,128.0800369143001
2024-10-07,131.84475116669756,130.85699903519443
2024-10-08,130.1613283779559,129.16229707621966
2024-10-09,131.69978972291844,130.56336255715425
2024-10-10,133.6263732668591,132.50136331221947
2024-10-11,132.7004908253941,131.52397332102856
2024-10-15,135.52490001516597,134.51906539703847
2024-10-16,134.15010425868513,133.25642854146565
2024-10-17,135.0292247709194,134.246402953144
2024-10-18,135.48748965453146,134.65749402240027
2024-10-21,135.37526130222594,134.55262385167163
2024-10-22,136.34322961810477,135.3076890809178
2024-10-23,136.8201991382778,135.7187801501741
2024-10-24,136.8435803421085,135.74814379797812
2024-10-25,136.59106698861063,135.55098787700825
2024-10-28,137.68996807483674,136.57032593649063
2024-10-29,137.65255908741048,136.6584168799027
2024-10-30,138.2090236870981,137.17857292671673
2024-10-31,138.0874425910508,137.13243005159612
2024-11-01,133.9864374876418,133.18092201854103
2024-11-05,134.60369290718174,133.8395066907169
2024-11-06,136.5910666295899,135.91174126431477
2024-11-07,141.60392599303987,141.33562649439992
2024-11-08,141.32335480615578,140.9455094592894
2024-11-11,141.95931414248412,141.6082889382944
2024-11-12,142.7121783299211,142.6402114182642
2024-11-13,143.3341094403522,143.13519862410337
2024-11-14,144.1430871540335,143.80636771676666
2024-11-15,144.20855406135712,143.72666638701287
2024-11-18,140.10754831678918,139.6451193422543
2024-11-19,140.7996221613793,140.328872855405
2024-11-20,141.70212380349795,141.36499014220396
2024-11-21,141.9593131582013,141.6460421997567
2024-11-22,142.11362719038368,142.07391249632954
2024-11-25,142.33808287430443,142.5227568270481
2024-11-26,142.78232003095513,143.20651034019883
2024-11-27,142.31937834254197,142.4682243382692
2024-11-28,140.84170754747456,141.02521078904314
2024-11-29,139.88776835283355,140.068794831998
2024-12-02,140.13560611314657,140.36243131003818
2024-12-03,140.28991923853022,140.38760015101303
2024-12-04,140.1917191008616,140.2533663324804
2024-12-05,141.59457137063666,141.72574352951045
2024-12-06,141.05681076397383,141.03360040270147
2024-12-09,141.14098218409293,141.22656151684214
2024-12-10,141.98736936900536,141.90612022316373
2024-12-11,141.87981677645573,141.6754058475607
2024-12-12,143.46036361053814,143.3239649314149
2024-12-13,143.30137366256673,143.08486094215363
2024-12-16,144.13373252641708,143.85251059188724
2024-12-17,145.0222060044684,144.7627836738118
2024-12-18,143.9233045891357,143.55467930701792
2024-12-19,140.79026695619572,140.1988338437015
2024-12-20,143.46503846120163,142.71991274801798
2024-12-23,143.9560375127824,143.21909476068626
2024-12-24,145.611403823306,144.6579135030832
2024-12-25,147.0329613631837,146.13029070011325
2024-12-26,147.07972372621566,146.17643357523386
2024-12-27,147.77647420584316,146.94827803179663
2024-12-30,146.2567173008744,145.35844624355047
2025-01-06,145.1297595667873,144.43558874113847
2025-01-07,146.42506008649204,145.69822559671127
2025-01-08,144.66681871423606,143.95318595578675
2025-01-09,145.16716916011387,144.393640672847
2025-01-10,144.93803730031155,144.1713159109023
2025-01-14,142.3801693686553,141.683795461219
2025-01-15,143.02080466932446,142.45983472461091
2025-01-16,144.13841071304392,143.58823776165107
2025-01-17,142.81505290214173,142.36754897436975
2025-01-20,144.94738875326038,144.45236796845504
2025-01-21,144.96609276430513,144.4649523889425
2025-01-22,145.76571848368837,145.38361508452536
2025-01-23,147.48187513602707,146.98603129325895
2025-01-24,148.13186315540156,147.5984730903142
2025-01-27,147.0002290439681,146.47845966693234
2025-01-28,144.53120878693872,144.00352363773646
2025-01-29,146.25204071811865,145.75275808549014
2025-01-30,144.75098874828987,144.2719912748018
2025-01-31,145.19990209467517,144.86345903771132
2025-02-03,145.61608131405404,145.2661604933093
2025-02-04,144.3348097830541,143.86928981920383
2025-02-05,144.09632537684956,143.71827677335457
2025-02-06,143.32007991300773,143.01354922605813
2025-02-07,142.59994953987442,142.13683459876674
2025-02-10,141.8377328455909,141.47824992659088
2025-02-12,144.18984924502925,143.52951046604304
2025-02-13,144.8865991088556,144.22165359285205
2025-02-14,144.8024272391033,144.12097822895257
2025-02-17,143.95603967559947,143.25265321531944
2025-02-18,143.7269077263686,143.02613364654556
2025-02-19,144.59199998397364,143.873484626033
2025-02-20,143.9794215168415,143.1226142036159
2025-02-21,142.17441773981875,141.1594446075758
2025-02-25,139.4435315238723,138.18532656571165
2025-02-26,137.54968059491617,136.29766349259614
2025-02-27,137.9284511503704,136.6332480389278
2025-02-28,136.11409478754953,134.909182432149
2025-03-03,139.0320284442891,137.79940433743025
2025-03-04,135.46878353889184,134.1625068165611
2025-03-05,134.38858661677293,133.0299089726918
2025-03-06,135.32849770379892,133.98632492973698
2025-03-07,131.8353958144985,130.45429757959647
2025-03-10,131.9289198442893,130.46268719325477
2025-03-11,127.84661953034191,126.30563362557155
2025-03-12,128.00560958638982,126.61604933092832
2025-03-13,128.82394048808297,127.43403666261169
2025-03-14,127.18260368000014,125.68480221485801
2025-03-17,130.20808831946783,128.79315407525485
2025-03-18,131.80266344393985,130.46268719325477
2025-03-19,130.55412449169472,129.19166072402365
2025-03-21,131.063827376829,129.79571290742064
2025-03-24,131.7512256961019,130.49205084105878
2025-03-25,135.07131047071468,133.9234028272998
2025-03-26,134.72059781307746,133.48294811023953
2025-03-27,133.49544061332946,132.2538697092999
2025-03-28,133.54687907650657,132.1154410839381
2025-03-31,129.53004536389307,128.11779017576242
2025-04-01,130.56815614065928,129.03645287134526
2025-04-02,131.06383072613448,129.489492008893
2025-04-03,130.08651002126092,128.75959562062167
2025-04-04,122.39887859909149,120.79365745207433
2025-04-07,115.14145496256225,113.51147279667771
2025-04-08,116.21229927907781,114.68182390200931
2025-04-09,112.66775907217834,111.0491211879693
2025-04-10,124.36287301248161,123.58739880028524
2025-04-11,117.39069612109444,115.79344771173288
2025-04-14,119.19570016028023,117.47976005704936
2025-04-15,120.72948539884567,118.89760476530056
2025-04-16,119.79892667128844,118.10478627459204
2025-04-17,116.8529368896436,115.32362934686857
2025-04-18,116.95581304675189,115.50400604052184
2025-04-21,115.95978810389246,114.51403162884348
2025-04-22,112.9763885907301,111.56927723478334
2025-04-23,116.7547381676058,115.33621376735601
2025-04-24,119.33598694543667,118.0083057175217
2025-04-25,121.96399688978985,120.61747556525022
2025-04-28,123.32943993840959,121.82557993204412
2025-04-30,123.2078593099295,121.79621628424012
2025-05-01,123.68950593770107,122.2912034900793
2025-05-02,127.10779036069042,125.57154243047108
2025-05-07,124.59200814889854,123.22664541297874
2025-05-08,125.68623372270602,124.26276269977767
2025-05-09,128.43582495395117,127.13620537774236
2025-05-12,128.38906275444367,127.11523134359663
2025-05-13,134.40262414139272,133.11380510927472
2025-05-14,134.76269011549377,133.4997273375561
2025-05-15,133.97241609574536,132.63559713075213
2025-05-16,133.5281796406618,132.08607743613408
2025-05-19,134.25298662313284,132.85792189269685
2025-05-20,134.74398470099015,133.3151558370737
2025-05-21,133.30839938150842,131.9224799697974
2025-05-22,130.2548571815355,128.80573849574228
2025-05-23,130.8159977113707,129.27136205377744
2025-05-26,128.88473759027818,127.471789924074
2025-05-27,128.55272921739822,127.13620537774236
2025-05-28,132.7285537995495,131.28906413859642
2025-05-29,133.79004509941922,132.32098661856622
2025-05-30,132.30769822623347,130.76471328495322
2025-06-02,131.94763208704964,130.43751835227988
2025-06-03,131.9756894315366,130.37459624984268
2025-06-04,133.8087499328132,132.34615545954108
2025-06-05,132.54618275385965,131.1674147405512
2025-06-06,132.87819105973065,131.38134988883763
2025-06-09,135.2910968979823,133.96535089559126
2025-06-10,135.2583632170878,133.89823398632493
2025-06-11,136.24503645699838,134.8168966819078
2025-06-12,135.09937374463735,133.69688325852596
2025-06-13,134.63175563328875,133.15994798439533
2025-06-16,134.3839187659312,132.82016863123454
2025-06-17,136.29179816895245,134.7413901589832
2025-06-18,135.3939732226785,133.8772599521792
2025-06-19,134.9637656424621,133.52070137170182
2025-06-20,135.3565641859879,133.91081840681235
2025-06-23,136.04863823797396,134.65749402240027
2025-06-24,136.71733089977744,135.22798775116408
2025-06-25,137.59177631538572,136.18859851503836
2025-06-26,137.41408203994544,135.79009186626956
2025-06-27,138.2885261699924,136.74650782331474
2025-06-30,139.1910275152535,137.58546918914385
2025-07-01,138.7608200631402,137.17018331305843
2025-07-02,138.709382814751,137.17857292671673
2025-07-03,139.2611715137757,137.83296279206343
2025-07-04,141.42156488276177,139.9303662066362
2025-07-07,141.20646126835942,139.71643105834977
2025-07-08,141.70213548522054,140.22400268467635
2025-07-09,142.3801802035173,140.9832627207517
2025-07-10,142.24924738980215,140.8993665841688
2025-07-11,143.41829153464082,142.0235748143798
2025-07-14,143.25462544870732,141.76769159780193
2025-07-15,144.18518457488202,142.74088678216367
2025-07-16,144.88193496785874,143.2946012836109
2025-07-17,144.8304975344871,143.31557531775664
2025-07-18,145.8732843582603,144.42300432065102
2025-07-22,144.8679067189362,143.31977012458577
2025-07-23,143.8952621445462,142.51856202021898
2025-07-24,145.13912444748135,143.73925080750033
2025-07-25,146.1491780937275,144.59079659381686
2025-07-28,147.07506090529506,145.57657619866603
2025-07-29,147.8045443828817,146.29388816644993
2025-07-30,147.13585149732097,145.547212550862
2025-07-31,148.08043865083903,146.49523889424893
2025-08-01,148.90812093543843,147.22513528252023
2025-08-04,143.3995866429731,141.76349679097277
2025-08-05,144.92869658723137,143.33654935190233
2025-08-06,144.86790624544787,143.33654935190233
2025-08-07,145.9761602150162,144.34330299089726
2025-08-08,145.48516210132496,143.86090020554553
2025-08-12,147.48188921195242,145.6101346532992
2025-08-13,148.43115344222738,146.77209614497252
2025-08-14,147.79051716241307,146.33164142791225
2025-08-15,148.76783811754606,147.08670665715843
2025-08-18,148.28619182789183,146.59171945131925
2025-08-19,148.6369049830459,147.04056378203785
2025-08-20,147.65958463266327,145.98347246109316
2025-08-21,147.03765279836142,145.3710306640379
2025-08-22,147.48188883650195,145.87860229036454
2025-08-25,148.64158022335226,147.32581064641974
2025-08-26,147.72505029403186,146.32325181425395
2025-08-27,148.7070466568594,147.38034313519864
2025-08-28,148.91279772661383,147.64461596543478
2025-08-29,148.93150266313626,147.6739796132388
2025-09-01,148.4358288359728,147.15382356642476
2025-09-02,148.4966192453143,147.21674566886196
2025-09-03,148.85668493786318,147.63203154494735
2025-09-04,148.84265668387465,147.49360291958556
2025-09-05,150.2922710395565,149.0289022190528
2025-09-08,150.1052232907115,148.97017492344477
2025-09-09,149.3804162032166,148.3367590922438
2025-09-10,149.89011861514777,148.68073325223375
2025-09-11,150.36708845829656,149.1002139351483
2025-09-12,151.3210277931722,150.21183774487184
2025-09-16,152.30770142279482,150.9627081672889
2025-09-17,151.10124775059265,149.75460380049498
2025-09-18,151.36779035162468,150.0608246990226
2025-09-19,153.17746948285142,152.10369562481648
2025-09-22,154.14076123051234,152.92168295649986
2025-09-24,153.62170608973713,152.30504635261545
2025-09-25,154.06126694980583,152.69096858089685
2025-09-26,154.37457056411296,152.9174881496707
2025-09-29,154.6831977493304,153.27824153697722
2025-09-30,154.72996002684198,153.28663115063551
2025-10-01,154.55694098554,153.05172196820337
2025-10-02,154.07997053781156,152.56512437602248
2025-10-03,154.472769688303,153.00557909308276
2025-10-06,156.96984672595755,155.55602164520323
2025-10-07,158.22773715028376,156.86480137589663
2025-10-08,159.58850360116307,158.01837325391165
2025-10-09,160.95862356878524,159.5159192919166
2025-10-10,160.89315686782112,159.32715298460508
2025-10-14,158.32593600324876,156.91094425101724
2025-10-15,157.25509220205336,156.01745039640923
2025-10-16,156.96984561775713,155.7825412139771
2025-10-17,155.37059444874512,153.97877427744453
2025-10-20,157.07739791588452,155.54763203154496
2025-10-21,158.25579412582346,156.8228533076052
2025-10-22,159.44354184212835,158.0015940265951
2025-10-23,159.20973383237106,157.61147699148455
2025-10-24,160.55647304988568,159.06707496119802
2025-10-27,162.20248677264,160.69046520407736
2025-10-28,163.6801579152382,162.02441377574564
2025-10-29,163.07693106125737,161.24417970552457
2025-10-30,164.4283463274234,162.40614119719788
2025-10-31,164.06828113463564,162.02860858257478
2025-11-04,165.15783069804297,163.15281681278577
2025-11-05,162.3147162667566,160.2542052938462
2025-11-06,163.38556001382474,161.51264734258987
2025-11-07,160.8136637995459,158.84894500608246
2025-11-10,161.7021367781255,159.90603632702712
2025-11-11,164.66215583866102,162.69977767523804
2025-11-12,164.95207814306775,163.01438818742398
2025-11-13,165.83119849113513,163.8659339737405
2025-11-14,162.84312260838703,160.66529636310247
2025-11-17,162.75895225517317,160.593984647007
2025-11-18,161.89853681961335,159.58303620118292
2025-11-19,160.78093017313776,158.70212676706237
2025-11-20,163.16577924011224,161.01346532992156
2025-11-21,160.90250997958822,158.65178908511263
2025-11-25,164.2553272944636,162.23834892403204
2025-11-26,165.26538093604216,163.4590377113134
2025-11-27,165.90134030107595,164.08825873568523
2025-11-28,166.6635574189552,164.84332396493141
2025-12-01,166.7711087458288,164.95658374931836
2025-12-02,165.83119678320386,163.97080414446913
2025-12-03,166.2614043654587,164.31477830445908
2025-12-04,166.2567274321539,164.47837577079576
2025-12-05,166.20528926325366,164.5454926800621
2025-12-08,166.6448490676624,164.89785645371032
2025-12-09,166.99556148476776,165.25022022735854
2025-12-10,167.76245353181864,165.984311422459
2025-12-11,167.76245353181864,166.13532446830823
2025-12-12,168.00093792526133,166.52124669658963
2025-12-15,166.5185900495247,164.94819413566003
2025-12-16,165.32616541285316,163.6729728595998
2025-12-17,164.40963517682235,162.7501153571878
2025-12-18,163.57727522861995,161.9279332186753
2025-12-19,165.05494727285222,163.42547925668023
2025-12-22,168.4077645354877,166.75196107219264
2025-12-23,168.4825830530379,166.9323377658459
2025-12-24,168.6930110599678,166.9239481521876
2025-12-25,168.92681957329694,167.1714417551072
2025-12-26,169.5627800602127,167.800662779479
2025-12-29,169.53939904847022,167.65384454045892
2025-12-30,169.03904759242243,167.12110407315743
2026-01-05,168.67430527787036,166.86102604975042
2026-01-06,169.16062703484752,167.49024707412224
2026-01-07,170.1052149013913,168.6102604975041
2026-01-08,169.7638545603358,168.2411174965393
2026-01-09,170.04910197459938,168.59767607701664
2026-01-13,172.70049396865917,171.2571836066949
2026-01-14,173.40659720829942,171.97030076764966
2026-01-15,171.83540164857834,170.56084567305675
2026-01-16,172.49474267647403,171.29074206132807
2026-01-19,171.03110063560015,169.87709215990603
2026-01-20,171.72317456370013,170.5650404798859
2026-01-21,168.3048908299335,167.25953269851922
2026-01-22,170.25017895473275,169.26045555602164
2026-01-23,171.50339392702213,170.53148202525276
2026-01-26,167.51461601201774,166.32828558244893
2026-01-27,167.80453858338822,166.48349343512731
2026-01-28,166.4718282257774,165.07403834053443
2026-01-29,167.1826063318799,165.7200385922228
2026-01-30,167.38835796549253,165.88783086538865
2026-02-02,168.61351520453147,166.80649356097152
2026-02-03,169.8620544451071,168.0775200302026
2026-02-04,168.90343794084612,167.28889634632324
2026-02-05,168.88005663793194,167.3308444146147
2026-02-06,166.7711010674437,165.1453500566299
2026-02-09,170.15665114635144,168.7864423843282
2026-02-10,170.09586098116287,168.76127354335333
2026-02-12,166.52326277079666,165.1285708293133
2026-02-13,163.5445396076336,162.08314107135365
2026-02-16,163.79237663840044,162.53618020890138
2026-02-17,164.05891924875166,162.80045303913755
2026-02-18,164.24129042456696,162.8969335962079
2026-02-19,166.7290154751311,165.40123327320777
2026-02-20,166.68692973704486,165.47254498930323
2026-02-24,165.87795139469068,164.31897311128822
2026-02-25,168.1225156237518,166.69742858341374
2026-02-26,169.89011035994076,168.34179286043877
2026-02-27,168.56207596945487,167.3014807668107
2026-03-02,168.57142779342968,167.23855866437353
2026-03-03,169.6703280740723,168.43407861068
2026-03-04,168.37970357632437,166.94911699316245
2026-03-05,168.4077606863313,167.01203909559965
2026-03-06,168.4171123692822,166.8316624019464
2026-03-09,167.49590613221582,165.8710516380721
2026-03-10,167.90273358870223,166.2695582868409
2026-03-11,168.14589536456742,166.41637652586098
2026-03-12,168.86602556085793,167.17983136876546
2026-03-13,166.47182447519327,164.6923109190822
2026-03-16,165.71896064315897,163.96241453081086
2026-03-17,167.3088600656214,165.57322035320274
2026-03-18,167.58007776631936,165.94236335416755
2026-03-19,165.99485402068885,164.369310793238
2026-03-23,162.7916745619312,161.13511472796677
2026-03-24,163.46971979356584,161.99924493477076
2026-03-25,163.10965484995972,161.68882922941398
2026-03-26,164.8819244358285,163.55132346155457
2026-03-27,162.05283915587745,160.8163094089517
2026-03-30,159.65396125468266,158.3917110617056
2026-03-31,158.99462072895346,157.57372373002224
2026-04-01,162.48304697489567,161.16028356894165
2026-04-02,163.61468127834843,162.2257645035446
2026-04-03,164.8024289679141,163.48840135911743
2026-04-06,164.87724762264128,163.5597130752129
2026-04-07,165.68622608196415,164.37350560006712
2026-04-08,164.54523948408655,163.24929736985612
2026-04-09,168.96890167506743,167.6832081882629
2026-04-10,170.36707878389223,168.96681907798146
2026-04-13,170.8674298575726,169.3779101472377
2026-04-14,171.84007390661958,170.510507991107
2026-04-15,173.56558195114255,172.16745668861947
2026-04-16,174.84685349104083,173.36717144175512
2026-04-17,175.8896401252614,174.42006795587065
2026-04-20,177.58709123963266,176.2322245060615
2026-04-21,177.25040742509327,176.06862703972482
2026-04-22,176.3058205063801,175.09543185536307
2026-04-23,178.29319436993237,176.97470531482026
2026-04-24,178.09679550167417,176.78174420067955
2026-04-27,179.1910204322685,177.6039263391921
2026-04-28,179.46223858506417,177.8262511011368
2026-04-30,179.52302962376248,177.59553672553378
2026-05-01,177.59176934228805,175.96795167582533
2026-05-07,180.49099759882554,178.90851126305634
2026-05-08,180.6920735947005,178.85397877427744
2026-05-11,182.118306849236,180.13339485716682
2026-05-12,182.99275154193873,180.98074583665422
2026-05-13,183.20317856679185,181.00171987079995
2026-05-14,184.31143138692775,182.06300599857377
2026-05-15,186.52793854341516,184.18138344729223
2026-05-18,184.7837251164926,182.33566844246823
2026-05-19,184.69955428186478,182.2056294307647
2026-05-20,183.53051138200652,181.04786274592055
2026-05-21,185.32616289353737,183.02781156927722
2026-05-22,185.94341762471709,183.74092873023199
2026-05-25,186.35024508757238,184.26947439070432
2026-05-26,186.47650110562412,184.39951340240782
2026-05-27,188.05237112687252,186.09841016821176
2026-05-28,188.4264655892789,186.43399471454342
2026-05-29,189.18400593021076,187.27715088720166
2026-06-01,189.69370926266805,187.80150174084486
2026-06-02,190.54477388314916,188.58593061789503
2026-06-03,191.0825331548977,189.34099584714124
2026-06-04,189.74047071576027,187.9734888208398
2026-06-05,190.53542067370392,188.9047359369101
2026-06-08,185.99485489921398,184.231721129242
2026-06-09,186.38765371337854,184.7183187214229
2026-06-10,185.99485478031335,184.4540458911867
2026-06-11,183.2592926748153,181.78195394102102
2026-06-12,185.82651346292315,184.462435504845
2026-06-15,186.84124329713418,185.49855279164396
2026-06-16,190.21276550624447,188.74113847057345
2026-06-17,189.30558756797083,187.86022903645286
2026-06-18,187.43044189393095,185.92222828138765
2026-06-19,189.68903494788538,188.49364486765384
2026-06-22,190.1940611376403,188.99702168715132
2026-06-23,189.67500632927076,188.4265279583875
2026-06-24,187.0142624112343,185.85091656529218
2026-06-25,187.02361499449748,186.0019296111414
2026-06-26,187.12181548402262,186.26200763454844
2026-06-29,185.93874341927938,185.67473467846807
2026-06-30,189.64227317009204,188.91732035739756
2026-07-01,191.6483527534081,190.81756785100046
2026-07-02,191.18073460565682,190.33097025881958
2026-07-03,189.38975921929307,188.4516967993624
2026-07-06,189.75450116877832,188.81664499349804
2026-07-07,192.01309396738495,190.96438609002055
2026-07-08,191.302315257184,190.17156759931203
2026-07-09,190.99368723197958,189.67658039347288
2026-07-10,192.03179713012844,190.85112630563364
2026-07-13,192.89688885429183,191.47615252317632
2026-07-14,191.65770187957187,190.22610008809093
2026-07-15,192.17675693411022,190.73367171441754
2026-07-16,192.98573460126215,191.438399261714
2026-07-17,192.31236491637677,190.83434707831702
2026-07-21,190.15197204075014,188.64885272033223
2026-07-22,192.50408728322373,191.06506145392004
2026-07-23,192.16272748540786,190.66235999832207
2026-07-24,190.84404535733023,189.52976215445278
2026-07-27,190.6195898587046,189.21095683543774
2026-07-28,190.820664933067,189.5591258022568
2026-07-29,191.1292925519098,189.82759343932213
2026-07-30,188.0336650537999,186.73182599941273
2026-07-31,187.8980551745631,186.52208565795544
2026-08-03,183.44166008916304,181.75678510004613
2026-08-04,187.98690233177166,186.46755316917657
2026-08-05,191.5407947203538,190.11703511053315
2026-08-06,191.44727109651575,189.81081421200554
2026-08-07,192.15337266519205,190.54071060027687
2026-08-10,192.51811435411764,191.10281471538235
2026-08-12,193.60298665658252,192.2312177524225
2026-08-13,194.09866063919992,192.8394647426486
2026-08-14,195.42201754349156,194.1104912118797
2026-08-17,194.67850516444472,193.5022442216536
2026-08-18,194.24362063889805,193.1079323797139
2026-08-19,192.8314151286395,191.46356810268887
2026-08-20,192.09725579507685,190.79659381685474
2026-08-21,191.28827662174706,189.8737363144427
2026-08-24,191.6202842061828,190.314191031503
2026-08-25,191.61560867124814,190.22610008809093
2026-08-26,192.08790282350103,190.64558077100548
2026-08-27,192.20013018072567,190.746256134905
2026-08-28,193.7058586745836,192.2228281387642
2026-08-31,194.04254270166302,192.3235035026637
2026-09-01,193.13536470815137,191.45098368220144
2026-09-02,192.4573185892095,190.52393137296028
2026-09-03,191.41453094904398,189.50878812030706
2026-09-04,189.71708028760503,187.88539787742775
2026-09-07,189.32428245589438,187.61693024036242
2026-09-08,186.64483457682363,184.95742271068417
2026-09-09,185.60672347270076,183.9171106170561
2026-09-10,184.75565910749415,182.9145517848903
