date,sbi-sp_start_100,rakuten-nasdaq_start_100
2024-01-30,100.0,100.0
2024-01-31,100.046211,100.0
2024-02-01,97.95412567299893,100.0
2024-02-02,98.99596771273946,100.91000000000001
2024-02-05,101.55436109468654,104.22
2024-02-06,101.13006291185849,104.03
2024-02-07,100.8990090345225,103.25999999999999
2024-02-08,101.91144381703616,104.50999999999999
2024-02-09,102.92807976889289,105.67999999999999
2024-02-13,103.36078015271413,106.21000000000001
2024-02-14,102.78944723877319,105.44
2024-02-15,103.63384301784473,106.46
2024-02-16,104.17156793911143,106.61
2024-02-19,103.48680863785185,105.47999999999999
2024-02-20,103.72626469462278,105.72999999999999
2024-02-21,103.00789807585372,104.78
2024-02-22,103.3775841513371,104.63
2024-02-26,105.45706664135075,107.25
2024-02-27,105.28062536858245,107.4
2024-02-28,105.36044387470565,107.54999999999998
2024-02-29,105.31843455852392,107.09
2024-03-01,105.45286616794746,107.87
2024-03-04,106.30566455117629,109.25
2024-03-05,106.41488936927605,109.05
2024-03-06,105.09998443027354,106.82000000000001
2024-03-07,104.93194532016719,106.79
2024-03-08,105.14619536612189,107.61
2024-03-11,103.77667773755965,105.24
2024-03-12,103.70946262115581,104.86999999999999
2024-03-13,105.29743079997218,106.91999999999999
2024-03-14,105.24281828748776,106.16000000000001
2024-03-15,105.65871475193988,106.50999999999999
2024-03-18,105.44866628360016,105.80000000000001
2024-03-19,106.07461167563295,106.81
2024-03-21,108.6792164850378,109.43
2024-03-22,109.61603350472315,110.5
2024-03-25,109.3219654754797,110.5
2024-03-26,108.97328415981531,110.05
2024-03-27,108.83885253701007,109.83000000000001
2024-03-28,109.7462627299931,110.22000000000001
2024-03-29,109.65384101229768,109.98000000000002
2024-04-01,109.67064436689438,110.00000000000001
2024-04-02,109.76306601231526,110.47
2024-04-03,108.93127271702865,109.33
2024-04-04,109.12871827401736,109.67
2024-04-05,107.25928440047556,107.45
2024-04-08,108.97328240223092,109.39000000000001
2024-04-09,109.14552230319742,109.48
2024-04-10,109.16652735896466,109.79
2024-04-11,108.956478952008,109.68
2024-04-12,109.79667395858583,111.53999999999999
2024-04-15,108.5615876427268,109.96
2024-04-16,107.86002466682383,108.82000000000001
2024-04-17,107.92723979839545,109.11999999999999
2024-04-18,107.04923659282193,107.53999999999999
2024-04-19,107.01562848499361,107.13999999999999
2024-04-22,106.14602697901854,104.96000000000001
2024-04-23,107.09964819269942,106.06
2024-04-24,108.45236173122545,107.66
2024-04-25,108.84305268817324,108.47
2024-04-26,108.55318513554568,108.04
2024-04-30,110.81330912793734,111.03
2024-05-01,109.80927627551893,109.64
2024-05-02,108.19610223863094,107.61
2024-05-07,110.21677156207859,110.96
2024-05-08,110.96874642724745,111.55999999999999
2024-05-09,111.47286301632941,112.02000000000001
2024-05-10,112.1450187415594,112.25
2024-05-13,112.48529812902655,112.75999999999999
2024-05-14,112.76676334141693,113.27000000000001
2024-05-15,113.42211528024902,114.16999999999999
2024-05-16,112.90119472607452,113.97999999999999
2024-05-17,113.88422317053053,114.97
2024-05-20,114.2959191926609,115.13
2024-05-21,114.82944339977873,116.36
2024-05-22,115.01848711244777,116.49000000000001
2024-05-23,115.1193100178808,116.88000000000001
2024-05-24,114.43875228568949,116.55
2024-05-27,115.00168337450793,117.48
2024-05-28,115.05629652392567,117.53
2024-05-29,115.48059538143175,118.27000000000001
2024-05-30,114.83364537076208,117.6
2024-05-31,113.43051946971516,115.71000000000001
2024-06-03,114.7370224017141,116.03000000000002
2024-06-04,114.34213084434388,115.9
2024-06-05,113.62796475956713,115.36999999999999
2024-06-06,115.3335602803959,118.09
2024-06-07,115.3335602803959,118.03999999999999
2024-06-10,116.06452939209022,118.83999999999999
2024-06-11,116.6778712370174,119.55
2024-06-12,116.85431268068074,120.30000000000001
2024-06-13,117.58528197968035,121.64999999999999
2024-06-14,118.12300652929035,122.66
2024-06-17,118.37926612334519,123.39
2024-06-18,119.47572092961816,125.07999999999998
2024-06-19,119.95463218842129,125.28999999999999
2024-06-20,120.10586739004547,125.44999999999999
2024-06-21,120.48395465529596,125.2
2024-06-24,120.80742997675449,125.49
2024-06-25,120.24449876299461,123.82
2024-06-26,120.9082532059463,125.42
2024-06-27,121.79465941909733,126.52000000000001
2024-06-28,122.20215390084877,126.99000000000001
2024-07-01,121.81146383865544,126.44
2024-07-02,122.45001171324408,127.64999999999999
2024-07-03,123.15997688115745,128.85999999999999
2024-07-04,123.60948123837923,129.88
2024-07-05,123.37842792385882,129.63
2024-07-08,123.80272633748896,130.64
2024-07-09,124.05898560073491,131.09
2024-07-10,124.6555244735859,131.67
2024-07-11,125.98723315364492,133.25
2024-07-12,122.8953162113324,128.16
2024-07-16,123.50865846862045,128.72
2024-07-17,124.29003970168193,128.88
2024-07-18,120.4839567748136,122.96000000000001
2024-07-19,120.83263734571992,123.66
2024-07-22,120.06385902382975,122.56
2024-07-23,120.69400578344617,123.8
2024-07-24,119.82860441623767,122.69000000000001
2024-07-25,115.2285364750259,116.31
2024-07-26,115.22433524258602,115.64000000000001
2024-07-29,116.22836783707604,116.55
2024-07-30,116.55604350081705,117.02
2024-07-31,114.71181568799797,114.16999999999999
2024-08-01,114.36313535879643,115.44000000000001
2024-08-02,112.73735817558659,112.55
2024-08-05,107.70038942450478,106.89999999999999
2024-08-06,104.13376178824498,103.39
2024-08-07,106.65434656710752,105.91999999999999
2024-08-08,105.31423576903529,104.10999999999999
2024-08-09,108.83465266062132,108.35999999999999
2024-08-13,109.11611757429264,108.89999999999999
2024-08-14,110.7586992325196,111.46000000000001
2024-08-15,111.31322816644509,111.75
2024-08-16,114.5521792937379,115.87
2024-08-19,113.87162135998841,115.07000000000001
2024-08-20,113.81280780627219,115.41999999999999
2024-08-21,112.96841237510822,114.49000000000001
2024-08-22,113.22047088585194,114.94
2024-08-23,112.96421106866303,113.69
2024-08-26,112.07780575653365,112.88
2024-08-27,112.80877496412165,112.72999999999999
2024-08-28,112.50210430938168,112.63000000000001
2024-08-29,112.0610015587213,111.52
2024-08-30,112.29205565539515,111.57
2024-09-02,114.46395918737731,114.14
2024-09-03,115.18232583812053,114.86000000000001
2024-09-04,111.51487451050446,109.92
2024-09-05,110.01092580997229,108.49
2024-09-06,109.3177645681918,108.13
2024-09-09,107.16266431889565,104.91
2024-09-10,108.92707401112011,106.83
2024-09-11,108.30953048261665,106.74
2024-09-12,109.97311613154093,109.61000000000001
2024-09-13,109.9016995899251,109.66
2024-09-17,110.04873377675545,109.08
2024-09-18,110.76289943654909,109.79
2024-09-19,111.97278030915841,110.84
2024-09-20,113.22046948585951,112.99999999999999
2024-09-24,114.05226291241719,113.84
2024-09-25,114.05226291241719,114.04
2024-09-26,114.83364408981119,115.21
2024-09-27,116.02252025208233,116.78
2024-09-30,113.61116040129717,113.92
2024-10-01,115.19912858468138,115.31
2024-10-02,113.99344874495767,113.53
2024-10-03,116.5308369001131,116.24000000000001
2024-10-04,115.997313281758,115.87
2024-10-07,118.44648171436216,118.67000000000002
2024-10-08,116.93413097760723,116.84
2024-10-09,118.3162514788167,118.93
2024-10-10,120.04705259519972,120.83
2024-10-11,119.21525977294336,120.02999999999999
2024-10-15,121.75264809132406,122.05999999999999
2024-10-16,120.51756122597664,120.09
2024-10-17,121.30734413925637,120.44999999999999
2024-10-18,121.71903942994308,120.94
2024-10-21,121.61821589801207,121.17
2024-10-22,122.487817762419,122.46
2024-10-23,122.91631689529726,123.10000000000001
2024-10-24,122.93732206469147,122.32000000000001
2024-10-25,122.71046951240517,122.83
2024-10-28,123.69769855462167,124.6
2024-10-29,123.66409112690135,124.18
2024-10-30,124.16400692520459,125.72000000000001
2024-10-31,124.05478108995256,124.99
2024-11-01,120.37052652772671,120.67000000000002
2024-11-05,120.92505548786096,121.41999999999999
2024-11-06,122.7104691898687,123.36
2024-11-07,127.21391395862427,128.22
2024-11-08,126.96185485378493,128.94
2024-11-11,127.53318700948262,129.06
2024-11-12,128.209543962805,129.58
2024-11-13,128.76827346282224,130.32
2024-11-14,129.4950415982464,130.78
2024-11-15,129.55385565623948,130.8
2024-11-18,125.86960051801022,125.64
2024-11-19,126.49134473803296,126.64999999999999
2024-11-20,127.30213275427515,127.89999999999999
2024-11-21,127.53318612522413,127.97
2024-11-22,127.67181852453785,127.94000000000001
2024-11-25,127.8734646714337,127.93
2024-11-26,128.27255775467324,128.1
2024-11-27,127.85666092339083,127.69
2024-11-28,126.52915334148867,125.69
2024-11-29,125.67215493711682,124.83999999999999
2024-12-02,125.89480703729737,125.52000000000001
2024-12-03,126.03343862196263,126.69999999999999
2024-12-04,125.94521773559603,126.98
2024-12-05,127.2055099675543,129.03
2024-12-06,126.72239743330364,128.36
2024-12-09,126.79801522230005,129.37
2024-12-10,127.55839122008436,129.75
2024-12-11,127.46176828990299,129.58
2024-12-12,128.88169748712323,132.45
2024-12-13,128.73886434588314,132.07999999999998
2024-12-16,129.48663760249298,133.88
2024-12-17,130.28482301860137,136.13
2024-12-18,129.29759368072263,135.08
2024-12-19,126.48294022340569,131.23
2024-12-20,128.88589727216382,133.16
2024-12-23,129.327000233565,133.23000000000002
2024-12-24,130.81414563522077,135.21
2024-12-25,132.0912422785308,137.0
2024-12-26,132.13325257722508,137.03
2024-12-27,132.75919818533148,137.5
2024-12-30,131.39388134972182,135.63
2025-01-06,130.38144682000257,134.32999999999998
2025-01-07,131.5451168786447,136.23000000000002
2025-01-08,129.96555073964052,133.68
2025-01-09,130.41505479205065,134.02
2025-01-10,130.2092076695669,133.81
2025-01-14,127.91127427052228,130.79000000000002
2025-01-15,128.4868072117643,131.05
2025-01-16,129.4908403844911,132.71
2025-01-17,128.30196426038663,130.77
2025-01-20,130.2176088132674,133.65
2025-01-21,130.23441209350867,133.66
2025-01-22,130.95277859889583,133.97
2025-01-23,132.4945367329243,136.56
2025-01-24,133.0784719549951,136.71
2025-01-27,132.06183626869628,135.29
2025-01-28,129.84372170487217,130.88
2025-01-29,131.3896800086069,133.4
2025-01-30,130.04116728342575,132.29999999999998
2025-01-31,130.4444613546985,132.61
2025-02-03,130.81834779205641,133.51999999999998
2025-02-04,129.66728107438453,132.1
2025-02-05,129.4530318258653,132.66
2025-02-06,128.7556696379497,131.97
2025-02-07,128.10872003761676,131.53
2025-02-10,127.42396099379492,130.4
2025-02-12,129.53705165254917,132.77
2025-02-13,130.16299670743308,134.0
2025-02-14,130.08737851449587,134.43
2025-02-17,129.32700217659323,134.17
2025-02-18,129.1211549737688,133.95
2025-02-19,129.8983352055559,134.67
2025-02-20,129.34800791862403,133.84
2025-02-21,127.72643144343188,132.1
2025-02-25,125.27306214826643,128.14000000000001
2025-02-26,123.57166730743039,125.44
2025-02-27,123.91194660769484,125.98
2025-02-28,122.28196797107485,122.86999999999999
2025-03-03,124.90337665407768,125.61
2025-03-04,121.70223425897913,121.8
2025-03-05,120.73180863451192,121.85999999999999
2025-03-06,121.57620448946554,123.0
2025-03-07,118.43807706765934,118.63
2025-03-10,118.52209703953116,118.97
2025-03-11,114.85464645685948,113.89
2025-03-12,114.99747969519322,114.67
2025-03-13,115.73265053306103,116.14
2025-03-14,114.25810893390485,113.99
2025-03-17,116.97613910086011,117.21999999999998
2025-03-18,118.40867101169931,118.41
2025-03-19,117.28701053702642,116.57
2025-03-21,117.74491661921456,117.24000000000001
2025-03-24,118.36246044810235,118.28
2025-03-25,121.34515302453337,121.75
2025-03-26,121.03008033470518,121.78999999999999
2025-03-27,119.92942552233654,119.87
2025-03-28,119.9756367285788,119.57
2025-03-31,116.36699992900566,115.21999999999998
2025-04-01,117.29961626791668,115.44000000000001
2025-04-02,117.74491962815841,116.41
2025-04-03,116.86691577912758,115.71000000000001
2025-04-04,109.96051346416951,108.13
2025-04-07,103.44060054802553,101.39
2025-04-08,104.40262399327229,102.97
2025-04-09,101.21828549600806,99.33
2025-04-10,111.72492369904188,112.43
2025-04-11,105.46127030846546,105.25
2025-04-14,107.08284701917923,107.0
2025-04-15,108.46076660722414,107.91999999999999
2025-04-16,107.62477271036899,107.58000000000001
2025-04-17,104.97815900967558,104.02
2025-04-18,105.07058073108612,103.97000000000001
2025-04-21,104.175773397935,103.08
2025-04-22,101.49555160104573,100.34
2025-04-23,104.88993939508116,103.81
2025-04-24,107.20887764220943,106.81
2025-04-25,109.56982511311348,109.91
2025-04-28,110.79650970737434,111.57999999999998
2025-04-30,110.68728429217461,111.36999999999999
2025-05-01,111.11998523767525,111.91
2025-05-02,114.1908982609035,115.46000000000001
2025-05-07,111.93077376516558,113.14999999999999
2025-05-08,112.91380242783492,114.07000000000001
2025-05-09,115.38397590544179,116.94
2025-05-12,115.34196575365436,117.04
2025-05-13,120.74441964396416,123.38
2025-05-14,121.06789515163454,124.85
2025-05-15,120.35793001156527,124.66999999999999
2025-05-16,119.9588375585985,123.76
2025-05-19,120.60998852392709,124.2
2025-05-20,121.0510906105561,124.64
2025-05-21,119.76139171250581,123.29
2025-05-22,117.01815523814791,120.85
2025-05-23,117.52227179127699,121.50000000000001
2025-05-26,115.78726933881345,119.39999999999999
2025-05-27,115.48900017512396,119.09
2025-05-28,119.2404709438526,123.37
2025-05-29,120.19409184060721,124.51
2025-05-30,118.86238337094544,122.91000000000001
2025-06-02,118.53890771496825,122.58
2025-06-03,118.56411382830474,122.76
2025-06-04,120.21089585962932,124.75
2025-06-05,119.07663272854722,124.00999999999999
2025-06-06,119.37490183203734,123.91000000000001
2025-06-09,121.5426044119269,126.14000000000001
2025-06-10,121.51319717878944,126.19
2025-06-11,122.39960314364546,127.22
2025-06-12,121.37036446474706,126.03999999999999
2025-06-13,120.95026643592885,125.42999999999999
2025-06-16,120.72761513796029,124.99
2025-06-17,122.44161285742537,127.34
2025-06-18,121.63502628389482,126.30999999999999
2025-06-19,121.24853706962907,125.93
2025-06-20,121.6014188119165,126.29999999999998
2025-06-23,122.22316321825927,126.77000000000001
2025-06-24,122.82390228779336,127.42999999999999
2025-06-25,123.60948519506509,128.79
2025-06-26,123.44984848931509,128.84
2025-06-27,124.23543024166624,129.85
2025-06-30,125.046217991218,130.56
2025-07-01,124.65972889203726,130.39000000000001
2025-07-02,124.61351877713429,129.24
2025-07-03,125.10923384710009,130.14
2025-07-04,127.05008466907861,132.34
2025-07-07,126.85684021979607,132.14
2025-07-08,127.30214324888283,132.62
2025-07-09,127.91128400432873,133.45
2025-07-10,127.79365678755835,133.48
2025-07-11,128.8439008412624,133.98000000000002
2025-07-14,128.69686675850036,134.02
2025-07-15,129.5328610134649,135.08
2025-07-16,130.1588065437261,136.49
2025-07-17,130.11259626263887,136.13
2025-07-18,131.04941346135968,137.32
2025-07-22,130.14620386736024,136.79
2025-07-23,129.27240095313272,135.19
2025-07-24,130.38986002689984,135.78
2025-07-25,131.29727044469763,136.97
2025-07-28,132.12906359944617,137.61
2025-07-29,132.7844158271556,138.81
2025-07-30,132.18367655660285,138.27
2025-07-31,133.03227328887124,139.54999999999998
2025-08-01,133.7758452075148,140.1
2025-08-04,128.82709676988844,134.48
2025-08-05,130.20081617433286,136.38
2025-08-06,130.14620344198852,135.99
2025-08-07,131.14183491294008,137.76999999999998
2025-08-08,130.70073279411866,137.83
2025-08-12,132.49454937843217,139.78
2025-08-13,133.34734789561546,141.05
2025-08-14,132.7718140747306,140.01
2025-08-15,133.6498181485891,140.83
2025-08-18,133.21711750684577,139.98999999999998
2025-08-19,133.5321906436324,140.37
2025-08-20,132.6541871130686,138.27
2025-08-21,132.09545696274142,137.25
2025-08-22,132.49454904113554,137.6
2025-08-25,133.53639077871972,138.7
2025-08-26,132.7130000517225,138.01000000000002
2025-08-27,133.59520441104632,138.95
2025-08-28,133.78004673586946,139.07
2025-08-29,133.79685084753993,139.41
2025-09-01,133.35154816854916,138.06
2025-09-02,133.4061609615861,138.12
2025-09-03,133.7296362163161,138.38
2025-09-04,133.71703353539908,138.76
2025-09-05,135.01933581708838,140.28
2025-09-08,134.8512961525039,140.61999999999998
2025-09-09,134.20014509282413,140.23000000000002
2025-09-10,134.6580507498968,140.82
2025-09-11,135.08655017292958,140.92
2025-09-12,135.94354870328513,141.52
2025-09-16,136.82995501825005,143.53
2025-09-17,135.7461030517577,142.45000000000002
2025-09-18,135.98555917754103,142.57999999999998
2025-09-19,137.6113358901437,144.98
2025-09-22,138.4767364264961,146.23999999999998
2025-09-24,138.0104284794862,145.54
2025-09-25,138.40532047870312,146.0
2025-09-26,138.6867856905882,146.35
2025-09-29,138.9640496994087,146.42
2025-09-30,139.0060599212733,146.74
2025-10-01,138.85062334506935,146.45
2025-10-02,138.4221233788953,146.2
2025-10-03,138.7750056664676,146.96
2025-10-06,141.0183258370669,148.70000000000002
2025-10-07,142.14838747262831,150.54000000000002
2025-10-08,143.37087071231232,151.54000000000002
2025-10-09,144.60175694976485,153.78
2025-10-10,144.5429430771607,153.9
2025-10-14,142.23660720484492,151.16
2025-10-15,141.27458422255066,149.31
2025-10-16,141.01832484148355,149.39
2025-10-17,139.5815920730508,148.31
2025-10-20,141.11494750716233,150.09
2025-10-21,142.17359325451054,151.59
2025-10-22,143.24064019354802,152.67
2025-10-23,143.0305921187682,151.70999999999998
2025-10-24,144.24047359444162,153.48
2025-10-27,145.7192168328987,155.39000000000001
2025-10-28,147.04672472701506,157.78
2025-10-29,146.50479872770612,157.94
2025-10-30,147.71888106466668,159.84
2025-10-31,147.39540625891127,158.82
2025-11-04,148.37423409465765,160.59
2025-11-05,145.82004139060814,156.37
2025-11-06,146.78206432427564,158.06
2025-11-07,144.47152821858984,154.23
2025-11-10,145.2697131859836,154.5
2025-11-11,147.928930488344,158.35
2025-11-12,148.18939043554417,157.79000000000002
2025-11-13,148.9791732013399,158.46
2025-11-14,146.29475025484308,154.91
2025-11-17,146.21913342433135,154.98000000000002
2025-11-18,145.44615474863164,154.32
2025-11-19,144.4421210344017,152.68
2025-11-20,146.58461801591412,155.27
2025-11-21,144.55134571110773,151.79
2025-11-25,147.56344449595716,156.34
2025-11-26,148.47085490956167,156.76000000000002
2025-11-27,149.0421870910477,157.66
2025-11-28,149.72694651541883,158.39000000000001
2025-12-01,149.82356830854414,158.85
2025-12-02,148.9791716669713,158.10999999999999
2025-12-03,149.36566088306836,159.58
2025-12-04,149.36145922702772,159.35
2025-12-05,149.31524828515745,159.02
2025-12-08,149.71013933599224,159.84
2025-12-09,150.02521180973184,160.26
2025-12-10,150.71417108967353,161.4
2025-12-11,150.71417108967353,161.03
2025-12-12,150.92842032672777,160.3
2025-12-15,149.5967109563959,157.56
2025-12-16,148.52546237294115,155.85
2025-12-17,147.7020713704019,155.82
2025-12-18,146.95429713963358,153.73000000000002
2025-12-19,148.28180584375852,156.29
2025-12-22,151.29390458167674,160.12
2025-12-23,151.36111992466525,159.97
2025-12-24,151.5501639090064,160.22
2025-12-25,151.76021243618425,160.34
2025-12-26,152.33154562554486,160.94
2025-12-29,152.31054062871857,160.82
2025-12-30,151.86103566879348,160.17
2026-01-05,151.5333590376895,158.92
2026-01-06,151.97026001846697,159.56
2026-01-07,152.8188573913023,161.0
2026-01-08,152.51218662104375,161.29
2026-01-09,152.76844674773565,160.66
2026-01-13,155.15040014795062,163.61
2026-01-14,155.7847480739955,164.32
2026-01-15,154.37321986003656,161.88
2026-01-16,154.96555762330053,162.59
2026-01-19,153.65065317168873,161.23000000000002
2026-01-20,154.2723974667349,161.88
2026-01-21,151.20148506268953,158.5
2026-01-22,152.9490899712223,160.67000000000002
2026-01-23,154.07495128148227,162.24
2026-01-26,150.4915192055639,158.92
2026-01-27,150.75197939259854,159.06
2026-01-28,149.55470114218335,158.51999999999998
2026-01-29,150.19324886746207,159.75
2026-01-30,150.37809169884326,159.42000000000002
2026-02-02,151.47874654651005,159.06
2026-02-03,152.60040728021286,160.54
2026-02-04,151.739206881727,158.51999999999998
2026-02-05,151.71820162331832,156.49
2026-02-06,149.82356141044852,154.31
2026-02-09,152.86506660474623,157.77
2026-02-10,152.81045403105102,158.18
2026-02-12,149.60090882843707,154.89
2026-02-13,146.9248881635594,151.37
2026-02-16,147.14753960833133,151.79
2026-02-17,147.3869957424868,152.04
2026-02-18,147.55083407469405,151.75
2026-02-19,149.78575262173163,154.51
2026-02-20,149.74794370205487,154.26
2026-02-24,149.02117500184454,153.42
2026-02-25,151.03764310968802,156.06
2026-02-26,152.62561210917966,158.6
2026-02-27,151.43253464680996,156.4
2026-03-02,151.4409361238322,156.67
2026-03-03,152.42816444232986,157.85
2026-03-04,151.26869522099292,156.31
2026-03-05,151.2939011236776,157.59
2026-03-06,151.30230247400704,157.98000000000002
2026-03-09,150.47471065295773,156.86
2026-03-10,150.84019566816846,157.95
2026-03-11,151.05864696474097,158.39000000000001
2026-03-12,151.70559640620215,159.3
2026-03-13,149.55469777273942,156.72
2026-03-16,148.87834113870318,155.92
2026-03-17,150.3066724996708,157.62
2026-03-18,150.55032863419314,158.24
2026-03-19,149.12619780047797,156.66
2026-03-23,146.24853043918984,152.93
2026-03-24,146.85767165580742,153.79
2026-03-25,146.53419707391146,152.78
2026-03-26,148.12636585756002,154.64
2026-03-27,145.58477664058452,151.02
2026-03-30,143.42967645688736,148.48
2026-03-31,142.83733914475897,147.23
2026-04-01,145.9712660693847,151.31
2026-04-02,146.98790192818953,152.96
2026-04-03,148.05494884320507,154.07999999999998
2026-04-06,148.12216430943042,154.14000000000001
2026-04-07,148.84893311472288,155.17000000000002
2026-04-08,147.82389535625364,154.06
2026-04-09,151.79801808907337,158.79000000000002
2026-04-10,153.0541102572361,160.32
2026-04-13,153.50361487365058,161.12
2026-04-14,154.3774173159212,162.17
2026-04-15,155.92757653906062,164.76999999999998
2026-04-16,157.0786432647266,166.98999999999998
2026-04-17,158.01546029315742,168.42999999999998
2026-04-20,159.54041377519016,170.16
2026-04-21,159.23794429552206,169.64
2026-04-22,158.38934777419732,169.14000000000001
2026-04-23,160.1747616030059,172.23999999999998
2026-04-24,159.9983210943621,171.76
2026-04-27,160.98134917918264,174.78
2026-04-28,161.22500571985978,174.78
2026-04-30,161.27961907829734,174.95000000000002
2026-05-01,159.54461648175015,173.06
2026-05-07,162.14922063652267,179.44
2026-05-08,162.3298629757728,179.99
2026-05-11,163.61116018031728,184.17
2026-05-12,164.39674243814628,185.21
2026-05-13,164.58578554021076,184.04
2026-05-14,165.58141597853705,186.06
2026-05-15,167.572678217325,188.21
2026-05-18,166.0057144819487,185.84
2026-05-19,165.930097218945,185.07
2026-05-20,164.8798542837045,183.95999999999998
2026-05-21,166.493028885225,186.91
2026-05-22,167.04755722695128,187.57999999999998
2026-05-25,167.41304224788368,188.04000000000002
2026-05-26,167.52646793226748,188.17
2026-05-27,168.94219558167546,191.86
2026-05-28,169.27827398076803,192.08
2026-05-29,169.95883188956662,193.35999999999999
2026-06-01,170.41673837362012,194.15
2026-06-02,171.18131647866812,195.67000000000002
2026-06-03,171.66442781366055,196.89000000000001
2026-06-04,170.45874785484415,196.32
2026-06-05,171.17291375696914,195.38
2026-06-08,167.09376736530885,186.46
2026-06-09,167.4466493507323,189.34
2026-06-10,167.09376725849108,187.35999999999999
2026-06-11,164.63619724497033,183.83
2026-06-12,166.94253304859205,189.38
2026-06-15,167.85414445283317,190.6
2026-06-16,170.88304731136287,196.58
2026-06-17,170.06805821148174,193.09
2026-06-18,168.3834677683543,191.59
2026-06-19,170.4125390700033,196.77
2026-06-22,170.8662437098979,197.3
2026-06-23,170.39993606151407,196.96
2026-06-24,168.0095810944374,190.51
2026-06-25,168.01798325358791,189.87
2026-06-26,168.10620445605485,191.39
2026-06-29,167.0433580215676,189.12
2026-06-30,170.3705292970748,194.14000000000001
2026-07-01,172.17274794120095,197.84
2026-07-02,171.7526498796794,194.70000000000002
2026-07-03,170.14367620818606,189.92
2026-07-06,170.4713525113219,190.29
2026-07-07,172.50042358357192,193.37
2026-07-08,171.86187531558411,190.22
2026-07-09,171.5846105521375,190.94
2026-07-10,172.51722610171765,193.56
2026-07-13,173.29440585427233,194.18
2026-07-14,172.1811469945679,190.78
2026-07-15,172.6474548641045,192.68
2026-07-16,173.37422295772768,192.19
2026-07-17,172.76928215149914,189.42000000000002
2026-07-21,170.8284317727441,186.71
2026-07-22,172.94152139210615,191.07
2026-07-23,172.63485110988236,189.94
2026-07-24,171.45017551841403,187.39
2026-07-27,171.2485295379833,184.88
2026-07-28,171.42917104936646,184.44
2026-07-29,171.70643544774657,182.49
2026-07-30,168.92539044895278,178.54000000000002
2026-07-31,168.803561457361,181.39000000000001
2026-08-03,164.80003219795628,176.89
2026-08-04,168.88337982774402,181.91
2026-08-05,172.0761201233875,188.13
2026-08-06,171.9921005162149,186.84
2026-08-07,172.62644694110182,187.12
2026-08-10,172.95412301015648,188.54999999999998
2026-08-12,173.9287488955196,188.98999999999998
2026-08-13,174.37405171416685,190.39
2026-08-14,175.56292702379199,192.6
2026-08-17,174.89497153349092,191.98
2026-08-18,174.5042806523811,192.13
2026-08-19,173.23558567083973,188.82000000000002
2026-08-20,172.57603275493855,187.29
2026-08-21,171.8492633081977,186.73
2026-08-24,172.14753176356592,186.95999999999998
2026-08-25,172.14333136379088,185.63
2026-08-26,172.56763024693635,186.7
2026-08-27,172.6684528849081,186.86
2026-08-28,174.02116689844547,189.78
2026-08-31,174.32363656905497,189.19
2026-09-01,173.50864741954916,189.08
2026-09-02,172.89950540579392,187.21
2026-09-03,171.96268747364383,185.79000000000002
2026-09-04,170.4377343985157,184.38000000000002
2026-09-07,170.0848532957076,185.10999999999999
2026-09-08,167.677695093318,182.48
2026-09-09,166.74507846031676,182.26
2026-09-10,165.98050058460188,181.70999999999998
