date,sbi-sp_start_100,fang_start_100
2023-09-11,100.0,100.0
2023-09-12,100.486322,101.88872921371382
2023-09-13,100.35538932729722,100.73906795319236
2023-09-14,100.36941800717129,101.0162184356395
2023-09-15,101.54313798134716,101.56538698419214
2023-09-19,100.46761743420186,99.3250872510778
2023-09-20,100.34136078404848,99.23013754875795
2023-09-21,99.79892441837237,97.60316156846643
2023-09-22,97.67594082080086,94.75467049887087
2023-09-25,97.97989174372526,95.24738246766577
2023-09-26,98.68599461136449,96.29696160952577
2023-09-27,97.32522724770763,94.65715458838021
2023-09-28,97.72270250253499,95.03695339765962
2023-09-29,98.19967235504448,96.10962841305687
2023-10-02,98.10147268268943,96.53048655306918
2023-10-03,98.1809672490484,97.94190104701293
2023-10-04,96.47416378733944,95.59125436255388
2023-10-05,96.89969588793919,97.05912543625539
2023-10-06,96.74070577391714,96.84099774173681
2023-10-10,98.43815689370861,99.68435639499076
2023-10-11,98.9805934666004,99.8870868404845
2023-10-12,99.79892443133892,101.28053787723259
2023-10-13,99.64928692203581,101.45504003284746
2023-10-16,98.9057746940173,99.18394580168344
2023-10-17,99.92518068886459,100.77499486758366
2023-10-18,100.10287563917997,99.93584479572984
2023-10-19,98.7888702369585,97.77509751591049
2023-10-20,98.00794915717886,97.99322521042907
2023-10-23,96.74538233383083,96.10706220488606
2023-10-24,96.49754485063713,97.11814822418394
2023-10-25,97.36263762041949,98.47053993019914
2023-10-26,96.18424106565115,95.3320673373024
2023-10-27,95.0713114872863,92.85567645247383
2023-10-30,94.3231230829961,93.76668035311025
2023-10-31,95.23030118649005,94.77263395606653
2023-11-01,97.05400906936194,96.16608499281462
2023-11-02,97.56838852364893,97.69811127078628
2023-11-06,99.69604773692586,99.99486758365839
2023-11-07,100.17301755635077,100.57226442208993
2023-11-08,100.83235836136704,102.90751385752412
2023-11-09,101.19242365481038,103.66967768425374
2023-11-10,100.65933994314837,103.04865530691849
2023-11-13,102.41758179877031,106.03828782590843
2023-11-14,102.35679184309365,105.90741120919729
2023-11-15,103.5538923957116,107.59340997741738
2023-11-16,104.24596584044848,108.09895298706631
2023-11-17,103.99345187985283,107.76791213303223
2023-11-20,103.59130088195727,107.29316362143297
2023-11-21,103.13771186826351,107.67296243071239
2023-11-22,102.98807451899943,107.35475261753234
2023-11-24,104.32078448814732,108.48645042085813
2023-11-27,104.3020797714886,108.15797577499487
2023-11-28,103.17044496982066,106.8492096078834
2023-11-29,102.42693271428335,106.60798603982755
2023-11-30,102.45031371021405,106.18712789981524
2023-12-01,103.41360585838375,106.47967563128722
2023-12-04,102.98339801906047,104.98870868404846
2023-12-05,102.98339801906047,104.144426195853
2023-12-06,103.03015969059899,104.88349414904536
2023-12-07,102.53916122218065,103.75692876206118
2023-12-08,100.59387233758564,102.96910285362348
2023-12-11,102.53448506141851,105.52504619174708
2023-12-12,103.26864427859648,106.09987682200781
2023-12-13,103.60065296995215,107.16485321289262
2023-12-14,102.74958914590194,106.09731061383701
2023-12-15,103.05821705932358,106.35649763908847
2023-12-18,102.68412294547342,106.91849722849518
2023-12-19,103.6146813802071,108.78156436050092
2023-12-20,105.21860970815557,110.40597413262164
2023-12-21,103.27799765377004,108.32477930609731
2023-12-22,103.4463397571657,108.84571956477109
2023-12-25,103.60065376557166,108.41203038390475
2023-12-26,103.63806292563986,108.44539109012523
2023-12-27,104.44236476782562,109.49240402381442
2023-12-28,103.9373378906854,108.95350030794498
2023-12-29,103.94669017234881,108.7353726134264
2024-01-04,103.40425372488653,105.33258057893657
2024-01-05,104.20855579333706,105.94333812358857
2024-01-09,105.07364832968324,108.66608499281463
2024-01-10,105.33083814943629,109.49753644015603
2024-01-11,106.72433775213541,111.32467665777048
2024-01-12,106.4437669388887,111.3683021966742
2024-01-15,106.3829769035899,110.97053993019914
2024-01-16,106.92073753268869,111.5222746869226
2024-01-17,107.67827737335205,112.3460275097516
2024-01-18,107.67360090576572,112.32036542804353
2024-01-19,108.5761027240457,113.77283925272017
2024-01-22,109.9088124966048,116.25179634571955
2024-01-23,110.1145639917747,116.52381441182509
2024-01-24,110.45592464587742,117.60675425990557
2024-01-25,110.32031569807117,119.45955655922809
2024-01-26,110.8206668707008,118.96684459043318
2024-01-29,111.16202777086261,119.07205912543625
2024-01-30,111.31166519968554,120.32180250461917
2024-01-31,111.36310343329097,119.38000410593308
2024-02-01,109.03436841840777,115.42291110654897
2024-02-02,110.19406014159333,116.91901047012934
2024-02-05,113.04185041739716,124.47905974132622
2024-02-06,112.56955704467926,124.20447546704989
2024-02-07,112.31236712630815,122.8931430917676
2024-02-08,113.43932514178489,125.30537877232601
2024-02-09,114.57095954881531,126.81687538493122
2024-02-13,115.05260555137215,127.88955040032847
2024-02-14,114.41664537103063,127.1402176144529
2024-02-15,115.35655637359102,129.52422500513242
2024-02-16,115.95510693764666,129.60890987476904
2024-02-19,115.19288995680488,128.11024430301785
2024-02-20,115.45943248101813,128.41049065900225
2024-02-21,114.65980663542759,125.94693081502773
2024-02-22,115.07131036205953,125.76216382672962
2024-02-26,117.38601694922961,131.1742968589612
2024-02-27,117.18961723041168,131.35136522274686
2024-02-28,117.27846453871493,131.7901868199548
2024-02-29,117.23170326933405,130.97669882980907
2024-03-01,117.38134133233812,129.67306507903922
2024-03-04,118.33060541350615,131.93646068569083
2024-03-05,118.45218537734429,130.9125436255389
2024-03-06,116.98854279394769,127.60213508519811
2024-03-07,116.80149566230158,127.1453500307945
2024-03-08,117.03998095614487,129.27273660439334
2024-03-11,115.51554807858899,125.42855676452473
2024-03-12,115.44072981325397,124.18137959351263
2024-03-13,117.20832363593559,127.47382467665777
2024-03-14,117.14753353888182,126.61927735577909
2024-03-15,117.61047481897006,127.06066516115789
2024-03-18,117.37666637113469,126.09577088893451
2024-03-19,118.07341661024708,128.1949291726545
2024-03-21,120.97264559546672,132.28546499692055
2024-03-22,122.01543221995257,132.71402176144528
2024-03-25,121.68810019978176,133.48131800451654
2024-03-26,121.29997722107558,133.0604598645042
2024-03-27,121.1503391431761,132.77047834120305
2024-03-28,122.16039253917718,132.59084376924656
2024-03-29,122.05751638620424,131.93902689386164
2024-04-01,122.07622048001525,131.94929172654486
2024-04-02,122.17909655253818,133.1323136932868
2024-04-03,121.25321358453532,131.58489016629028
2024-04-04,121.47299352188223,132.55491685485526
2024-04-05,119.39209554743589,130.17604188051735
2024-04-08,121.29997526467913,132.80897146376515
2024-04-09,121.49169836658322,133.23752822828988
2024-04-10,121.51507944393384,133.23239581194827
2024-04-11,121.28127106442498,133.6198932457401
2024-04-12,122.21650611717136,137.10737014986657
2024-04-15,120.84171097233522,135.45729829603778
2024-04-16,120.06078954143318,132.68835967973723
2024-04-17,120.1356078236517,132.8397659618148
2024-04-18,119.15828783502118,130.85095462943954
2024-04-19,119.12087809055538,130.19657154588378
2024-04-22,118.152910173653,125.3387394785465
2024-04-23,119.21440182629861,126.3523917060152
2024-04-24,120.72012979141356,129.11363169780333
2024-04-25,121.15501440137673,130.54300964894273
2024-04-26,120.8323580016734,130.02720180661055
2024-04-30,123.34813965318216,136.05522479983577
2024-05-01,122.23053396600334,133.61732703756928
2024-05-02,120.43488308297432,131.548963251899
2024-05-07,122.68412375508314,137.18179018681994
2024-05-08,123.52115949938569,137.1920550195032
2024-05-09,124.08230006924069,137.68220078012726
2024-05-10,124.83048779972918,137.40248408950936
2024-05-13,125.20925845225015,137.62317799219872
2024-05-14,125.52256206711971,138.6676247177171
2024-05-15,126.25204522315214,140.33052761239992
2024-05-16,125.67219987993307,139.84808047628823
2024-05-17,126.76642521084362,140.79501129131594
2024-05-20,127.22469090863784,141.00800656949292
2024-05-21,127.81856558782407,142.70940258673784
2024-05-22,128.02899329235132,143.6281051118867
2024-05-23,128.14122094729152,143.1944159310203
2024-05-24,127.38368080294416,142.48614247587764
2024-05-27,128.0102887718347,144.36973927324985
2024-05-28,128.07107957786954,144.42876206117842
2024-05-29,128.54337370158285,145.69646889755697
2024-05-30,127.82324287169686,145.44498049681792
2024-05-31,126.26140006639346,142.01396017244917
2024-06-03,127.71569023588418,141.20303839047423
2024-06-04,127.27612986764242,141.62133032231574
2024-06-05,126.48117970638602,140.91818928351466
2024-06-06,128.37970648219178,144.47495380825293
2024-06-07,128.37970648219178,144.44929172654486
2024-06-10,129.19336037251406,145.20632313693287
2024-06-11,129.876081393469,145.776021350852
2024-06-12,130.07248130251304,147.29008417162802
2024-06-13,130.88613540132798,149.56374461096286
2024-06-14,131.48468555168634,152.1864093615274
2024-06-17,131.76993237306274,153.47721207144323
2024-06-18,132.99041447608718,156.39499076165058
2024-06-19,133.52349857308968,156.01519195237117
2024-06-20,133.6918409943857,156.2102237733525
2024-06-21,134.11269622524398,155.22223362759186
2024-06-24,134.4727619920695,155.18630671320057
2024-06-25,133.84615388410458,152.337815643605
2024-06-26,134.58499000739099,154.82190515294602
2024-06-27,135.57166352368287,158.46848696366249
2024-06-28,136.02525241691723,160.04413878053788
2024-07-01,135.59036880292015,158.6301580784233
2024-07-02,136.30114707522193,162.70016423732295
2024-07-03,137.09142112596408,165.34335865325397
2024-07-04,137.59177191113278,167.98911927735577
2024-07-05,137.33458261924105,167.67347567234654
2024-07-08,137.8068762488686,169.52627797166906
2024-07-09,138.09212270201613,169.74697187435845
2024-07-10,138.75614005495,170.76319030999792
2024-07-11,140.23848716233246,172.31574625333607
2024-07-12,136.79682292725317,163.56754259905563
2024-07-16,137.47954440721384,163.4084376924656
2024-07-17,138.34931286929242,163.19544241428866
2024-07-18,134.11269858451436,155.18374050502976
2024-07-19,134.50082073421794,156.19995894066926
2024-07-22,133.64508078242778,154.41644426195853
2024-07-23,134.3465076337587,156.89026893861632
2024-07-24,133.38321496125803,156.2897762266475
2024-07-25,128.26280273557836,145.2987066310819
2024-07-26,128.2581262737906,145.19092588790804
2024-07-29,129.37573167386506,145.7785875590228
2024-07-30,129.74047291162933,147.12071443235476
2024-07-31,127.68763222310464,142.96345719564772
2024-08-01,127.29951034244667,145.14730034900433
2024-08-02,125.48983068737924,141.1542804352289
2024-08-05,119.88309689496228,133.37866967768426
2024-08-06,115.91302428156934,127.68168753849312
2024-08-07,118.71872917169104,131.19226031615685
2024-08-08,117.22702952683603,128.74923013754875
2024-08-09,121.14566419083144,134.61301580784232
2024-08-13,121.45896747319185,135.79860398275508
2024-08-14,123.28735246922888,139.81728597823854
2024-08-15,123.9046078595954,139.95329501129132
2024-08-16,127.50993829438902,145.17296243071237
2024-08-19,126.7523979256839,144.45955655922808
2024-08-20,126.68693157967925,145.48090741120922
2024-08-21,125.74702096438057,144.51088072264423
2024-08-22,126.02759148996694,145.11393964278383
2024-08-23,125.74234442021628,140.82837199753644
2024-08-26,124.75567190686661,140.1765551221515
2024-08-27,125.56932590392975,139.9763908848286
2024-08-28,125.22796569145993,139.0089304044344
2024-08-29,124.73696687445823,137.17152535413672
2024-08-30,124.99415703697798,137.3485937179224
2024-09-02,127.41173902495811,140.95924861424757
2024-09-03,128.21136490613964,141.84459043317594
2024-09-04,124.12906376298218,135.31102443030179
2024-09-05,122.4549934206708,134.13056867173066
2024-09-06,121.68342409992611,135.22890576883597
2024-09-09,119.284546125712,129.13416136316977
2024-09-10,121.2485399350717,131.6644426195853
2024-09-11,120.56114195016158,132.3829809074112
2024-09-12,122.41290683800219,136.4786491480189
2024-09-13,122.3334118963016,137.25621022377334
2024-09-17,122.49707809807529,136.2194621227674
2024-09-18,123.29202778627588,137.44097721207146
2024-09-19,124.6387663325098,138.7856702935742
2024-09-20,126.02758993161206,142.45278176965715
2024-09-24,126.95347304573494,143.65120098542394
2024-09-25,126.95347304573494,143.96427838226236
2024-09-26,127.82324144584909,144.9625333607062
2024-09-27,129.14659929923522,145.6708068158489
2024-09-30,126.4624744953696,141.92670909464175
2024-10-01,128.23006832313578,143.81030589201396
2024-10-02,126.8880060165624,141.28515705194005
2024-10-03,129.7124150246455,145.19605830424965
2024-10-04,129.1185410008208,145.62974748511598
2024-10-07,131.84475116669756,150.05132416341613
2024-10-08,130.1613283779559,147.210531718333
2024-10-09,131.69978972291844,150.62102237733527
2024-10-10,133.6263732668591,153.13590638472593
2024-10-11,132.7004908253941,153.48491069595565
2024-10-15,135.52490001516597,154.83986861014165
2024-10-16,134.15010425868513,152.30188872921372
2024-10-17,135.0292247709194,152.66629028946826
2024-10-18,135.48748965453146,153.52597002668858
2024-10-21,135.37526130222594,154.81677273660438
2024-10-22,136.34322961810477,157.13662492301376
2024-10-23,136.8201991382778,158.07842332169986
2024-10-24,136.8435803421085,155.95873537261343
2024-10-25,136.59106698861063,156.63878053787724
2024-10-28,137.68996807483674,158.6275918702525
2024-10-29,137.65255908741048,158.08612194621227
2024-10-30,138.2090236870981,161.1912338328885
2024-10-31,138.0874425910508,161.01416546910286
2024-11-01,133.9864374876418,154.4395401354958
2024-11-05,134.60369290718174,155.77140217614453
2024-11-06,136.5910666295899,158.98172859782386
2024-11-07,141.60392599303987,164.99692055019503
2024-11-08,141.32335480615578,167.14996920550195
2024-11-11,141.95931414248412,166.22100184766987
2024-11-12,142.7121783299211,167.1268733319647
2024-11-13,143.3341094403522,169.60839663313487
2024-11-14,144.1430871540335,170.58098952987066
2024-11-15,144.20855406135712,171.03520837610347
2024-11-18,140.10754831678918,163.7420447546705
2024-11-19,140.7996221613793,164.8763087661671
2024-11-20,141.70212380349795,168.34838842126874
2024-11-21,141.9593131582013,168.09946622870046
2024-11-22,142.11362719038368,167.41428864709505
2024-11-25,142.33808287430443,167.32190515294602
2024-11-26,142.78232003095513,166.33134879901456
2024-11-27,142.31937834254197,166.76760418805173
2024-11-28,140.84170754747456,163.12358858550607
2024-11-29,139.88776835283355,162.0149866557175
2024-12-02,140.13560611314657,162.73865735988505
2024-12-03,140.28991923853022,164.50164237322932
2024-12-04,140.1917191008616,166.05933073290907
2024-12-05,141.59457137063666,170.40905358242662
2024-12-06,141.05681076397383,170.28844179839868
2024-12-09,141.14098218409293,172.01806610552248
2024-12-10,141.98736936900536,172.34397454321496
2024-12-11,141.87981677645573,172.26185588174914
2024-12-12,143.46036361053814,177.96140422911105
2024-12-13,143.30137366256673,177.7817696571546
2024-12-16,144.13373252641708,181.30517347567235
2024-12-17,145.0222060044684,186.5556353931431
2024-12-18,143.9233045891357,183.74307123793884
2024-12-19,140.79026695619572,177.3352494354342
2024-12-20,143.46503846120163,181.41808663518785
2024-12-23,143.9560375127824,182.21617737630876
2024-12-24,145.611403823306,185.45216587969614
2024-12-25,147.0329613631837,188.04403613221103
2024-12-26,147.07972372621566,188.097926503798
2024-12-27,147.77647420584316,188.7856702935742
2024-12-30,146.2567173008744,185.67029357421475
2025-01-06,145.1297595667873,183.8482857729419
2025-01-07,146.42506008649204,187.7617532334223
2025-01-08,144.66681871423606,183.48645042085815
2025-01-09,145.16716916011387,183.4787517963457
2025-01-10,144.93803730031155,183.18877027304455
2025-01-14,142.3801693686553,177.36861014165467
2025-01-15,143.02080466932446,177.2941901047013
2025-01-16,144.13841071304392,180.3377129952782
2025-01-17,142.81505290214173,177.2916238965305
2025-01-20,144.94738875326038,180.74060767809485
2025-01-21,144.96609276430513,180.7585711352905
2025-01-22,145.76571848368837,182.0442414288647
2025-01-23,147.48187513602707,188.23906795319238
2025-01-24,148.13186315540156,189.13724081297474
2025-01-27,147.0002290439681,187.85413672757133
2025-01-28,144.53120878693872,180.39673578320674
2025-01-29,146.25204071811865,187.28700472182302
2025-01-30,144.75098874828987,184.3076370355163
2025-01-31,145.19990209467517,181.90566618764115
2025-02-03,145.61608131405404,183.94323547526176
2025-02-04,144.3348097830541,182.03397659618147
2025-02-05,144.09632537684956,183.26575651816876
2025-02-06,143.32007991300773,182.35475261753234
2025-02-07,142.59994953987442,182.03910901252308
2025-02-10,141.8377328455909,180.35054403613222
2025-02-12,144.18984924502925,184.36409361527407
2025-02-13,144.8865991088556,185.72418394580168
2025-02-14,144.8024272391033,186.41962636009032
2025-02-17,143.95603967559947,185.87045781153768
2025-02-18,143.7269077263686,185.57277766372408
2025-02-19,144.59199998397364,184.93379182919318
2025-02-20,143.9794215168415,183.41972900841716
2025-02-21,142.17441773981875,180.01693697392733
2025-02-25,139.4435315238723,171.7229521658797
2025-02-26,137.54968059491617,167.56826113734346
2025-02-27,137.9284511503704,170.5578936563334
2025-02-28,136.11409478754953,165.10470129336892
2025-03-03,139.0320284442891,169.0053377129953
2025-03-04,135.46878353889184,162.5359269143913
2025-03-05,134.38858661677293,163.4340997741737
2025-03-06,135.32849770379892,164.0397249024841
2025-03-07,131.8353958144985,156.0331554095668
2025-03-10,131.9289198442893,155.58920139601724
2025-03-11,127.84661953034191,147.50051324163417
2025-03-12,128.00560958638982,151.2805378772326
2025-03-13,128.82394048808297,155.28638883186204
2025-03-14,127.18260368000014,151.0598439745432
2025-03-17,130.20808831946783,156.45914596592075
2025-03-18,131.80266344393985,157.63190309997947
2025-03-19,130.55412449169472,154.63970437281873
2025-03-21,131.063827376829,155.85865325395196
2025-03-24,131.7512256961019,157.4625333607062
2025-03-25,135.07131047071468,161.98419215766785
2025-03-26,134.72059781307746,162.97474851159924
2025-03-27,133.49544061332946,158.58140012317799
2025-03-28,133.54687907650657,157.63190309997947
2025-03-31,129.53004536389307,150.757031410388
2025-04-01,130.56815614065928,150.50041059330732
2025-04-02,131.06383072613448,152.47382467665778
2025-04-03,130.08651002126092,151.7706836378567
2025-04-04,122.39887859909149,139.984089509341
2025-04-07,115.14145496256225,131.8132826934921
2025-04-08,116.21229927907781,135.41367275713407
2025-04-09,112.66775907217834,131.65161157873126
2025-04-10,124.36287301248161,151.1650585095463
2025-04-11,117.39069612109444,141.0285362348594
2025-04-14,119.19570016028023,143.68199548347363
2025-04-15,120.72948539884567,144.21320057483064
2025-04-16,119.79892667128844,144.47752001642374
2025-04-17,116.8529368896436,139.39642783822623
2025-04-18,116.95581304675189,137.92855676452473
2025-04-21,115.95978810389246,136.73783617327038
2025-04-22,112.9763885907301,133.2169985629234
2025-04-23,116.7547381676058,137.9901457606241
2025-04-24,119.33598694543667,143.60757544652023
2025-04-25,121.96399688978985,151.1342640114966
2025-04-28,123.32943993840959,154.290700061589
2025-04-30,123.2078593099295,153.46951344693082
2025-05-01,123.68950593770107,153.9493943748717
2025-05-02,127.10779036069042,160.5830424964073
2025-05-07,124.59200814889854,157.8731266680353
2025-05-08,125.68623372270602,158.41203038390475
2025-05-09,128.43582495395117,161.84305070827344
2025-05-12,128.38906275444367,161.1014165469103
2025-05-13,134.40262414139272,170.44498049681792
2025-05-14,134.76269011549377,173.7605214535003
2025-05-15,133.97241609574536,173.69893245740093
2025-05-16,133.5281796406618,171.70242250051325
2025-05-19,134.25298662313284,172.07452268528021
2025-05-20,134.74398470099015,172.73147197700678
2025-05-21,133.30839938150842,170.61948265243277
2025-05-22,130.2548571815355,168.26626975980292
2025-05-23,130.8159977113707,169.81625949497024
2025-05-26,128.88473759027818,167.07554916854855
2025-05-27,128.55272921739822,166.63672757134057
2025-05-28,132.7285537995495,173.14206528433587
2025-05-29,133.79004509941922,175.20529665366456
2025-05-30,132.30769822623347,172.54670498870868
2025-06-02,131.94763208704964,172.64165469102855
2025-06-03,131.9756894315366,173.58345308971462
2025-06-04,133.8087499328132,176.19072059125435
2025-06-05,132.54618275385965,175.13600903305274
2025-06-06,132.87819105973065,176.38061999589408
2025-06-09,135.2910968979823,178.9160336686512
2025-06-10,135.2583632170878,178.42588790802708
2025-06-11,136.24503645699838,178.9109012523096
2025-06-12,135.09937374463735,178.04352289057687
2025-06-13,134.63175563328875,177.5559433381236
2025-06-16,134.3839187659312,176.9990761650585
2025-06-17,136.29179816895245,180.20940258673784
2025-06-18,135.3939732226785,180.1580784233217
2025-06-19,134.9637656424621,178.9519605830425
2025-06-20,135.3565641859879,179.48059946622868
2025-06-23,136.04863823797396,179.20088277561075
2025-06-24,136.71733089977744,180.1580784233217
2025-06-25,137.59177631538572,181.86460685690824
2025-06-26,137.41408203994544,183.2554916854855
2025-06-27,138.2885261699924,185.74214740299732
2025-06-30,139.1910275152535,187.70529665366456
2025-07-01,138.7608200631402,187.40505029768016
2025-07-02,138.709382814751,184.08950934099775
2025-07-03,139.2611715137757,185.3187230548142
2025-07-04,141.42156488276177,189.611989324574
2025-07-07,141.20646126835942,189.31430917676042
2025-07-08,141.70213548522054,190.0251488400739
2025-07-09,142.3801802035173,190.18681995483473
2025-07-10,142.24924738980215,191.1029562718128
2025-07-11,143.41829153464082,189.69410798603982
2025-07-14,143.25462544870732,189.44261958530075
2025-07-15,144.18518457488202,190.91562307534386
2025-07-16,144.88193496785874,193.66659823444877
2025-07-17,144.8304975344871,192.68374050502976
2025-07-18,145.8732843582603,194.03869841921576
2025-07-22,144.8679067189362,193.79490864298913
2025-07-23,143.8952621445462,190.02771504824472
2025-07-24,145.13912444748135,190.40751385752412
2025-07-25,146.1491780937275,193.85906384725928
2025-07-28,147.07506090529506,194.20036953397658
2025-07-29,147.8045443828817,196.44580168343256
2025-07-30,147.13585149732097,195.38595770888932
2025-07-31,148.08043865083903,197.31318004516527
2025-08-01,148.90812093543843,199.56374461096286
2025-08-04,143.3995866429731,190.25867378361733
2025-08-05,144.92869658723137,193.06610552247997
2025-08-06,144.86790624544787,191.65469102853623
2025-08-07,145.9761602150162,195.40392116608498
2025-08-08,145.48516210132496,193.85136522274686
2025-08-12,147.48188921195242,197.03346335454734
2025-08-13,148.43115344222738,198.81184561691646
2025-08-14,147.79051716241307,196.38164647916238
2025-08-15,148.76783811754606,198.50903305276125
2025-08-18,148.28619182789183,198.24214740299732
2025-08-19,148.6369049830459,198.76565386984194
2025-08-20,147.65958463266327,194.85731882570315
2025-08-21,147.03765279836142,193.05584068979675
2025-08-22,147.48188883650195,193.20468076370355
2025-08-25,148.64158022335226,194.9189078218025
2025-08-26,147.72505029403186,194.76236912338328
2025-08-27,148.7070466568594,195.65540956682406
2025-08-28,148.91279772661383,196.37651406282077
2025-08-29,148.93150266313626,198.74255799630467
2025-09-01,148.4358288359728,195.83247793060974
2025-09-02,148.4966192453143,195.90689796756314
2025-09-03,148.85668493786318,196.19174707452268
2025-09-04,148.84265668387465,198.72459453910903
2025-09-05,150.2922710395565,201.02648326832272
2025-09-08,150.1052232907115,202.68425374666396
2025-09-09,149.3804162032166,203.1692670909464
2025-09-10,149.89011861514777,203.8441798398686
2025-09-11,150.36708845829656,205.06056251283104
2025-09-12,151.3210277931722,204.26247177171012
2025-09-16,152.30770142279482,208.3581400123178
2025-09-17,151.10124775059265,206.45144734140834
2025-09-18,151.36779035162468,205.88174912748923
2025-09-19,153.17746948285142,210.03130773968385
2025-09-22,154.14076123051234,212.21001847669885
2025-09-24,153.62170608973713,208.34017655512213
2025-09-25,154.06126694980583,208.56856908232396
2025-09-26,154.37457056411296,209.14083350441385
2025-09-29,154.6831977493304,209.22295216587972
2025-09-30,154.72996002684198,209.20242250051325
2025-10-01,154.55694098554,208.01426811742968
2025-10-02,154.07997053781156,206.64134674604804
2025-10-03,154.472769688303,207.54721823034282
2025-10-06,156.96984672595755,209.723362759187
2025-10-07,158.22773715028376,211.76606446314926
2025-10-08,159.58850360116307,213.48542393758981
2025-10-09,160.95862356878524,217.52463559843974
2025-10-10,160.89315686782112,218.67173065079038
2025-10-14,158.32593600324876,216.0003079449805
2025-10-15,157.25509220205336,211.3400739067953
2025-10-16,156.96984561775713,210.82169985629235
2025-10-17,155.37059444874512,209.16649558612193
2025-10-20,157.07739791588452,211.43245740094437
2025-10-21,158.25579412582346,214.61712174091562
2025-10-22,159.44354184212835,216.36727571340586
2025-10-23,159.20973383237106,213.87292137138166
2025-10-24,160.55647304988568,216.5623075343872
2025-10-27,162.20248677264,219.23116403202627
2025-10-28,163.6801579152382,222.49538082529256
2025-10-29,163.07693106125737,224.22757134058716
2025-10-30,164.4283463274234,227.60726750153975
2025-10-31,164.06828113463564,225.43882159720798
2025-11-04,165.15783069804297,227.54054608909874
2025-11-05,162.3147162667566,221.66392937795112
2025-11-06,163.38556001382474,223.0060562512831
2025-11-07,160.8136637995459,218.61784027920345
2025-11-10,161.7021367781255,219.3209813180045
2025-11-11,164.66215583866102,225.23609115171422
2025-11-12,164.95207814306775,224.75107780743176
2025-11-13,165.83119849113513,224.61506877437895
2025-11-14,162.84312260838703,219.5262779716691
2025-11-17,162.75895225517317,219.45699035105724
2025-11-18,161.89853681961335,218.8513652227469
2025-11-19,160.78093017313776,216.0670293574215
2025-11-20,163.16577924011224,219.98049681790187
2025-11-21,160.90250997958822,215.5127283925272
2025-11-25,164.2553272944636,222.51591049065902
2025-11-26,165.26538093604216,223.30373639909672
2025-11-27,165.90134030107595,222.98039416957502
2025-11-28,166.6635574189552,224.00431122972697
2025-12-01,166.7711087458288,224.86655717511806
2025-12-02,165.83119678320386,223.73742557996303
2025-12-03,166.2614043654587,225.27715048244713
2025-12-04,166.2567274321539,223.0419831656744
2025-12-05,166.20528926325366,222.7032436871279
2025-12-08,166.6448490676624,223.70406487374254
2025-12-09,166.99556148476776,224.62276739889137
2025-12-10,167.76245353181864,226.3498254978444
2025-12-11,167.76245353181864,224.49958940669265
2025-12-12,168.00093792526133,223.339663313488
2025-12-15,166.5185900495247,218.52032436871278
2025-12-16,165.32616541285316,211.9380004105933
2025-12-17,164.40963517682235,212.40761650585097
2025-12-18,163.57727522861995,209.55142681174297
2025-12-19,165.05494727285222,212.18435639499077
2025-12-22,168.4077645354877,217.1448367891603
2025-12-23,168.4825830530379,216.24409772120714
2025-12-24,168.6930110599678,217.5425990556354
2025-12-25,168.92681957329694,217.3142065284336
2025-12-26,169.5627800602127,218.13282693492098
2025-12-29,169.53939904847022,217.9352289057688
2025-12-30,169.03904759242243,216.5597413262164
2026-01-05,168.67430527787036,212.35885855060565
2026-01-06,169.16062703484752,212.87466639293783
2026-01-07,170.1052149013913,213.8164647916239
2026-01-08,169.7638545603358,215.72572367070416
2026-01-09,170.04910197459938,213.90114966126052
2026-01-13,172.70049396865917,217.27058098952986
2026-01-14,173.40659720829942,218.38174912748923
2026-01-15,171.83540164857834,213.69585300759599
2026-01-16,172.49474267647403,213.9601724491891
2026-01-19,171.03110063560015,211.7917265448573
2026-01-20,171.72317456370013,212.646273865736
2026-01-21,168.3048908299335,206.72603161568466
2026-01-22,170.25017895473275,206.86973927324982
2026-01-23,171.50339392702213,209.2486142475878
2026-01-26,167.51461601201774,206.44118250872512
2026-01-27,167.80453858338822,207.72941901047014
2026-01-28,166.4718282257774,207.43173886265654
2026-01-29,167.1826063318799,206.9723876000821
2026-01-30,167.38835796549253,205.88688154383084
2026-02-02,168.61351520453147,206.24871689591458
2026-02-03,169.8620544451071,206.76452473824676
2026-02-04,168.90343794084612,204.1341613631698
2026-02-05,168.88005663793194,200.1514062820776
2026-02-06,166.7711010674437,195.3038390474235
2026-02-09,170.15665114635144,198.8272428659413
2026-02-10,170.09586098116287,201.0649763908848
2026-02-12,166.52326277079666,194.48521864093615
2026-02-13,163.5445396076336,188.88061999589408
2026-02-16,163.79237663840044,188.34941490453704
2026-02-17,164.05891924875166,188.65479367686305
2026-02-18,164.24129042456696,189.1552042701704
2026-02-19,166.7290154751311,192.75559433381235
2026-02-20,166.68692973704486,192.94805994662286
2026-02-24,165.87795139469068,189.1218435639499
2026-02-25,168.1225156237518,191.3775405460891
2026-02-26,169.89011035994076,196.23024019708478
2026-02-27,168.56207596945487,194.63149250667215
2026-03-02,168.57142779342968,195.91459659207555
2026-03-03,169.6703280740723,199.37384520632313
2026-03-04,168.37970357632437,199.694621227674
2026-03-05,168.4077606863313,201.64750564565796
2026-03-06,168.4171123692822,204.51139396427837
2026-03-09,167.49590613221582,204.40874563744612
2026-03-10,167.90273358870223,205.59433381235888
2026-03-11,168.14589536456742,205.712379388216
2026-03-12,168.86602556085793,206.71576678300144
2026-03-13,166.47182447519327,204.55245329501128
2026-03-16,165.71896064315897,201.63724081297474
2026-03-17,167.3088600656214,202.97936768630672
2026-03-18,167.58007776631936,203.50544036132212
2026-03-19,165.99485402068885,202.1068569082324
2026-03-23,162.7916745619312,195.96848696366249
2026-03-24,163.46971979356584,197.88031205091357
2026-03-25,163.10965484995972,194.16957503592693
2026-03-26,164.8819244358285,195.89150071853828
2026-03-27,162.05283915587745,189.76852802299322
2026-03-30,159.65396125468266,186.0013344282488
2026-03-31,158.99462072895346,183.1348799014576
2026-04-01,162.48304697489567,190.49733114350235
2026-04-02,163.61468127834843,193.12512831040854
2026-04-03,164.8024289679141,195.31153767193595
2026-04-06,164.87724762264128,195.39109012523096
2026-04-07,165.68622608196415,196.7280845822213
2026-04-08,164.54523948408655,196.8461301580784
2026-04-09,168.96890167506743,202.1017244918908
2026-04-10,170.36707878389223,204.77314719770067
2026-04-13,170.8674298575726,207.24697187435845
2026-04-14,171.84007390661958,209.03048655306918
2026-04-15,173.56558195114255,215.2381441182509
2026-04-16,174.84685349104083,219.18753849312256
2026-04-17,175.8896401252614,220.64771094231165
2026-04-20,177.58709123963266,220.61948265243277
2026-04-21,177.25040742509327,218.24574009443646
2026-04-22,176.3058205063801,217.51693697392733
2026-04-23,178.29319436993237,224.2070416752207
2026-04-24,178.09679550167417,221.13272428659414
2026-04-27,179.1910204322685,224.6535618969411
2026-04-28,179.46223858506417,226.21381646479165
2026-04-30,179.52302962376248,225.0051324163416
2026-05-01,177.59176934228805,220.39109012523096
2026-05-07,180.49099759882554,228.70817080681584
2026-05-08,180.6920735947005,228.94169575035926
2026-05-11,182.118306849236,234.88503387394783
2026-05-12,182.99275154193873,235.74984602750976
2026-05-13,183.20317856679185,234.66433997125847
2026-05-14,184.31143138692775,238.03890371586945
2026-05-15,186.52793854341516,240.59741326216383
2026-05-18,184.7837251164926,237.05091357010878
2026-05-19,184.69955428186478,235.21094231164034
2026-05-20,183.53051138200652,233.4582221309793
2026-05-21,185.32616289353737,236.6685485526586
2026-05-22,185.94341762471709,238.44949702319852
2026-05-25,186.35024508757238,236.68651200985425
2026-05-26,186.47650110562412,236.84561691644427
2026-05-27,188.05237112687252,244.02586737836174
2026-05-28,188.4264655892789,246.48172859782386
2026-05-29,189.18400593021076,248.7168959145966
2026-06-01,189.69370926266805,253.6029562718128
2026-06-02,190.54477388314916,257.57801272839254
2026-06-03,191.0825331548977,256.9698213919113
2026-06-04,189.74047071576027,253.78515705194005
2026-06-05,190.53542067370392,248.23701498665574
2026-06-08,185.99485489921398,235.5856087045781
2026-06-09,186.38765371337854,239.15263806199957
2026-06-10,185.99485478031335,236.17327037569288
2026-06-11,183.2592926748153,230.41213303223157
2026-06-12,185.82651346292315,235.97567234654076
2026-06-15,186.84124329713418,233.98172859782386
2026-06-16,190.21276550624447,244.67255183740505
2026-06-17,189.30558756797083,239.90453705604597
2026-06-18,187.43044189393095,237.83873947854647
2026-06-19,189.68903494788538,245.47320878669677
2026-06-22,190.1940611376403,246.11219462122767
2026-06-23,189.67500632927076,239.69667419421063
2026-06-24,187.0142624112343,233.8097926503798
2026-06-25,187.02361499449748,232.17768425374666
2026-06-26,187.12181548402262,230.34541161979058
2026-06-29,185.93874341927938,231.4360500923835
2026-06-30,189.64227317009204,235.80373639909672
2026-07-01,191.6483527534081,237.86440156025455
2026-07-02,191.18073460565682,240.5101621843564
2026-07-03,189.38975921929307,238.30835557380414
2026-07-06,189.75450116877832,238.75744200369536
2026-07-07,192.01309396738495,242.2166906179429
2026-07-08,191.302315257184,242.68117429685896
2026-07-09,190.99368723197958,243.30989529870664
2026-07-10,192.03179713012844,245.3192362964484
2026-07-13,192.89688885429183,246.11219462122767
2026-07-14,191.65770187957187,244.2491274892219
2026-07-15,192.17675693411022,247.00266885649765
2026-07-16,192.98573460126215,249.79470334633547
2026-07-17,192.31236491637677,246.05830424964074
2026-07-21,190.15197204075014,242.65037979880927
2026-07-22,192.50408728322373,246.15068774378977
2026-07-23,192.16272748540786,243.44077191541777
2026-07-24,190.84404535733023,240.09956887702734
2026-07-27,190.6195898587046,237.85926914391294
2026-07-28,190.820664933067,239.23988913980702
2026-07-29,191.1292925519098,237.17409156230755
2026-07-30,188.0336650537999,232.90648737425582
2026-07-31,187.8980551745631,235.59074112091972
2026-08-03,183.44166008916304,232.2213097926504
2026-08-04,187.98690233177166,241.31851775816054
2026-08-05,191.5407947203538,252.1402176144529
2026-08-06,191.44727109651575,251.17275713405874
2026-08-07,192.15337266519205,252.34038185177582
2026-08-10,192.51811435411764,255.3993019913775
2026-08-12,193.60298665658252,255.69698213919114
2026-08-13,194.09866063919992,254.27017039622254
2026-08-14,195.42201754349156,259.27940874563745
2026-08-17,194.67850516444472,256.2795113939643
2026-08-18,194.24362063889805,254.73465407513856
2026-08-19,192.8314151286395,251.2009854239376
2026-08-20,192.09725579507685,251.19072059125438
2026-08-21,191.28827662174706,251.41141449394377
2026-08-24,191.6202842061828,251.90156025456787
2026-08-25,191.61560867124814,250.6364196263601
2026-08-26,192.08790282350103,252.032436871279
2026-08-27,192.20013018072567,252.8202627797167
2026-08-28,193.7058586745836,257.1494559638678
2026-08-31,194.04254270166302,259.9799835762677
2026-09-01,193.13536470815137,258.48645042085815
2026-09-02,192.4573185892095,256.76709094641757
2026-09-03,191.41453094904398,254.5627181276945
2026-09-04,189.71708028760503,254.43184151098336
2026-09-07,189.32428245589438,252.30445493738452
2026-09-08,186.64483457682363,248.7271607472798
2026-09-09,185.60672347270076,246.3842126873332
2026-09-10,184.75565910749415,246.63056867173063
