date,topix_start_100,nikkei_start_100
2023-09-11,100.0,100.0
2023-09-12,100.82437887315936,100.95393662201894
2023-09-13,100.76752515776906,100.73178699771317
2023-09-14,101.9102848371141,102.156158118262
2023-09-15,102.87679799874923,103.27997386475008
2023-09-19,102.96207857183465,102.38484155504737
2023-09-20,101.9273409517312,101.71185886965044
2023-09-21,100.97219853317414,100.31362299901994
2023-09-22,100.67087384160556,99.79745181313297
2023-09-25,101.05747910625959,100.64031362299902
2023-09-26,100.48325658081755,99.51649787651094
2023-09-27,100.80732275854227,99.69291081345966
2023-09-28,100.23878560463926,98.84351519111402
2023-09-29,99.3006993006993,98.80431231623652
2023-10-02,98.91977940758429,98.50375694217576
2023-10-03,97.24828017510944,96.87683763475988
2023-10-04,94.82631189948263,94.66187520418164
2023-10-05,96.7479674796748,96.36720026135251
2023-10-06,96.76502359429189,96.12544919960797
2023-10-10,98.81175734834271,98.4514864423391
2023-10-11,98.62414008755472,99.03952956550147
2023-10-12,100.11370743078061,100.78405749754981
2023-10-13,98.66962305986696,100.21561581182621
2023-10-16,97.16868497356302,98.18360013067625
2023-10-17,97.9589516174882,99.36622018948056
2023-10-18,98.10108590596396,99.37275400196015
2023-10-19,96.76502359429189,97.47141457040183
2023-10-20,96.39547444425493,96.93564194707612
2023-10-23,95.67911763033715,96.13198301208755
2023-10-24,95.7643982034226,96.3345311989546
2023-10-25,96.34430610040367,96.96831100947404
2023-10-26,95.05941213258286,94.89709245344659
2023-10-27,96.36136221502075,96.11238157464881
2023-10-30,95.36642219569049,95.19764782750735
2023-10-31,96.32156461424755,95.70075138843515
2023-11-01,98.76058900449144,98.00065338124796
2023-11-02,99.26090169992608,99.07219862789938
2023-11-06,100.89260333162773,101.43090493302842
2023-11-07,99.7157314230485,100.07840574975498
2023-11-08,98.56160100062539,99.75171512577589
2023-11-09,99.80669736767298,101.24142437112056
2023-11-10,99.8862925692194,100.99967330937602
2023-11-13,99.8862925692194,101.05847762169226
2023-11-14,100.25584171925634,101.40476968311009
2023-11-15,101.44976974245267,103.95295655014701
2023-11-16,101.25646711012564,103.65893498856582
2023-11-17,102.21729490022173,104.15550473701404
2023-11-20,101.42134288475752,103.54132636393336
2023-11-21,101.21666950935244,103.43678536426005
2023-11-22,101.6658138609358,103.74387455080038
2023-11-24,102.20592415714367,104.2796471741261
2023-11-27,101.81931889248963,103.73080692584122
2023-11-28,101.59758940246746,103.60666448872917
2023-11-29,101.0802205924157,103.33224436458674
2023-11-30,101.52936494399908,103.8484155504737
2023-12-01,101.84774575018479,103.67853642600457
2023-12-04,101.00062539086929,103.05129042796473
2023-12-05,100.14781966001478,101.63998693237504
2023-12-06,102.05241912558986,103.71773930088206
2023-12-07,100.88123258854966,101.90133943155833
2023-12-08,99.36323838762863,100.18948056190789
2023-12-11,100.81869350162034,101.69225743221169
2023-12-12,100.59127864005913,101.84906893172166
2023-12-13,100.67087384160556,102.10388761842535
2023-12-14,99.23247484223094,101.35903299575301
2023-12-15,99.6986753084314,102.24109768049657
2023-12-18,99.03917220990391,101.58771643253839
2023-12-19,99.76689976689977,103.01208755308721
2023-12-20,100.43208823696628,104.42992486115648
2023-12-21,99.43146284609699,102.7703364913427
2023-12-22,99.88060719768038,102.85527605357727
2023-12-25,99.92040479845357,103.11662855276053
2023-12-26,99.98294388538291,103.27997386475008
2023-12-27,101.1143328216499,104.44299248611564
2023-12-28,101.10864745011085,104.16203854949362
2023-12-29,101.29626471089885,103.93335511270827
2024-01-04,101.82500426402865,103.3845148644234
2024-01-05,102.45608050486099,103.65893498856582
2024-01-09,103.2861447495594,104.8546226723293
2024-01-10,104.63357780430951,106.95851029075465
2024-01-11,106.2766501790892,108.85331590983338
2024-01-12,106.76559213144579,110.48676902972885
2024-01-15,108.06185684234464,111.49297615158444
2024-01-16,107.18062425379497,110.6109114668409
2024-01-17,106.85655807607026,110.1731460307089
2024-01-18,106.67462618682131,110.14047696831102
2024-01-19,107.43646597305134,111.68245671349233
2024-01-22,108.93171868781626,113.4923227703365
2024-01-23,108.80664051395759,113.40084939562234
2024-01-24,108.25515947467169,112.49918327344007
2024-01-25,108.36886690545226,112.52531852335838
2024-01-26,106.9020410483825,111.01600784057497
2024-01-29,108.26653021774972,111.87193727540019
2024-01-30,108.15850815850816,111.99607971251224
2024-01-31,109.19893115015067,112.68213002286835
2024-02-01,108.46551822161578,111.82620058804314
2024-02-02,108.70430382625504,112.28356746161386
2024-02-05,109.4320313832509,112.89121202221497
2024-02-06,108.68156234009894,112.29010127409342
2024-02-07,109.14207743476037,112.16595883698137
2024-02-08,109.68787310250725,114.47239464227377
2024-02-09,109.48888509864119,114.58346945442666
2024-02-13,111.81988742964353,117.89611238157465
2024-02-14,110.63164477798624,117.07938582162691
2024-02-15,110.94434021263288,118.4906893172166
2024-02-16,112.35431235431234,119.54916693890884
2024-02-19,112.99675933822274,119.49036262659263
2024-02-20,112.6840639035761,119.16367200261352
2024-02-21,112.46233441355393,118.83698137863443
2024-02-22,113.88936266985048,121.437438745508
2024-02-26,114.44652908067543,121.85560274420124
2024-02-27,114.65120245608051,121.8686703691604
2024-02-28,114.52043891068283,121.83600130676248
2024-02-29,114.554551139917,121.70532505717087
2024-03-01,115.99863551083062,124.01829467494284
2024-03-04,115.86787196543294,124.63247304802351
2024-03-05,116.44777986241401,124.59980398562563
2024-03-06,116.90829495707544,124.57366873570727
2024-03-07,116.3909261470237,123.04475661548513
2024-03-08,116.74341918244357,123.33224436458674
2024-03-11,114.17363124680197,120.62724599803987
2024-03-12,113.75859912445279,120.55537406076446
2024-03-13,113.38904997441584,120.23521724926493
2024-03-14,113.94621638524079,120.58804312316236
2024-03-15,114.33850702143384,120.27442012414244
2024-03-18,116.5387458070385,123.48905586409671
2024-03-19,117.77247143100801,124.29924861156485
2024-03-21,119.7168684973563,126.82783404116303
2024-03-22,120.43891068281312,127.05651747794838
2024-03-25,118.91523111035308,125.57334204508331
2024-03-26,119.05168002728979,125.52760535772623
2024-03-27,119.83057592813691,126.65142110421431
2024-03-28,118.8470066518847,125.63214635739955
2024-03-29,119.6202171811928,126.25939235543939
2024-04-01,117.57348342714195,124.4887291734727
2024-04-02,117.28352947865145,124.59980398562563
2024-04-03,116.93672181477059,123.39104867690298
2024-04-04,118.03968389334243,124.39072198627899
2024-04-05,116.76616066859968,121.94707611891538
2024-04-08,117.88049349024958,123.05782424044429
2024-04-09,119.01756779805561,124.38418817379942
2024-04-10,118.50019898800386,123.78307742567789
2024-04-11,118.68213087725283,123.35184580202548
2024-04-12,119.22792654499972,123.60666448872917
2024-04-15,118.94934333958724,122.6984645540673
2024-04-16,116.5216896924214,120.31362299901993
2024-04-17,115.05486383535164,118.71937275400195
2024-04-18,115.67456933310592,119.09180006533813
2024-04-19,113.46864517596225,115.92943482522051
2024-04-22,115.02643697765649,117.07938582162691
2024-04-23,115.18562738074934,117.43221169552433
2024-04-24,117.11296833248053,120.27442012414244
2024-04-25,115.07191994996873,117.66742894478928
2024-04-26,116.07254534083802,118.62136556680822
2024-04-30,118.53999658877707,120.11107481215288
2024-05-01,117.94303257717891,119.69291081345965
2024-05-02,117.89754960486667,119.57530218882717
2024-05-07,118.67076013417477,121.45050637046717
2024-05-08,116.95377792938768,119.47076118915388
2024-05-09,117.2778441071124,119.07219862789937
2024-05-10,117.9202910910228,119.5687683763476
2024-05-13,117.76110068792995,119.4250245017968
2024-05-14,118.05674000795952,119.98039856256126
2024-05-15,118.06242537949856,120.0718719372754
2024-05-16,118.35237932798907,121.74452793204836
2024-05-17,118.70487236340894,121.32636393335513
2024-05-20,119.67138552504406,122.20842861809867
2024-05-21,119.31889248962419,121.82946749428292
2024-05-22,118.34669395645005,120.79712512250897
2024-05-23,119.10284837114105,122.31296961777196
2024-05-24,118.57410881801125,120.88206468474354
2024-05-27,119.6031610665757,121.67918980725254
2024-05-28,119.6941270112002,121.54197974518131
2024-05-29,118.52862584569901,120.60111074812153
2024-05-30,117.86912274717152,119.02646194054232
2024-05-31,119.87037352891012,120.38549493629533
2024-06-03,120.97333560748196,121.75106174452792
2024-06-04,120.51282051282051,121.4766416203855
2024-06-05,118.81857979418955,120.3920287487749
2024-06-06,119.20518505884358,121.05847762169226
2024-06-07,119.1085337426801,120.99967330937602
2024-06-10,120.29677639433739,122.10388761842535
2024-06-11,120.05230541815908,122.40444299248611
2024-06-12,119.17107282960941,121.60078405749755
2024-06-13,118.10222298027175,121.11074812152891
2024-06-14,118.74466996418217,121.40476968311009
2024-06-17,116.72636306782648,119.1702058150931
2024-06-18,117.40860765251009,120.35282587389742
2024-06-19,117.96577406333503,120.63377981051944
2024-06-20,117.82932514639832,120.82979418490689
2024-06-21,117.79521291716412,120.71871937275401
2024-06-24,118.46040138723066,121.3655668082326
2024-06-25,120.49576439820342,122.515517804639
2024-06-26,121.17232361134799,124.05749754982031
2024-06-27,120.90511114901359,123.16236524011761
2024-06-28,121.59872647677525,123.9137536752695
2024-07-01,122.2298027176076,124.06403136229991
2024-07-02,123.62840411620898,125.45573342045084
2024-07-03,124.30496332935357,127.03691604050964
2024-07-04,125.43635226562056,128.07579222476315
2024-07-05,124.8223321394053,128.06925841228355
2024-07-08,124.10597532548752,127.65762822606992
2024-07-09,125.3112740917619,130.16007840574974
2024-07-10,125.90823810336005,130.95066971577916
2024-07-11,126.7667292057536,132.17249264946096
2024-07-12,125.26579111944966,128.93825547206794
2024-07-16,125.69787935641594,129.19960797125123
2024-07-17,126.15839445107737,128.64423391048675
2024-07-18,124.14577292626072,125.60601110748122
2024-07-19,123.80465063391892,125.40346292061417
2024-07-22,122.36056626300528,123.94642273766743
2024-07-23,122.6107226107226,123.93335511270827
2024-07-24,120.87099891977941,122.55472067951649
2024-07-25,117.26078799249531,118.52989219209408
2024-07-26,116.82301438398999,117.9157138190134
2024-07-29,119.41554380578772,120.41816399869323
2024-07-30,119.20518505884358,120.60111074812153
2024-07-31,120.92785263516971,122.40444299248611
2024-08-01,117.00494627323896,119.34661875204182
2024-08-02,109.81863664790494,112.42077752368506
2024-08-05,96.37273295809882,98.49068931721659
2024-08-06,105.33287850361022,108.48742241097679
2024-08-07,107.72073455000285,109.83338778177065
2024-08-08,106.53249189834555,109.02319503430252
2024-08-09,107.47057820228551,109.6373734073832
2024-08-13,110.51225197566662,113.4139170205815
2024-08-14,111.73460685655807,114.0672982685397
2024-08-15,112.5533003581784,114.95589676576283
2024-08-16,115.92472568082324,119.14407056517477
2024-08-19,114.29302404912161,117.02058150931067
2024-08-20,115.57223264540337,119.13753675269521
2024-08-21,115.33344704076411,118.79124469127736
2024-08-22,115.61203024617659,119.60143743874552
2024-08-23,116.18625277161863,120.07840574975499
2024-08-26,115.17425663767126,119.28128062724599
2024-08-27,116.01569162544772,119.83665468801046
2024-08-28,116.51600432088236,120.09800718719373
2024-08-29,116.57285803627266,120.15027768703037
2024-08-30,117.42566376712718,121.0454099967331
2024-09-02,117.56779805560294,121.20875530872264
2024-09-03,118.3182670987549,121.16301862136555
2024-09-04,113.99738472909205,116.03397582489383
2024-09-05,113.4402183182671,114.80561907873243
2024-09-06,112.42822218431974,113.97582489382555
2024-09-09,111.67206776962874,113.42698464554066
2024-09-10,111.529933481153,113.24403789611237
2024-09-11,109.55142418557054,111.56484808885985
2024-09-12,112.21786343737563,115.35445932701731
2024-09-13,111.29114787651373,114.5638680169879
2024-09-17,110.63164477798624,113.38124795818361
2024-09-18,111.04667690033543,113.93662201894806
2024-09-19,113.27534254363523,116.3606664488729
2024-09-20,114.37830462220705,118.14439725579875
2024-09-24,115.00369549150038,118.82391375367527
2024-09-25,114.73079765762692,118.5952303168899
2024-09-26,117.7895275456251,121.90133943155831
2024-09-27,119.76803684120758,125.55374060764457
2024-09-30,115.61203024617659,119.50996406403137
2024-10-01,117.579168798681,121.81639986932376
2024-10-02,115.86787196543294,119.15060437765436
2024-10-03,117.26078799249531,121.50277687030382
2024-10-04,117.7099323440787,121.75759555700752
2024-10-07,119.6941270112002,123.9594903626266
2024-10-08,117.93734720563988,122.70499836654687
2024-10-09,118.28415486952073,123.7765436131983
2024-10-10,118.52294047415998,124.0967004246978
2024-10-11,118.2443572687475,124.80888598497224
2024-10-15,118.99482631189949,125.7628226069912
2024-10-16,117.56211268406392,123.46292061417839
2024-10-17,117.43703451020524,122.62005880431232
2024-10-18,117.48251748251748,122.83567461613852
2024-10-21,117.0902268463244,122.75073505390395
2024-10-22,115.84513047927683,121.03887618425351
2024-10-23,115.2197396099835,120.06533812479583
2024-10-24,115.15151515151516,120.18948056190789
2024-10-25,114.40104610836319,119.47076118915388
2024-10-28,116.1237136846893,121.64652074485463
2024-10-29,117.1811927909489,122.58738974191441
2024-10-30,118.14202058104497,123.77000980071873
2024-10-31,117.77247143100801,123.14276380267886
2024-11-01,115.53812041616919,119.90852662528586
2024-11-05,116.42503837625789,121.24795818360012
2024-11-06,118.67644550571379,124.41685723619733
2024-11-07,119.86468815737108,124.08363279973864
2024-11-08,119.83057592813691,124.46912773603398
2024-11-11,119.72255386889535,124.57366873570727
2024-11-12,119.80783444198077,124.07709898725908
2024-11-13,118.35806469952811,122.01894805619078
2024-11-14,118.05105463642049,121.437438745508
2024-11-15,118.51156973108192,121.77719699444627
2024-11-18,117.64739325714935,120.44429924861157
2024-11-19,118.44334527261357,121.05194380921267
2024-11-20,117.93166183410086,120.8624632473048
2024-11-21,117.25510262095628,119.83012087553087
2024-11-22,117.85206663255443,120.64031362299903
2024-11-25,118.68213087725283,122.20189480561908
2024-11-26,117.55074194098584,121.13688337144724
2024-11-27,116.48757746318721,120.16334531198956
2024-11-28,117.44840525328331,120.84286180986605
2024-11-29,117.16413667633181,120.3985625612545
2024-12-02,118.64233327647962,121.35903299575301
2024-12-03,120.34225936664961,123.672002613525
2024-12-04,119.7737222127466,123.76347598823914
2024-12-05,119.84763204275399,124.13590329957532
2024-12-06,119.1881289442265,123.17543286507677
2024-12-09,119.51219512195121,123.39758248938256
2024-12-10,119.80783444198077,124.05096373734075
2024-12-11,120.15464210586163,124.06403136229991
2024-12-12,121.18937972596508,125.56680823260373
2024-12-13,120.03524930354199,124.37112054884025
2024-12-16,119.67138552504406,124.32538386148317
2024-12-17,119.22792654499972,124.03789611238159
2024-12-18,118.86406276650179,123.14276380267886
2024-12-19,118.6025356757064,122.29990199281279
2024-12-20,118.07948149411564,121.94707611891538
2024-12-23,119.15970208653135,123.39104867690298
2024-12-24,119.1881289442265,122.99901992812808
2024-12-25,119.47239752117802,123.29304148970925
2024-12-26,120.91079652055261,124.671675922901
2024-12-27,122.59366649610553,127.06305129042796
2024-12-30,121.85456819603162,125.8346945442666
2025-01-06,120.60378645744498,123.97909180006535
2025-01-07,121.92847802603902,126.42273766742895
2025-01-08,121.20075046904316,126.10258085592943
2025-01-09,119.71118312581727,124.91342698464554
2025-01-10,118.75604070726023,123.60666448872917
2025-01-14,117.37449542327592,121.34596537079385
2025-01-15,117.7326738302348,121.24795818360012
2025-01-16,117.62465177099324,121.65958836981379
2025-01-17,117.23236113480016,121.27409343351844
2025-01-20,118.62527716186253,122.69193074158771
2025-01-21,118.72192847802603,123.08395949036262
2025-01-22,119.75666609812951,125.03756942175758
2025-01-23,120.39342771050087,126.01764129369488
2025-01-24,120.3593154812667,125.93270173146031
2025-01-27,120.66632554437433,124.77621692257432
2025-01-28,120.62084257206209,123.05129042796472
2025-01-29,121.43385070214339,124.30578242404442
2025-01-30,121.71811927909488,124.61287161058479
2025-01-31,122.01375859912444,124.80888598497224
2025-02-03,119.02893854113366,121.48970924534466
2025-02-04,119.79646369890273,122.35870630512903
2025-02-05,120.12052987662744,122.45671349232276
2025-02-06,120.41616919665701,123.2015681149951
2025-02-07,119.76235146966854,122.31950343025156
2025-02-10,119.57473420888054,122.36524011760864
2025-02-12,119.5861049519586,122.874877491016
2025-02-13,121.00176246517711,124.44299248611566
2025-02-14,120.72317925976463,123.4563868016988
2025-02-17,121.05861618056738,123.53479255145376
2025-02-18,121.4395360736824,123.84188173799413
2025-02-19,121.0756722951845,123.50865730153544
2025-02-20,119.64864403888795,121.97321136883372
2025-02-21,119.72823924043436,122.28030055537407
2025-02-25,119.21087043038263,120.58150931068279
2025-02-26,118.8470066518847,120.28095393662201
2025-02-27,119.75098072659047,120.71871937275401
2025-02-28,117.37449542327592,117.24273113361647
2025-03-03,119.4553414065609,119.22901012740934
2025-03-04,118.6025356757064,117.79157138190135
2025-03-05,118.9607140826653,118.06599150604377
2025-03-06,120.41048382511796,118.96765762822608
2025-03-07,118.53431121723806,116.38026788631166
2025-03-10,118.19318892489625,116.83110094740282
2025-03-11,116.87418272784127,116.08624632473048
2025-03-12,117.93166183410086,116.17118588696505
2025-03-13,118.08516686565467,116.0797125122509
2025-03-14,118.8470066518847,116.90950669715778
2025-03-17,120.26266416510319,117.99411956876837
2025-03-18,121.82045596679743,119.40542306435806
2025-03-19,122.36056626300528,119.11140150277689
2025-03-21,122.71874466996418,118.87618425351192
2025-03-24,122.13315140144407,118.65403462920614
2025-03-25,122.42879072147366,119.20287487749101
2025-03-26,123.09397919154017,119.97386475008167
2025-03-27,123.19631587924272,119.25514537732766
2025-03-28,121.9455341406561,118.07252531852338
2025-03-31,117.60759565637615,113.30284220842861
2025-04-01,117.74404457331286,113.31590983338778
2025-04-02,117.23236113480016,113.64260045736687
2025-04-03,113.61077946443801,110.49983665468801
2025-04-04,109.78452441867077,107.44854622672328
2025-04-07,101.2280402524305,99.01339431558314
2025-04-08,107.58428563306612,105.01143417183927
2025-04-09,103.93427710500882,100.88859849722314
2025-04-10,112.33725623969526,110.08167265599478
2025-04-11,109.12502132014328,106.81476641620387
2025-04-14,110.09153448177838,108.10846128716105
2025-04-15,111.18881118881119,109.00359359686378
2025-04-16,110.50656660412758,107.88631166285528
2025-04-17,111.93928023196315,109.34335184580202
2025-04-18,113.21848882824493,110.47370140476968
2025-04-21,111.87105577349479,109.0297288467821
2025-04-22,112.01887543350959,108.84678209735381
2025-04-23,114.3271362783558,110.90493302842208
2025-04-24,114.69100005685371,111.44723946422737
2025-04-25,116.26584797316504,113.57072852009146
2025-04-28,117.2778441071124,114.00196014374389
2025-04-30,118.01694240718632,114.65534139170205
2025-05-01,118.57410881801125,115.968637700098
2025-05-02,118.94365796804823,117.16432538386148
2025-05-07,119.30752174654613,117.00098007187194
2025-05-08,119.4325999204048,117.48448219536098
2025-05-09,120.96765023594291,119.30741587716433
2025-05-12,121.359940872136,119.76478275073505
2025-05-13,122.69600318380807,121.4766416203855
2025-05-14,122.30939791915401,121.30676249591636
2025-05-15,121.23486269827733,120.11760862463248
2025-05-16,121.30877252828472,120.11760862463248
2025-05-19,121.21212121212122,119.29434825220515
2025-05-20,121.23486269827733,119.39888925187847
2025-05-21,120.97333560748196,118.6671022541653
2025-05-22,120.27972027972027,117.67396275726887
2025-05-23,121.08704303826255,118.22933681803332
2025-05-26,121.81477059525841,119.40542306435806
2025-05-27,122.59935186764454,120.01960143743875
2025-05-28,122.59366649610553,120.00653381247959
2025-05-29,124.47552447552448,122.2672329304149
2025-05-30,124.01500938086305,120.77752368507024
2025-06-02,122.94047415998635,119.20287487749101
2025-06-03,122.66757632611291,119.13100294021561
2025-06-04,123.28728182386719,120.08493956223457
2025-06-05,122.01375859912444,119.46422737667429
2025-06-06,122.58798112456648,120.06533812479583
2025-06-09,123.29865256694525,121.16955243384515
2025-06-10,123.33276479617943,121.55504737014047
2025-06-11,123.440786855421,122.22149624305783
2025-06-12,123.18494513616464,121.43090493302842
2025-06-13,122.01375859912444,120.35282587389742
2025-06-16,122.9291034169083,121.87520418164
2025-06-17,123.35550628233555,122.58738974191441
2025-06-18,124.30496332935357,123.69160405096373
2025-06-19,123.58292114389675,122.43057824240444
2025-06-20,122.66189095457388,122.15615811826201
2025-06-23,122.21843197452952,122.00588043123162
2025-06-24,123.11103530615726,123.39104867690298
2025-06-25,123.15083290693048,123.86801698791245
2025-06-26,124.1400875547217,125.91310029402156
2025-06-27,125.89118198874296,127.86671022541654
2025-06-30,126.43129228495083,128.93825547206794
2025-07-01,125.51026209562795,127.34400522704999
2025-07-02,125.24304963329354,126.63181966677557
2025-07-03,125.3681278071522,126.69715779157139
2025-07-04,125.32264483483995,126.77556354132638
2025-07-07,124.60628802092218,126.06337798105194
2025-07-08,124.82801751094435,126.39660241751062
2025-07-09,125.33401557791801,126.80823260372426
2025-07-10,124.63471487861733,126.25285854295983
2025-07-11,125.11228608789584,126.0045736687357
2025-07-14,125.09522997327875,125.65828160731786
2025-07-15,125.20325203252031,126.35086573015354
2025-07-16,124.94172494172496,126.30512904279647
2025-07-17,125.84569901643073,127.06305129042796
2025-07-18,125.61259878333048,126.8016987912447
2025-07-22,125.68650861333788,126.6579549166939
2025-07-23,129.68332480527602,131.1074812152891
2025-07-24,131.94610267781,133.1917673962757
2025-07-25,130.80334299846496,132.00914733747143
2025-07-28,129.87094206606403,130.5455733420451
2025-07-29,128.89305816135084,129.52629859523032
2025-07-30,129.41042697140256,129.4609604704345
2025-07-31,130.42810847688898,130.78732440378963
2025-08-01,130.67257945306724,129.9248611564848
2025-08-04,129.23418045369266,128.3044756615485
2025-08-05,130.13815452839845,129.12773603397582
2025-08-06,131.46284609699245,129.91179353152563
2025-08-07,132.40661777247144,130.74812152891212
2025-08-08,134.01557791801696,133.17216595883698
2025-08-12,135.8803797828188,136.02744201241424
2025-08-13,137.01745409062482,137.8046390068605
2025-08-14,135.51083063278185,135.81182620058806
2025-08-15,137.7110694183865,138.12479581836
2025-08-18,138.2966626869066,139.19634106501144
2025-08-19,138.1090454261186,138.66056844168574
2025-08-20,137.32446415373246,136.56321463573994
2025-08-21,136.60810733981467,135.67461613851683
2025-08-22,137.40405935527886,135.74648807579223
2025-08-25,137.60873273068395,136.30186213655668
2025-08-26,136.1248507589971,134.98856582816072
2025-08-27,136.02251407129455,135.3871283894152
2025-08-28,136.94922963215646,136.45867363606666
2025-08-29,136.295411905168,136.09931394968964
2025-09-01,135.7666723520382,134.41359032995751
2025-09-02,136.59105122519756,134.79908526625286
2025-09-03,135.12991073966685,133.61646520744856
2025-09-04,136.51714139519018,135.65501470107807
2025-09-05,137.63147421684008,137.0532505717086
2025-09-08,139.08692933083177,139.04606337798106
2025-09-09,138.376257888453,138.45802025481868
2025-09-10,139.20632213315142,139.66024175106176
2025-09-11,139.50764682471998,141.35903299575304
2025-09-12,140.06481323554493,142.62005880431232
2025-09-16,140.41730627096481,143.0447566154851
2025-09-17,139.4166808800955,142.69193074158773
2025-09-18,140.0022741486156,144.32538386148317
2025-09-19,139.50196145318097,143.50212348905586
2025-09-22,140.1898914094036,144.93302842208428
2025-09-24,140.50827221558927,145.36426004573667
2025-09-25,141.16777531411677,145.7562887945116
2025-09-26,141.23599977258513,144.48219536099313
2025-09-29,140.08186935016204,144.44952629859523
2025-09-30,140.3433964409574,144.09016661221824
2025-10-01,138.42174086076525,142.86180986605686
2025-10-02,138.10336005457958,144.109768049657
2025-10-03,139.96816191938143,146.77556354132636
2025-10-06,144.3061004036614,153.75367526951976
2025-10-07,144.37432486212973,153.76020908199934
2025-10-08,144.7268178975496,153.07415877164325
2025-10-09,145.71607254534084,155.79222476314928
2025-10-10,142.99846494968446,154.19144070565173
2025-10-14,140.17283529478652,150.22541653054557
2025-10-15,142.40150093808631,152.88467820973537
2025-10-16,143.28273352663595,154.8186867036916
2025-10-17,141.79885155494912,152.5841228356746
2025-10-20,145.29535505145262,157.7327670695851
2025-10-21,145.33515265222582,158.1313296308396
2025-10-22,146.0856216953778,158.11826200588044
2025-10-23,145.5227699130138,155.98170532505716
2025-10-24,146.22207061231452,158.0855929434825
2025-10-27,148.71226334640969,161.97321136883372
2025-10-28,146.96685428392746,161.03887618425352
2025-10-29,146.62004662004662,164.5279320483502
2025-10-30,147.64341349707203,164.593270173146
2025-10-31,149.02495878105634,168.06925841228357
2025-11-04,148.05844561942124,165.1486442339105
2025-11-05,146.18795838308034,161.03887618425352
2025-11-06,148.20626527943602,163.17543286507677
2025-11-07,147.54676218090853,161.22835674616138
2025-11-10,148.38251179714595,163.26690623979093
2025-11-11,148.57581442947296,163.0578242404443
2025-11-12,150.2586844050259,163.75040836327997
2025-11-13,151.2649951674342,164.4560601110748
2025-11-14,150.27574051964297,161.5485135576609
2025-11-17,149.7356302234351,161.37863443319176
2025-11-18,145.42043322531126,156.17118588696505
2025-11-19,145.175962249133,155.65501470107807
2025-11-20,147.60361589629883,159.77785037569421
2025-11-21,147.51264995167435,155.93596863770009
2025-11-25,147.1999545170277,156.03397582489382
2025-11-26,150.09949400193304,158.92845475334857
2025-11-27,150.67940189891408,160.8689970597844
2025-11-28,151.12286087895842,161.14341718392683
2025-12-01,149.32059810108592,158.0986605684417
2025-12-02,149.44567627494456,158.0921267559621
2025-12-03,149.13866621183695,159.8954590003267
2025-12-04,151.99840809596907,163.62626592616792
2025-12-05,150.4008186935016,161.9013394315583
2025-12-08,151.3787025982148,162.18882718065993
2025-12-09,151.40712945590994,162.43057824240444
2025-12-10,151.5890613451589,162.25416530545573
2025-12-11,150.16771846040137,160.797125122509
2025-12-12,153.14116777531413,162.99901992812806
2025-12-15,153.48229006765592,160.85592943482524
2025-12-16,150.75899710046053,158.34041163018622
2025-12-17,150.70782875660925,158.75857562887944
2025-12-18,150.1506623457843,157.11858869650442
2025-12-19,151.3445903689806,158.73244037896112
2025-12-22,152.3054181590767,161.60078405749755
2025-12-23,153.11274091761896,161.63345311989545
2025-12-24,152.39638410370117,161.41130349558966
2025-12-25,152.8739553129797,161.6203854949363
2025-12-26,153.1013701745409,162.71806599150605
2025-12-29,153.44817783842174,162.18229336818032
2025-12-30,152.66359656603558,161.5811826200588
2026-01-05,155.72232645403378,166.3704671675923
2026-01-06,158.45699016430723,168.57236197321137
2026-01-07,157.2403206549548,166.78209735380594
2026-01-08,156.0293365171414,164.0705651747795
2026-01-09,157.36539882881345,166.71675922901014
2026-01-13,161.15754164534653,171.87847108787977
2026-01-14,163.1758485417022,174.40705651747794
2026-01-15,164.2901813633521,173.6687357072852
2026-01-16,163.83535164022967,173.11336164652073
2026-01-19,163.7273295809881,171.9764782750735
2026-01-20,162.3457842970038,170.0686050310356
2026-01-21,160.74250952299732,169.3825547206795
2026-01-22,161.93643754619364,172.31623652401174
2026-01-23,162.52203081471376,172.81280627246
2026-01-26,159.07101029052248,169.72884678209738
2026-01-27,159.57132298595712,171.16628552760537
2026-01-28,158.30348513275342,171.26429271479907
2026-01-29,158.7526294843368,171.31002940215615
2026-01-30,159.70208653135484,171.14668409016662
2026-02-02,158.34328273352665,169.00359359686377
2026-02-03,163.2497583717096,175.6158118262006
2026-02-04,163.69321735175393,174.25024501796798
2026-02-05,163.54539769173914,172.72133289774584
2026-02-06,165.6319290465632,174.11956876837635
2026-02-09,169.41838649155721,180.8624632473048
2026-02-10,172.62493603957017,185.01143417183928
2026-02-12,173.82454943430554,184.97223129696178
2026-02-13,170.99323440786856,182.7376674289448
2026-02-16,169.58894763772813,182.2999019928128
2026-02-17,168.429131843766,181.52891212022215
2026-02-18,170.47586559781683,183.3779810519438
2026-02-19,172.48280175109443,184.41685723619733
2026-02-20,170.5270339416681,182.35870630512906
2026-02-24,170.86247086247087,183.94642273766743
2026-02-25,172.0791403718233,187.99738647500817
2026-02-26,173.7790664619933,188.63770009800717
2026-02-27,176.39433736994712,188.9513230970271
2026-03-02,174.58638922053555,186.39660241751062
2026-03-03,168.93512991073968,180.69258412283565
2026-03-04,162.73238956165784,174.171839268213
2026-03-05,165.81386093581216,177.4779483828814
2026-03-06,166.45630791972255,178.5886965044103
2026-03-09,160.12848939678207,169.29108134596538
2026-03-10,164.09687873102507,174.19144070565176
2026-03-11,165.64898516118026,176.67428944789285
2026-03-12,163.44874637557564,174.82522051617119
2026-03-13,162.5163454431747,172.78667102254167
2026-03-16,161.6976519415544,172.57105521071546
2026-03-17,162.42537949855023,172.40770989872593
2026-03-18,166.47904940587867,177.34727213328978
2026-03-19,161.6407982261641,171.34923227703365
2026-03-23,156.12598783330492,165.38386148317542
2026-03-24,159.41781795440332,167.77523685070238
2026-03-25,163.4999147194269,172.56452139823588
2026-03-26,163.136050940929,172.08755308722638
2026-03-27,163.43169026095856,171.34269846455408
2026-03-30,160.15691625447724,167.70336491342698
2026-03-31,158.13860935812156,165.0375694217576
2026-04-01,165.97305133890498,173.71447239464229
2026-04-02,163.28387060094377,169.55243384514864
2026-04-03,164.8018648018648,171.68899052597192
2026-04-06,164.7791233157087,172.62985952303168
2026-04-07,165.1998408095969,172.68213002286834
2026-04-08,170.6805389732219,181.9797451813133
2026-04-09,169.15117402922283,180.65991506043778
2026-04-10,169.07157882767638,183.97255798758576
2026-04-13,168.30973904144633,182.61352499183275
2026-04-14,169.7765648985161,187.05651747794838
2026-04-15,170.45312411166069,187.88631166285526
2026-04-16,172.43163340724317,192.35543939888927
2026-04-17,170.0210358746944,188.9970597843842
2026-04-20,170.74876343169026,190.11434171839267
2026-04-21,170.44175336858262,191.80659915060437
2026-04-22,169.2989936892376,192.57758902319503
2026-04-23,168.00272897833875,191.12708265272786
2026-04-24,168.01409972141678,192.98921920940867
2026-04-27,168.86122008073227,195.63541326363932
2026-04-28,170.54409005628517,193.65566808232603
2026-04-30,168.5257831599295,191.6171185886965
2026-05-01,168.58832224685884,192.35543939888927
2026-05-07,173.6483029165956,203.10356092780134
2026-05-08,173.14799022116097,202.71153217902645
2026-05-11,173.67672977429075,201.7575955570075
2026-05-12,175.12649951674342,202.80953936622018
2026-05-13,177.2414577292626,204.53446586082978
2026-05-14,175.43350957985103,202.53511924207777
2026-05-15,174.75695036670646,198.54295981705326
2026-05-18,173.07408039115356,196.5828160731787
2026-05-19,174.1770424697254,195.7530218882718
2026-05-20,171.49923247484222,193.32244364586737
2026-05-21,174.31349138666212,199.39235543939887
2026-05-22,176.0645858206834,204.750081672656
2026-05-25,178.32736369321736,210.63051290427964
2026-05-26,178.13974643242935,210.1078079059131
2026-05-27,177.21303087156747,210.1143417183927
2026-05-28,176.49098868611063,209.11466840901664
2026-05-29,178.99255216328388,214.41359032995754
2026-06-01,178.2420831201319,216.3672002613525
2026-06-02,177.49729944851896,215.7138190133943
2026-06-03,180.7550173403832,221.10421430904933
2026-06-04,178.74808118710556,218.0921267559621
2026-06-05,178.62300301324692,215.23685070238483
2026-06-08,174.23958155665474,206.93890885331592
2026-06-09,176.2180908522372,211.44070565174778
2026-06-10,174.0292228097106,207.4485462267233
2026-06-11,173.24464153732447,207.56615485135575
2026-06-12,175.5756438683268,213.38778177066317
2026-06-15,180.8914662573199,224.04442992486116
2026-06-16,180.51054636420488,224.3253838614832
2026-06-17,181.51117175507417,225.9392355439399
2026-06-18,183.99567911763032,229.65697484482197
2026-06-19,182.94957075444879,230.29728846782098
2026-06-22,185.21234862698276,233.86475008167267
2026-06-23,180.47643413497073,225.56027442012416
2026-06-24,179.27113536869635,223.58706305129044
2026-06-25,181.65330604354995,233.890885331591
2026-06-26,179.2597646256183,224.1751061744528
2026-06-29,180.27176075956564,224.67167592290102
2026-06-30,180.84598328500766,226.58608297941848
2026-07-01,181.6078230712377,227.91898072525322
2026-07-02,181.7613281027915,222.28683436785363
2026-07-03,184.0070498607084,225.56027442012416
2026-07-06,185.70129057933934,225.5341391702058
2026-07-07,183.89902780146684,220.74485462267234
2026-07-08,181.36903746659846,216.08624632473047
2026-07-09,182.0057990789698,219.08526625285853
2026-07-10,182.71647052134855,221.71839268213
2026-07-13,181.42020581044972,217.45834694544266
2026-07-14,182.84154869520722,219.07873244037893
2026-07-15,185.064528966968,222.33910486769028
2026-07-16,182.3810336005458,216.13851682456712
2026-07-17,177.41201887543352,207.42894478928454
2026-07-21,181.74995735971348,214.19797451813133
2026-07-22,182.5686508613338,213.812479581836
2026-07-23,183.50673716527376,214.80561907873246
2026-07-24,181.57939621354257,208.9447892845475
2026-07-27,184.05821820455967,209.9901992812806
2026-07-28,179.42464040025015,201.67918980725253
2026-07-29,179.89652623798966,198.69977131656321
2026-07-30,178.9243277048155,200.07840574975498
2026-07-31,181.22121780658367,208.12806272459977
2026-08-03,179.26544999715733,206.187520418164
2026-08-04,179.34504519870373,206.84090166612216
2026-08-05,183.17130024447096,214.4201241424371
2026-08-06,183.60338848143726,212.4207775236851
2026-08-07,184.46756495536982,212.17249264946093
2026-08-10,185.633066120871,216.58934988565827
2026-08-12,187.36710444027517,218.37308069258415
2026-08-13,189.03860367275,220.90819993466187
2026-08-14,189.9994314628461,222.21496243057825
2026-08-17,189.40246745124793,223.85494936295328
2026-08-18,187.41827278412643,218.16399869323752
2026-08-19,181.62487918585478,211.2642927147991
2026-08-20,183.77394962760815,214.13917020581508
2026-08-21,184.11507191994997,213.49232277033647
2026-08-24,184.38228438228438,211.9046063377981
2026-08-25,185.30331457160725,212.96961777196995
2026-08-26,186.09358121553242,214.28291408036588
2026-08-27,186.3721644209449,213.85821626919306
2026-08-28,187.7537097049292,214.85788957856911
2026-08-31,188.18011257035647,214.55080039202875
2026-09-01,189.3342429927796,214.23717739300884
2026-09-02,184.79731650463359,208.12152891212023
2026-09-03,185.7240320654955,207.76216922574324
2026-09-04,185.77520040934675,210.36916040509638
2026-09-07,186.79288191483315,214.8317543286508
2026-09-08,183.3816589914151,211.17281934008494
2026-09-09,183.21109784524418,210.7611891538713
2026-09-10,183.56927625220308,211.17281934008494
2026-09-11,182.3810336005458,207.10225416530545
